country,state,city,station,last_update,latitude,longitude,pollutant_type,pollutant_min,pollutant_max,pollutant_avg
India,Bihar,Aurangabad,"Gurdeo Nagar, Aurangabad - BSPCB",25-03-2025 10:00,24.75746,84.366208,NO2,2,3,2
India,Bihar,Aurangabad,"Gurdeo Nagar, Aurangabad - BSPCB",25-03-2025 10:00,24.75746,84.366208,SO2,12,15,13
India,Bihar,Aurangabad,"Gurdeo Nagar, Aurangabad - BSPCB",25-03-2025 10:00,24.75746,84.366208,CO,22,31,25
India,Bihar,Begusarai,"Lohiyanagar, Begusarai - BSPCB",25-03-2025 10:00,25.42742023,86.13886079,PM2.5,48,287,143
India,Bihar,Begusarai,"Lohiyanagar, Begusarai - BSPCB",25-03-2025 10:00,25.42742023,86.13886079,NH3,9,13,10
India,Bihar,Bettiah,"Kamalnath Nagar, Bettiah - BSPCB",25-03-2025 10:00,26.80365,84.51954,PM10,62,214,137
India,Bihar,Bettiah,"Kamalnath Nagar, Bettiah - BSPCB",25-03-2025 10:00,26.80365,84.51954,SO2,11,18,15
India,Bihar,Bettiah,"Kamalnath Nagar, Bettiah - BSPCB",25-03-2025 10:00,26.80365,84.51954,CO,41,110,86
India,Bihar,Bettiah,"Kamalnath Nagar, Bettiah - BSPCB",25-03-2025 10:00,26.80365,84.51954,OZONE,22,27,23
India,Bihar,Bhagalpur,"DM Office_Kachari Chowk, Bhagalpur - BSPCB",25-03-2025 10:00,25.251013,86.989001,PM2.5,22,48,35
India,Bihar,Bhagalpur,"DM Office_Kachari Chowk, Bhagalpur - BSPCB",25-03-2025 10:00,25.251013,86.989001,CO,10,20,18
India,Assam,Nalbari,"Bata Chowk, Nalbari - PCBA",25-03-2025 10:00,26.446912,91.439057,SO2,2,7,4
India,Assam,Silchar,"Tarapur, Silchar - PCBA",25-03-2025 10:00,24.82827,92.79525,PM10,49,54,51
India,Assam,Sivasagar,"Girls College, Sivasagar - PCBA",25-03-2025 10:00,26.987634,94.636574,NO2,44,64,54
India,Assam,Sivasagar,"Girls College, Sivasagar - PCBA",25-03-2025 10:00,26.987634,94.636574,CO,8,44,21
India,Bihar,Araria,"Kharahiya Basti, Araria - BSPCB",25-03-2025 10:00,26.146529,87.454184,CO,26,84,34
India,Bihar,Aurangabad,"Gurdeo Nagar, Aurangabad - BSPCB",25-03-2025 10:00,24.75746,84.366208,PM2.5,32,399,182
India,Bihar,Bihar Sharif,"D M Colony, Bihar Sharif - BSPCB",25-03-2025 10:00,25.204762,85.51496,SO2,8,10,9
India,Bihar,Buxar,"Charitra Van, Buxar - BSPCB",25-03-2025 10:00,25.56752,83.966379,PM2.5,5,263,88
India,Bihar,Buxar,"Charitra Van, Buxar - BSPCB",25-03-2025 10:00,25.56752,83.966379,PM10,44,187,95
India,Bihar,Buxar,"Charitra Van, Buxar - BSPCB",25-03-2025 10:00,25.56752,83.966379,NH3,4,4,4
India,Bihar,Buxar,"Charitra Van, Buxar - BSPCB",25-03-2025 10:00,25.56752,83.966379,CO,26,94,43
India,Bihar,Buxar,"Charitra Van, Buxar - BSPCB",25-03-2025 10:00,25.56752,83.966379,OZONE,4,161,40
India,Bihar,Chhapra,"Darshan Nagar, Chhapra - BSPCB",25-03-2025 10:00,25.7808257,84.7446768,PM2.5,32,220,94
India,Bihar,Chhapra,"Darshan Nagar, Chhapra - BSPCB",25-03-2025 10:00,25.7808257,84.7446768,OZONE,6,112,33
India,Andhra_Pradesh,Amaravati,"Secretariat, Amaravati - APPCB",25-03-2025 10:00,16.5150833,80.5181667,NH3,4,5,4
India,Andhra_Pradesh,Anantapur,"Gulzarpet, Anantapur - APPCB",25-03-2025 10:00,14.675886,77.593027,PM10,25,167,60
India,Andhra_Pradesh,Vijayawada,"Rajiv Nagar, Vijayawada - APPCB",25-03-2025 10:00,16.554731,80.64911,OZONE,15,48,20
India,Arunachal_Pradesh,Naharlagun,"Naharlagun, Naharlagun - APSPCB",25-03-2025 10:00,27.103358,93.679645,PM2.5,2,301,75
India,Andhra_Pradesh,Vijayawada,"HB Colony, Vijayawada - APPCB",25-03-2025 10:00,16.536107,80.594233,NH3,2,3,3
India,Andhra_Pradesh,Vijayawada,"Kanuru, Vijayawada - APPCB",25-03-2025 10:00,16.486692,80.699436,PM2.5,52,95,71
India,Assam,Guwahati,"LGBI Airport, Guwahati - PCBA",25-03-2025 10:00,26.10887,91.589544,PM2.5,0,0,0
India,Assam,Guwahati,"LGBI Airport, Guwahati - PCBA",25-03-2025 10:00,26.10887,91.589544,PM10,70,288,169
India,Assam,Guwahati,"LGBI Airport, Guwahati - PCBA",25-03-2025 10:00,26.10887,91.589544,NH3,11,22,17
India,Assam,Guwahati,"LGBI Airport, Guwahati - PCBA",25-03-2025 10:00,26.10887,91.589544,SO2,9,15,13
India,Andhra_Pradesh,Vijayawada,"Rajiv Nagar, Vijayawada - APPCB",25-03-2025 10:00,16.554731,80.64911,NO2,14,17,15
India,Bihar,Bhagalpur,"Mayaganj, Bhagalpur - BSPCB",25-03-2025 10:00,25.265194,87.012947,PM2.5,40,302,117
India,Bihar,Hajipur,"Industrial Area, Hajipur - BSPCB",25-03-2025 10:00,25.697189,85.2459,PM2.5,124,331,248
India,Bihar,Hajipur,"Industrial Area, Hajipur - BSPCB",25-03-2025 10:00,25.697189,85.2459,CO,23,62,56
India,Bihar,Katihar,"Mirchaibari, Katihar - BSPCB",25-03-2025 10:00,25.560083,87.553265,PM2.5,28,153,72
India,Bihar,Katihar,"Mirchaibari, Katihar - BSPCB",25-03-2025 10:00,25.560083,87.553265,NH3,1,1,1
India,Bihar,Kishanganj,"SDM Office_Khagra, Kishanganj - BSPCB",25-03-2025 10:00,26.0881305,87.93840336,SO2,1,68,31
India,Bihar,Kishanganj,"SDM Office_Khagra, Kishanganj - BSPCB",25-03-2025 10:00,26.0881305,87.93840336,OZONE,19,22,19
India,Bihar,Manguraha,"Forest Rest House, Manguraha - BSPCB",25-03-2025 10:00,27.308328,84.531742,PM2.5,27,180,48
India,Bihar,Manguraha,"Forest Rest House, Manguraha - BSPCB",25-03-2025 10:00,27.308328,84.531742,PM10,25,122,52
India,Bihar,Manguraha,"Forest Rest House, Manguraha - BSPCB",25-03-2025 10:00,27.308328,84.531742,SO2,6,7,6
India,Bihar,Manguraha,"Forest Rest House, Manguraha - BSPCB",25-03-2025 10:00,27.308328,84.531742,OZONE,9,15,10
India,Bihar,Saharsa,"Police Line, Saharsa - BSPCB",25-03-2025 10:00,25.892357,86.590325,OZONE,24,42,30
India,Bihar,Samastipur,"DM Office_Kasipur, Samastipur - BSPCB",25-03-2025 10:00,25.859655,85.77944,PM2.5,111,492,286
India,Bihar,Samastipur,"DM Office_Kasipur, Samastipur - BSPCB",25-03-2025 10:00,25.859655,85.77944,PM10,105,500,252
India,Bihar,Samastipur,"DM Office_Kasipur, Samastipur - BSPCB",25-03-2025 10:00,25.859655,85.77944,NH3,2,2,2
India,Bihar,Samastipur,"DM Office_Kasipur, Samastipur - BSPCB",25-03-2025 10:00,25.859655,85.77944,CO,13,97,26
India,Bihar,Sasaram,"Dada Peer, Sasaram - BSPCB",25-03-2025 10:00,24.952822,84.002396,CO,48,58,51
India,Bihar,Siwan,"Chitragupta Nagar, Siwan - BSPCB",25-03-2025 10:00,26.2271665,84.3570427,PM2.5,65,459,281
India,Bihar,Motihari,"Gandak Colony, Motihari - BSPCB",25-03-2025 10:00,26.63086,84.90051,OZONE,11,13,12
India,Bihar,Munger,"Town Hall, Munger - BSPCB",25-03-2025 10:00,25.376776,86.471523,NO2,45,46,45
India,Bihar,Munger,"Town Hall, Munger - BSPCB",25-03-2025 10:00,25.376776,86.471523,OZONE,3,13,7
India,Bihar,Muzaffarpur,"Buddha Colony, Muzaffarpur - BSPCB",25-03-2025 10:00,26.11442,85.39813,NO2,3,29,11
India,Bihar,Muzaffarpur,"Buddha Colony, Muzaffarpur - BSPCB",25-03-2025 10:00,26.11442,85.39813,NH3,9,11,10
India,Bihar,Muzaffarpur,"Buddha Colony, Muzaffarpur - BSPCB",25-03-2025 10:00,26.11442,85.39813,CO,16,68,40
India,Bihar,Muzaffarpur,"MIT-Daudpur Kothi, Muzaffarpur - BSPCB",25-03-2025 10:00,26.1403345,85.3650192,CO,37,109,89
India,Bihar,Muzaffarpur,"Muzaffarpur Collectorate, Muzaffarpur - BSPCB",25-03-2025 10:00,26.1209,85.3647,SO2,5,8,7
India,Bihar,Patna,"DRM Office Danapur, Patna - BSPCB",25-03-2025 10:00,25.586562,85.043586,PM2.5,10,419,80
India,Bihar,Patna,"DRM Office Danapur, Patna - BSPCB",25-03-2025 10:00,25.586562,85.043586,OZONE,1,41,10
India,Bihar,Patna,"Govt. High School Shikarpur, Patna - BSPCB",25-03-2025 10:00,25.592539,85.227158,SO2,3,12,7
India,Bihar,Patna,"Muradpur, Patna - BSPCB",25-03-2025 10:00,25.619651,85.147382,PM2.5,136,316,230
India,Bihar,Patna,"Muradpur, Patna - BSPCB",25-03-2025 10:00,25.619651,85.147382,SO2,6,8,7
India,Bihar,Siwan,"Chitragupta Nagar, Siwan - BSPCB",25-03-2025 10:00,26.2271665,84.3570427,NH3,1,2,2
India,Bihar,Siwan,"Chitragupta Nagar, Siwan - BSPCB",25-03-2025 10:00,26.2271665,84.3570427,CO,73,113,90
India,Chandigarh,Chandigarh,"Sector 22, Chandigarh - CPCC",25-03-2025 10:00,30.735567,76.775714,PM10,61,149,96
India,Chandigarh,Chandigarh,"Sector 22, Chandigarh - CPCC",25-03-2025 10:00,30.735567,76.775714,SO2,17,53,28
India,Chandigarh,Chandigarh,"Sector 22, Chandigarh - CPCC",25-03-2025 10:00,30.735567,76.775714,CO,30,60,34
India,Chandigarh,Chandigarh,"Sector-53, Chandigarh - CPCC",25-03-2025 10:00,30.719859,76.738637,SO2,11,54,20
India,Chandigarh,Chandigarh,"Sector-53, Chandigarh - CPCC",25-03-2025 10:00,30.719859,76.738637,CO,30,112,59
India,Chandigarh,Chandigarh,"Sector-53, Chandigarh - CPCC",25-03-2025 10:00,30.719859,76.738637,OZONE,2,140,11
India,Chhattisgarh,Bhilai,"32Bungalows, Bhilai - CECB",25-03-2025 10:00,21.194815,81.31477,SO2,14,107,33
India,Bihar,Purnia,"Mariam Nagar, Purnia - BSPCB",25-03-2025 10:00,25.366336,87.117468,SO2,16,18,17
India,Bihar,Rajgir,"Dangi Tola, Rajgir - BSPCB",25-03-2025 10:00,25.0328,85.41948,PM10,0,0,0
India,Bihar,Gaya,"Kareemganj, Gaya - BSPCB",25-03-2025 10:00,24.792403,84.992416,OZONE,2,29,5
India,Bihar,Gaya,"SFTI Kusdihra, Gaya - BSPCB",25-03-2025 10:00,24.762518,84.982348,NO2,17,25,22
India,Bihar,Patna,"Rajbansi Nagar, Patna - BSPCB",25-03-2025 10:00,25.599486,85.113666,PM2.5,58,155,102
India,Bihar,Purnia,"Mariam Nagar, Purnia - BSPCB",25-03-2025 10:00,25.366336,87.117468,PM2.5,13,347,179
India,Delhi,Delhi,"Jawaharlal Nehru Stadium, Delhi - DPCC",25-03-2025 10:00,28.58028,77.233829,PM10,66,251,157
India,Delhi,Delhi,"Jawaharlal Nehru Stadium, Delhi - DPCC",25-03-2025 10:00,28.58028,77.233829,SO2,4,24,16
India,Delhi,Delhi,"Jawaharlal Nehru Stadium, Delhi - DPCC",25-03-2025 10:00,28.58028,77.233829,OZONE,2,89,26
India,Delhi,Delhi,"Lodhi Road, Delhi - IMD",25-03-2025 10:00,28.5918245,77.2273074,PM2.5,54,306,160
India,Delhi,Delhi,"Lodhi Road, Delhi - IMD",25-03-2025 10:00,28.5918245,77.2273074,PM10,78,236,146
India,Delhi,Delhi,"Major Dhyan Chand National Stadium, Delhi - DPCC",25-03-2025 10:00,28.611281,77.237738,PM10,67,374,175
India,Delhi,Delhi,"Major Dhyan Chand National Stadium, Delhi - DPCC",25-03-2025 10:00,28.611281,77.237738,NO2,19,156,98
India,Chhattisgarh,Bhilai,"Civic Center, Bhilai - Bhilai Steel Plant",25-03-2025 10:00,21.185571,81.343175,OZONE,7,19,10
India,Chhattisgarh,Bilaspur,"Mangala, Bilaspur - NTPC",25-03-2025 10:00,22.08815,82.13737,PM10,32,219,72
India,Chhattisgarh,Korba,"Rampur, Korba - CECB",25-03-2025 10:00,22.368195,82.746431,PM2.5,57,122,86
India,Chhattisgarh,Korba,"Rampur, Korba - CECB",25-03-2025 10:00,22.368195,82.746431,NO2,26,78,40
India,Chhattisgarh,Korba,"Urja Nagar, Korba - CECB",25-03-2025 10:00,22.348441,82.549611,PM10,71,430,117
India,Chhattisgarh,Korba,"Urja Nagar, Korba - CECB",25-03-2025 10:00,22.348441,82.549611,CO,22,100,58
India,Delhi,Delhi,"Mundka, Delhi - DPCC",25-03-2025 10:00,28.684678,77.076574,NH3,6,8,7
India,Delhi,Delhi,"Mundka, Delhi - DPCC",25-03-2025 10:00,28.684678,77.076574,OZONE,8,111,21
India,Delhi,Delhi,"NSIT Dwarka, Delhi - CPCB",25-03-2025 10:00,28.60909,77.0325413,NH3,6,9,8
India,Delhi,Delhi,"NSIT Dwarka, Delhi - CPCB",25-03-2025 10:00,28.60909,77.0325413,SO2,2,25,12
India,Delhi,Delhi,"NSIT Dwarka, Delhi - CPCB",25-03-2025 10:00,28.60909,77.0325413,OZONE,18,61,22
India,Delhi,Delhi,"Najafgarh, Delhi - DPCC",25-03-2025 10:00,28.570173,76.933762,SO2,9,20,14
India,Delhi,Delhi,"Narela, Delhi - DPCC",25-03-2025 10:00,28.822836,77.101981,CO,3,111,73
India,Chhattisgarh,Kunjemura,"OP Jindal School, Kunjemura - CECB",25-03-2025 10:00,22.12665,83.483212,CO,0,0,0
India,Chhattisgarh,Milupara,"Govt. Higher Secondary School, Milupara - CECB",25-03-2025 10:00,22.1910172,83.5197009,SO2,0,0,0
India,Chhattisgarh,Milupara,"Govt. Higher Secondary School, Milupara - CECB",25-03-2025 10:00,22.1910172,83.5197009,CO,0,0,0
India,Chhattisgarh,Raipur,"AIIMS, Raipur - CECB",25-03-2025 10:00,21.258815,81.578979,PM2.5,19,41,31
India,Chhattisgarh,Raipur,"AIIMS, Raipur - CECB",25-03-2025 10:00,21.258815,81.578979,PM10,35,157,96
India,Chhattisgarh,Raipur,"AIIMS, Raipur - CECB",25-03-2025 10:00,21.258815,81.578979,NH3,6,7,6
India,Delhi,Delhi,"Chandni Chowk, Delhi - IITM",25-03-2025 10:00,28.656756,77.227234,PM2.5,60,372,234
India,Delhi,Delhi,"Chandni Chowk, Delhi - IITM",25-03-2025 10:00,28.656756,77.227234,SO2,10,29,19
India,Delhi,Delhi,"DTU, Delhi - CPCB",25-03-2025 10:00,28.7500499,77.1112615,PM2.5,29,314,131
India,Delhi,Delhi,"DTU, Delhi - CPCB",25-03-2025 10:00,28.7500499,77.1112615,PM10,87,467,238
India,Delhi,Delhi,"DTU, Delhi - CPCB",25-03-2025 10:00,28.7500499,77.1112615,NH3,11,22,14
India,Delhi,Delhi,"DTU, Delhi - CPCB",25-03-2025 10:00,28.7500499,77.1112615,SO2,64,70,66
India,Delhi,Delhi,"DTU, Delhi - CPCB",25-03-2025 10:00,28.7500499,77.1112615,OZONE,25,40,27
India,Delhi,Delhi,"Dwarka-Sector 8, Delhi - DPCC ",25-03-2025 10:00,28.5710274,77.0719006,PM10,77,384,207
India,Delhi,Delhi,"Dwarka-Sector 8, Delhi - DPCC ",25-03-2025 10:00,28.5710274,77.0719006,NO2,34,71,51
India,Delhi,Delhi,"Dwarka-Sector 8, Delhi - DPCC ",25-03-2025 10:00,28.5710274,77.0719006,NH3,9,17,13
India,Delhi,Delhi,"IGI Airport (T3), Delhi - IMD",25-03-2025 10:00,28.5627763,77.1180053,OZONE,5,149,22
India,Delhi,Delhi,"ITO, Delhi - CPCB",25-03-2025 10:00,28.628624,77.24106,PM10,48,302,143
India,Delhi,Delhi,"Ashok Vihar, Delhi - DPCC",25-03-2025 10:00,28.695381,77.181665,PM2.5,50,374,220
India,Delhi,Delhi,"Bawana, Delhi - DPCC",25-03-2025 10:00,28.7762,77.051074,NH3,5,8,6
India,Delhi,Delhi,"Bawana, Delhi - DPCC",25-03-2025 10:00,28.7762,77.051074,CO,21,90,72
India,Delhi,Delhi,"CRRI Mathura Road, Delhi - IMD",25-03-2025 10:00,28.5512005,77.2735737,PM10,71,417,242
India,Chhattisgarh,Raipur,"Siltara Phase-II, Raipur - CECB",25-03-2025 10:00,21.371751,81.664929,SO2,10,64,24
India,Chhattisgarh,Raipur,"Siltara Phase-II, Raipur - CECB",25-03-2025 10:00,21.371751,81.664929,CO,10,31,24
India,Delhi,Delhi,"Alipur, Delhi - DPCC",25-03-2025 10:00,28.815329,77.15301,PM2.5,48,413,216
India,Delhi,Delhi,"Alipur, Delhi - DPCC",25-03-2025 10:00,28.815329,77.15301,NH3,10,13,12
India,Delhi,Delhi,"Major Dhyan Chand National Stadium, Delhi - DPCC",25-03-2025 10:00,28.611281,77.237738,CO,20,103,69
India,Delhi,Delhi,"Mandir Marg, Delhi - DPCC",25-03-2025 10:00,28.636429,77.201067,NH3,8,12,10
India,Delhi,Delhi,"Pusa, Delhi - IMD",25-03-2025 10:00,28.63611,77.173332,OZONE,12,146,22
India,Delhi,Delhi,"R K Puram, Delhi - DPCC",25-03-2025 10:00,28.563262,77.186937,PM10,85,406,213
India,Delhi,Delhi,"R K Puram, Delhi - DPCC",25-03-2025 10:00,28.563262,77.186937,SO2,28,72,46
India,Delhi,Delhi,"Rohini, Delhi - DPCC",25-03-2025 10:00,28.732528,77.11992,SO2,9,53,20
India,Delhi,Delhi,"Rohini, Delhi - DPCC",25-03-2025 10:00,28.732528,77.11992,CO,9,106,82
India,Delhi,Delhi,"Shadipur, Delhi - CPCB",25-03-2025 10:00,28.6514781,77.1473105,NH3,9,12,10
India,Gujarat,Ahmedabad,"Maninagar, Ahmedabad - GPCB",25-03-2025 10:00,23.002657,72.591912,OZONE,4,34,18
India,Gujarat,Ahmedabad,"Raikhad, Ahmedabad - IITM",25-03-2025 10:00,23.020509,72.579261,PM10,51,109,76
India,Gujarat,Ahmedabad,"Raikhad, Ahmedabad - IITM",25-03-2025 10:00,23.020509,72.579261,NO2,11,113,55
India,Gujarat,Ahmedabad,"Rakhial, Ahmedabad - IITM",25-03-2025 10:00,23.016834,72.625775,NO2,0,0,0
India,Gujarat,Ahmedabad,"Sardar Vallabhbhai Patel Stadium, Ahmedabad - IITM",25-03-2025 10:00,23.04307,72.562968,NH3,0,0,0
India,Gujarat,Ahmedabad,"Chandkheda, Ahmedabad - IITM",25-03-2025 10:00,23.107969,72.574648,NH3,0,0,0
India,Gujarat,Ahmedabad,"Chandkheda, Ahmedabad - IITM",25-03-2025 10:00,23.107969,72.574648,CO,0,0,0
India,Gujarat,Ahmedabad,"Gyaspur, Ahmedabad - IITM",25-03-2025 10:00,22.977134,72.553024,PM10,0,0,0
India,Gujarat,Ahmedabad,"Gyaspur, Ahmedabad - IITM",25-03-2025 10:00,22.977134,72.553024,NO2,0,0,0
India,Gujarat,Ahmedabad,"Maninagar, Ahmedabad - GPCB",25-03-2025 10:00,23.002657,72.591912,SO2,0,0,0
India,Delhi,Delhi,"Nehru Nagar, Delhi - DPCC",25-03-2025 10:00,28.56789,77.250515,CO,22,118,58
India,Delhi,Delhi,"Patparganj, Delhi - DPCC",25-03-2025 10:00,28.623763,77.287209,NH3,6,9,7
India,Delhi,Delhi,"Punjabi Bagh, Delhi - DPCC",25-03-2025 10:00,28.674045,77.131023,NO2,45,106,78
India,Gujarat,Gandhinagar,"IIPHG Lekawada, Gandhinagar - IITM",25-03-2025 10:00,23.243639,72.68994,PM10,0,0,0
India,Gujarat,Gandhinagar,"IIPHG Lekawada, Gandhinagar - IITM",25-03-2025 10:00,23.243639,72.68994,CO,0,0,0
India,Gujarat,Gandhinagar,"IIPHG Lekawada, Gandhinagar - IITM",25-03-2025 10:00,23.243639,72.68994,OZONE,0,0,0
India,Gujarat,Gandhinagar,"Sector-10, Gandhinagar - GPCB",25-03-2025 10:00,23.221714,72.654328,NH3,0,0,0
India,Delhi,Delhi,"Vivek Vihar, Delhi - DPCC",25-03-2025 10:00,28.672342,77.31526,PM10,91,396,228
India,Delhi,Delhi,"Vivek Vihar, Delhi - DPCC",25-03-2025 10:00,28.672342,77.31526,CO,26,90,73
India,Delhi,Delhi,"Wazirpur, Delhi - DPCC",25-03-2025 10:00,28.699793,77.165453,PM2.5,67,416,239
India,Delhi,Delhi,"Sonia Vihar, Delhi - DPCC",25-03-2025 10:00,28.710508,77.249485,NO2,20,85,54
India,Delhi,Delhi,"Sri Aurobindo Marg, Delhi - DPCC",25-03-2025 10:00,28.531346,77.190156,NH3,5,8,6
India,Delhi,Delhi,"Nehru Nagar, Delhi - DPCC",25-03-2025 10:00,28.56789,77.250515,NO2,34,123,80
India,Delhi,Delhi,"Nehru Nagar, Delhi - DPCC",25-03-2025 10:00,28.56789,77.250515,NH3,0,0,0
India,Delhi,Delhi,"Sirifort, Delhi - CPCB",25-03-2025 10:00,28.5504249,77.2159377,NH3,8,21,14
India,Delhi,Delhi,"Sirifort, Delhi - CPCB",25-03-2025 10:00,28.5504249,77.2159377,SO2,80,84,82
India,Haryana,Gurugram,"NISE Gwal Pahari, Gurugram - IMD",25-03-2025 10:00,28.422681,77.148944,PM2.5,1,331,167
India,Haryana,Gurugram,"NISE Gwal Pahari, Gurugram - IMD",25-03-2025 10:00,28.422681,77.148944,NO2,6,73,31
India,Haryana,Gurugram,"Sector-51, Gurugram - HSPCB",25-03-2025 10:00,28.4227,77.0667,PM2.5,44,308,191
India,Haryana,Gurugram,"Sector-51, Gurugram - HSPCB",25-03-2025 10:00,28.4227,77.0667,NH3,93,93,93
India,Haryana,Gurugram,"Sector-51, Gurugram - HSPCB",25-03-2025 10:00,28.4227,77.0667,OZONE,10,45,16
India,Haryana,Gurugram,"Teri Gram, Gurugram - HSPCB",25-03-2025 10:00,28.4275,77.1465,PM10,0,0,0
India,Haryana,Panchgaon,"Amity University, Panchgaon - IITM",25-03-2025 10:00,28.3153,76.9143,PM2.5,0,0,0
India,Haryana,Panchgaon,"Amity University, Panchgaon - IITM",25-03-2025 10:00,28.3153,76.9143,NO2,0,0,0
India,Haryana,Panchgaon,"Amity University, Panchgaon - IITM",25-03-2025 10:00,28.3153,76.9143,SO2,0,0,0
India,Karnataka,Bengaluru,"Jayanagar 5th Block, Bengaluru - KSPCB",25-03-2025 10:00,12.920984,77.584908,OZONE,12,25,17
India,Karnataka,Bengaluru,"Jigani, Bengaluru - KSPCB",25-03-2025 10:00,12.7816279,77.6299145,CO,15,166,166
India,Karnataka,Bengaluru,"Jigani, Bengaluru - KSPCB",25-03-2025 10:00,12.7816279,77.6299145,OZONE,31,32,31
India,Karnataka,Bengaluru,"Peenya, Bengaluru - CPCB",25-03-2025 10:00,13.0270199,77.494094,PM10,33,90,65
India,Karnataka,Bengaluru,"Peenya, Bengaluru - CPCB",25-03-2025 10:00,13.0270199,77.494094,NO2,21,23,22
India,Karnataka,Bengaluru,"RVCE-Mailasandra, Bengaluru - KSPCB",25-03-2025 10:00,12.921418,77.502466,CO,26,52,37
India,Karnataka,Bengaluru,"Sanegurava Halli, Bengaluru - KSPCB",25-03-2025 10:00,12.990328,77.5431385,PM10,38,41,39
India,Karnataka,Bengaluru,"Sanegurava Halli, Bengaluru - KSPCB",25-03-2025 10:00,12.990328,77.5431385,CO,4,119,35
India,Karnataka,Bengaluru,"Shivapura_Peenya, Bengaluru - KSPCB",25-03-2025 10:00,13.0246342,77.5080115,CO,35,49,39
India,Karnataka,Bidar,"Naubad, Bidar - KSPCB",25-03-2025 10:00,17.930306,77.482194,NO2,0,0,0
India,Karnataka,Chamarajanagar,"Urban, Chamarajanagar - KSPCB",25-03-2025 10:00,11.55358,76.55521,SO2,2,7,4
India,Jharkhand,Dhanbad,"Sardar Patel Nagar, Dhanbad - JSPCB",25-03-2025 10:00,23.80569,86.44268,SO2,27,36,32
India,Karnataka,Belgaum,"Ramteerth Nagar, Belgaum - KSPCB",25-03-2025 10:00,15.888653,74.541751,PM2.5,25,46,32
India,Karnataka,Belgaum,"Ramteerth Nagar, Belgaum - KSPCB",25-03-2025 10:00,15.888653,74.541751,SO2,15,16,15
India,Karnataka,Bengaluru,"BTM Layout, Bengaluru - CPCB",25-03-2025 10:00,12.9135218,77.5950804,PM10,0,0,0
India,Gujarat,Nandesari,"GIDC, Nandesari - Nandesari Ind. Association",25-03-2025 10:00,22.410802,73.097923,PM2.5,0,0,0
India,Gujarat,Nandesari,"GIDC, Nandesari - Nandesari Ind. Association",25-03-2025 10:00,22.410802,73.097923,PM10,0,0,0
India,Gujarat,Vatva,"Phase-4 GIDC, Vatva - GPCB",25-03-2025 10:00,22.969611,72.6435,PM10,53,253,118
India,Gujarat,Vatva,"Phase-4 GIDC, Vatva - GPCB",25-03-2025 10:00,22.969611,72.6435,NO2,27,102,56
India,Karnataka,Bengaluru,"Bapuji Nagar, Bengaluru - KSPCB",25-03-2025 10:00,12.951913,77.539784,OZONE,28,160,47
India,Karnataka,Bengaluru,"City Railway Station, Bengaluru - KSPCB",25-03-2025 10:00,12.9756843,77.5660749,NO2,31,36,33
India,Karnataka,Bengaluru,"Hombegowda Nagar, Bengaluru - KSPCB",25-03-2025 10:00,12.938539,77.5901,NO2,14,78,30
India,Karnataka,Chikkaballapur,"Chikkaballapur Rural, Chikkaballapur - KSPCB",25-03-2025 10:00,13.428828,77.731418,SO2,14,33,17
India,Karnataka,Chikkamagaluru,"Kalyana Nagara, Chikkamagaluru - KSPCB",25-03-2025 10:00,13.328028,75.797056,NO2,0,0,0
India,Karnataka,Chikkamagaluru,"Kalyana Nagara, Chikkamagaluru - KSPCB",25-03-2025 10:00,13.328028,75.797056,CO,0,0,0
India,Haryana,Charkhi Dadri,"Mini Secretariat, Charkhi Dadri - HSPCB",25-03-2025 10:00,28.593883,76.270653,OZONE,13,17,15
India,Haryana,Faridabad,"Sector 11, Faridabad - HSPCB",25-03-2025 10:00,28.376058,77.315741,NH3,6,6,6
India,Jammu_and_Kashmir,Srinagar,"Rajbagh, Srinagar - JKSPCB",25-03-2025 10:00,34.066206,74.81982,PM10,35,44,39
India,Madhya Pradesh,Bhopal,"Paryavaran Parisar, Bhopal - MPPCB",25-03-2025 10:00,23.210494,77.425409,OZONE,10,70,33
India,Madhya Pradesh,Bhopal,"T T Nagar, Bhopal - MPPCB",25-03-2025 10:00,23.233584,77.400574,NO2,24,57,36
India,Madhya Pradesh,Damoh,"Shrivastav Colony, Damoh - MPPCB",25-03-2025 10:00,23.81748678,79.446246,PM10,13,62,28
India,Madhya Pradesh,Dewas,"Bhopal Chauraha, Dewas - MPPCB",25-03-2025 10:00,22.9682591,76.064118,PM10,52,149,74
India,Madhya Pradesh,Dewas,"Bhopal Chauraha, Dewas - MPPCB",25-03-2025 10:00,22.9682591,76.064118,NH3,5,13,7
India,Madhya Pradesh,Dewas,"Bhopal Chauraha, Dewas - MPPCB",25-03-2025 10:00,22.9682591,76.064118,CO,2,38,16
India,Madhya Pradesh,Gwalior,"City Center, Gwalior - MPPCB",25-03-2025 10:00,26.203442,78.193251,PM2.5,15,132,50
India,Madhya Pradesh,Gwalior,"City Center, Gwalior - MPPCB",25-03-2025 10:00,26.203442,78.193251,OZONE,25,123,34
India,Madhya Pradesh,Gwalior,"Deen Dayal Nagar, Gwalior - MPPCB",25-03-2025 10:00,26.259242,78.216432,PM10,0,0,0
India,Madhya Pradesh,Gwalior,"Deen Dayal Nagar, Gwalior - MPPCB",25-03-2025 10:00,26.259242,78.216432,NO2,9,71,37
India,Kerala,Eloor,"Udyogamandal, Eloor - Kerala PCB",25-03-2025 10:00,10.073232,76.302765,SO2,3,3,3
India,Kerala,Eloor,"Udyogamandal, Eloor - Kerala PCB",25-03-2025 10:00,10.073232,76.302765,OZONE,12,24,15
India,Kerala,Kannur,"Thavakkara, Kannur - Kerala PCB",25-03-2025 10:00,11.875,75.3732,NO2,16,18,17
India,Kerala,Kannur,"Thavakkara, Kannur - Kerala PCB",25-03-2025 10:00,11.875,75.3732,CO,50,62,54
India,Kerala,Kollam,"Polayathode, Kollam - Kerala PCB",25-03-2025 10:00,8.8787,76.6073,NO2,8,10,9
India,Kerala,Kollam,"Polayathode, Kollam - Kerala PCB",25-03-2025 10:00,8.8787,76.6073,NH3,1,1,1
India,Kerala,Thiruvananthapuram,"Kariavattom, Thiruvananthapuram - Kerala PCB",25-03-2025 10:00,8.5637,76.8865,PM2.5,45,53,49
India,Kerala,Thiruvananthapuram,"Kariavattom, Thiruvananthapuram - Kerala PCB",25-03-2025 10:00,8.5637,76.8865,SO2,5,19,8
India,Kerala,Thiruvananthapuram,"Plammoodu, Thiruvananthapuram - Kerala PCB",25-03-2025 10:00,8.5149093,76.9435879,SO2,4,33,17
India,Karnataka,Ramanagara,"Vijay Nagar, Ramanagara - KSPCB",25-03-2025 10:00,12.733409,77.298051,SO2,7,19,12
India,Karnataka,Shivamogga,"Vinoba Nagara, Shivamogga - KSPCB",25-03-2025 10:00,13.94,75.555917,PM2.5,26,39,34
India,Karnataka,Shivamogga,"Vinoba Nagara, Shivamogga - KSPCB",25-03-2025 10:00,13.94,75.555917,NO2,23,29,27
India,Karnataka,Shivamogga,"Vinoba Nagara, Shivamogga - KSPCB",25-03-2025 10:00,13.94,75.555917,NH3,2,2,2
India,Karnataka,Shivamogga,"Vinoba Nagara, Shivamogga - KSPCB",25-03-2025 10:00,13.94,75.555917,OZONE,26,28,27
India,Karnataka,Tumakuru,"Thimmalapura, Tumakuru - KSPCB",25-03-2025 10:00,13.377516,77.099072,SO2,4,14,8
India,Karnataka,Yadgir,"Collector Office, Yadgir - KSPCB",25-03-2025 10:00,16.7602,77.1428,PM2.5,25,56,37
India,Karnataka,Yadgir,"Collector Office, Yadgir - KSPCB",25-03-2025 10:00,16.7602,77.1428,SO2,11,20,15
India,Karnataka,Koppal,"Diwator Nagar, Koppal - KSPCB",25-03-2025 10:00,15.34763,76.181767,NH3,5,12,6
India,Karnataka,Koppal,"Diwator Nagar, Koppal - KSPCB",25-03-2025 10:00,15.34763,76.181767,OZONE,11,51,19
India,Karnataka,Madikeri,"Stuart Hill, Madikeri - KSPCB",25-03-2025 10:00,12.415911,75.73505,PM2.5,15,36,24
India,Karnataka,Madikeri,"Stuart Hill, Madikeri - KSPCB",25-03-2025 10:00,12.415911,75.73505,PM10,17,42,26
India,Karnataka,Madikeri,"Stuart Hill, Madikeri - KSPCB",25-03-2025 10:00,12.415911,75.73505,NO2,9,138,93
India,Karnataka,Madikeri,"Stuart Hill, Madikeri - KSPCB",25-03-2025 10:00,12.415911,75.73505,SO2,4,4,4
India,Karnataka,Madikeri,"Stuart Hill, Madikeri - KSPCB",25-03-2025 10:00,12.415911,75.73505,CO,10,20,14
India,Karnataka,Madikeri,"Stuart Hill, Madikeri - KSPCB",25-03-2025 10:00,12.415911,75.73505,OZONE,4,5,4
India,Karnataka,Mangalore,"Kadri, Mangalore - KSPCB",25-03-2025 10:00,12.88925,74.853,NO2,0,0,0
India,Kerala,Thrissur,"Corporation Ground, Thrissur - Kerala PCB",25-03-2025 10:00,10.5324,76.2159,PM2.5,47,53,49
India,Madhya Pradesh,Bhopal,"Paryavaran Parisar, Bhopal - MPPCB",25-03-2025 10:00,23.210494,77.425409,PM10,52,247,106
India,Karnataka,Davanagere,"Devaraj Urs Badavane, Davanagere - KSPCB",25-03-2025 10:00,14.4758,75.9052,NH3,2,2,2
India,Karnataka,Gadag,"Panchal Nagar, Gadag - KSPCB",25-03-2025 10:00,15.411456,75.638133,PM10,37,56,46
India,Karnataka,Gadag,"Panchal Nagar, Gadag - KSPCB",25-03-2025 10:00,15.411456,75.638133,OZONE,19,56,24
India,Karnataka,Kalaburagi,"Mahatma Basaveswar Colony, Kalaburgi - KSPCB",25-03-2025 10:00,17.336318,76.847397,CO,32,54,45
India,Karnataka,Mysuru,"Hebbal 1st Stage, Mysuru - KSPCB",25-03-2025 10:00,12.21041,76.37376,PM10,46,86,61
India,Karnataka,Mysuru,"Hebbal 1st Stage, Mysuru - KSPCB",25-03-2025 10:00,12.21041,76.37376,NO2,11,29,20
India,Karnataka,Mysuru,"Hebbal 1st Stage, Mysuru - KSPCB",25-03-2025 10:00,12.21041,76.37376,SO2,2,8,4
India,Kerala,Eloor,"Udyogamandal, Eloor - Kerala PCB",25-03-2025 10:00,10.073232,76.302765,PM2.5,45,128,68
India,Madhya Pradesh,Gwalior,"Maharaj Bada, Gwalior - MPPCB",25-03-2025 10:00,26.200388,78.147714,NO2,3,5,4
India,Madhya Pradesh,Gwalior,"Maharaj Bada, Gwalior - MPPCB",25-03-2025 10:00,26.200388,78.147714,NH3,2,2,2
India,Madhya Pradesh,Indore,"Airport Area, Indore - IMC",25-03-2025 10:00,22.7289,75.8076,PM2.5,19,96,44
India,Madhya Pradesh,Indore,"Airport Area, Indore - IMC",25-03-2025 10:00,22.7289,75.8076,PM10,30,141,68
India,Madhya Pradesh,Indore,"Chhoti Gwaltoli, Indore - MPPCB",25-03-2025 10:00,22.431,75.5213,PM2.5,17,170,71
India,Madhya Pradesh,Indore,"Chhoti Gwaltoli, Indore - MPPCB",25-03-2025 10:00,22.431,75.5213,NO2,60,187,122
India,Madhya Pradesh,Jabalpur,"Suhagi, Jabalpur - JMC",25-03-2025 10:00,23.218135,79.95777,NH3,2,12,3
India,Madhya Pradesh,Katni,"Gole Bazar, Katni - MPPCB",25-03-2025 10:00,23.50016,80.23284,NO2,16,102,48
India,Madhya Pradesh,Katni,"Gole Bazar, Katni - MPPCB",25-03-2025 10:00,23.50016,80.23284,SO2,17,35,24
India,Madhya Pradesh,Pithampur,"Sector-2 Industrial Area, Pithampur - MPPCB",25-03-2025 10:00,22.624758,75.675238,PM2.5,32,230,98
India,Madhya Pradesh,Ujjain,"Mahakaleshwar Temple, Ujjain - MPPCB",25-03-2025 10:00,23.182719,75.768218,CO,22,108,86
India,Maharashtra,Ahmednagar,"Tarakpur, Ahmednagar - MPCB",25-03-2025 10:00,19.10122,74.73339,PM2.5,46,75,62
India,Maharashtra,Ahmednagar,"Tarakpur, Ahmednagar - MPCB",25-03-2025 10:00,19.10122,74.73339,CO,38,124,55
India,Maharashtra,Ahmednagar,"Tarakpur, Ahmednagar - MPCB",25-03-2025 10:00,19.10122,74.73339,OZONE,12,227,37
India,Madhya Pradesh,Pithampur,"Sector-2 Industrial Area, Pithampur - MPPCB",25-03-2025 10:00,22.624758,75.675238,SO2,10,89,26
India,Madhya Pradesh,Ratlam,"Shasthri Nagar, Ratlam - IPCA Lab",25-03-2025 10:00,23.331731,75.045981,SO2,14,20,16
India,Madhya Pradesh,Sagar,"Civil Lines, Sagar - MPPCB",25-03-2025 10:00,23.838586,78.759431,PM10,8,60,36
India,Madhya Pradesh,Singrauli,"Suryakiran Bhawan NCL, Singrauli - MPPCB",25-03-2025 10:00,24.10897,82.64558,PM10,73,403,175
India,Madhya Pradesh,Singrauli,"Suryakiran Bhawan NCL, Singrauli - MPPCB",25-03-2025 10:00,24.10897,82.64558,CO,22,116,58
India,Madhya Pradesh,Ujjain,"Mahakaleshwar Temple, Ujjain - MPPCB",25-03-2025 10:00,23.182719,75.768218,SO2,2,12,6
India,Maharashtra,Amravati,"Shri Shivaji Science College, Amaravati - MPCB",25-03-2025 10:00,20.939198,77.765701,NO2,0,0,0
India,Maharashtra,Amravati,"Shri Shivaji Science College, Amaravati - MPCB",25-03-2025 10:00,20.939198,77.765701,CO,30,46,46
India,Maharashtra,Aurangabad,"More Chowk Waluj, Aurangabad - MPCB",25-03-2025 10:00,19.8389439,75.244448,NH3,0,0,0
India,Madhya Pradesh,Jabalpur,"Marhatal, Jabalpur - MPPCB",25-03-2025 10:00,23.168606,79.932247,SO2,5,22,18
India,Madhya Pradesh,Jabalpur,"Marhatal, Jabalpur - MPPCB",25-03-2025 10:00,23.168606,79.932247,CO,8,178,23
India,Madhya Pradesh,Jabalpur,"Marhatal, Jabalpur - MPPCB",25-03-2025 10:00,23.168606,79.932247,OZONE,7,95,34
India,Madhya Pradesh,Indore,"Chhoti Gwaltoli, Indore - MPPCB",25-03-2025 10:00,22.431,75.5213,CO,48,121,64
India,Maharashtra,Akola,"Ramdaspeth, Akola - MPCB",25-03-2025 10:00,20.719516,77.000253,CO,38,70,43
India,Maharashtra,Malegaon,"Mahesh Nagar, Malegaon - MPCB",25-03-2025 10:00,20.555712,74.529236,CO,15,107,30
India,Maharashtra,Mira-Bhayandar,"Bhayandar West, Mira-Bhayandar - MPCB",25-03-2025 10:00,19.296481,72.840923,NH3,0,0,0
India,Maharashtra,Mira-Bhayandar,"Bhayandar West, Mira-Bhayandar - MPCB",25-03-2025 10:00,19.296481,72.840923,OZONE,0,0,0
India,Maharashtra,Mumbai,"Bandra Kurla Complex, Mumbai - MPCB",25-03-2025 10:00,19.065931,72.862131,PM2.5,0,0,0
India,Maharashtra,Mumbai,"Bandra Kurla Complex, Mumbai - MPCB",25-03-2025 10:00,19.065931,72.862131,PM10,0,0,0
India,Maharashtra,Mumbai,"Bandra Kurla Complex, Mumbai - MPCB",25-03-2025 10:00,19.065931,72.862131,NH3,0,0,0
India,Maharashtra,Mumbai,"Borivali East, Mumbai - IITM",25-03-2025 10:00,19.23241,72.86895,NH3,0,0,0
India,Maharashtra,Mumbai,"Borivali East, Mumbai - IITM",25-03-2025 10:00,19.23241,72.86895,CO,0,0,0
India,Maharashtra,Mumbai,"Borivali East, Mumbai - IITM",25-03-2025 10:00,19.23241,72.86895,OZONE,0,0,0
India,Maharashtra,Mumbai,"Borivali East, Mumbai - MPCB",25-03-2025 10:00,19.2243333,72.8658113,SO2,10,53,30
India,Maharashtra,Mumbai,"Borivali East, Mumbai - MPCB",25-03-2025 10:00,19.2243333,72.8658113,CO,6,32,8
India,Maharashtra,Chandrapur,"Chauhan Colony, Chandrapur - MPCB",25-03-2025 10:00,19.9629,79.298714,PM10,92,350,166
India,Maharashtra,Chandrapur,"MIDC Khutala, Chandrapur - MPCB",25-03-2025 10:00,19.9775302,79.2337086,PM2.5,26,88,54
India,Maharashtra,Chandrapur,"MIDC Khutala, Chandrapur - MPCB",25-03-2025 10:00,19.9775302,79.2337086,PM10,57,160,106
India,Maharashtra,Jalgaon,"Prabhat Colony, Jalgaon - MPCB",25-03-2025 10:00,21.001264,75.565602,NO2,14,130,56
India,Maharashtra,Jalgaon,"Prabhat Colony, Jalgaon - MPCB",25-03-2025 10:00,21.001264,75.565602,CO,16,76,21
India,Maharashtra,Jalna,"Old MIDC, Jalna - MPCB",25-03-2025 10:00,19.854616,75.905894,PM2.5,53,308,95
India,Maharashtra,Badlapur,"Katrap, Badlapur - MPCB",25-03-2025 10:00,19.16485,73.23409,NO2,37,116,66
India,Maharashtra,Badlapur,"Katrap, Badlapur - MPCB",25-03-2025 10:00,19.16485,73.23409,CO,12,46,36
India,Maharashtra,Badlapur,"Katrap, Badlapur - MPCB",25-03-2025 10:00,19.16485,73.23409,OZONE,1,126,9
India,Maharashtra,Belapur,"CBD Belapur, Belapur - MPCB",25-03-2025 10:00,19.0243902,73.0406721,PM10,104,170,122
India,Maharashtra,Belapur,"CBD Belapur, Belapur - MPCB",25-03-2025 10:00,19.0243902,73.0406721,CO,12,46,34
India,Maharashtra,Bhiwandi,"Gokul Nagar, Bhiwandi - MPCB",25-03-2025 10:00,19.309073,73.057223,PM2.5,82,245,117
India,Maharashtra,Mumbai,"Ghatkopar, Mumbai - BMC",25-03-2025 10:00,19.083694,72.920967,NO2,27,78,43
India,Maharashtra,Mumbai,"Ghatkopar, Mumbai - BMC",25-03-2025 10:00,19.083694,72.920967,NH3,6,34,13
India,Maharashtra,Mumbai,"Ghatkopar, Mumbai - BMC",25-03-2025 10:00,19.083694,72.920967,SO2,4,8,5
India,Maharashtra,Mumbai,"Ghatkopar, Mumbai - BMC",25-03-2025 10:00,19.083694,72.920967,CO,12,59,40
India,Maharashtra,Mumbai,"Kandivali East, Mumbai - MPCB",25-03-2025 10:00,19.2058,72.8682,SO2,0,0,0
India,Maharashtra,Mumbai,"Kandivali West, Mumbai - BMC",25-03-2025 10:00,19.215859,72.831718,NO2,8,94,30
India,Maharashtra,Mumbai,"Kandivali West, Mumbai - BMC",25-03-2025 10:00,19.215859,72.831718,SO2,1,4,2
India,Maharashtra,Kalyan,"Pimpleshwar Mandir, Kalyan - MPCB",25-03-2025 10:00,19.192056,72.9585188,PM10,0,0,0
India,Maharashtra,Kalyan,"Pimpleshwar Mandir, Kalyan - MPCB",25-03-2025 10:00,19.192056,72.9585188,NH3,0,0,0
India,Maharashtra,Kolhapur,"Shivaji University, Kolhapur - MPCB",25-03-2025 10:00,16.6870449,74.2505872,CO,12,43,22
India,Maharashtra,Kolhapur,"Shivaji University, Kolhapur - MPCB",25-03-2025 10:00,16.6870449,74.2505872,OZONE,2,76,19
India,Maharashtra,Kolhapur,"Sinchan Bhavan, Kolhapur - MPCB",25-03-2025 10:00,16.7143745,74.2426398,SO2,0,0,0
India,Maharashtra,Mumbai,"Byculla, Mumbai - BMC",25-03-2025 10:00,18.9767,72.838,NO2,14,138,56
India,Maharashtra,Mumbai,"Byculla, Mumbai - BMC",25-03-2025 10:00,18.9767,72.838,SO2,9,12,11
India,Maharashtra,Mumbai,"Chakala-Andheri East, Mumbai - IITM",25-03-2025 10:00,19.11074,72.86084,PM10,0,0,0
India,Maharashtra,Mumbai,"Chembur, Mumbai - MPCB",25-03-2025 10:00,19.0364585,72.8954371,NH3,0,0,0
India,Maharashtra,Mumbai,"Chhatrapati Shivaji Intl. Airport (T2), Mumbai - MPCB",25-03-2025 10:00,19.10078,72.87462,NH3,1,2,1
India,Maharashtra,Mumbai,"Chhatrapati Shivaji Intl. Airport (T2), Mumbai - MPCB",25-03-2025 10:00,19.10078,72.87462,CO,21,33,29
India,Maharashtra,Mumbai,"Chhatrapati Shivaji Intl. Airport (T2), Mumbai - MPCB",25-03-2025 10:00,19.10078,72.87462,OZONE,7,7,7
India,Maharashtra,Jalna,"Old MIDC, Jalna - MPCB",25-03-2025 10:00,19.854616,75.905894,NH3,3,5,4
India,Maharashtra,Kalyan,"Khadakpada, Kalyan - MPCB",25-03-2025 10:00,19.25292,73.142019,NH3,1,1,1
India,Maharashtra,Malegaon,"Mahesh Nagar, Malegaon - MPCB",25-03-2025 10:00,20.555712,74.529236,PM2.5,36,351,115
India,Maharashtra,Nanded,"Sneh Nagar, Nanded - MPCB",25-03-2025 10:00,19.173852,77.296291,PM10,79,122,102
India,Maharashtra,Nanded,"Sneh Nagar, Nanded - MPCB",25-03-2025 10:00,19.173852,77.296291,NO2,9,60,27
India,Maharashtra,Nanded,"Sneh Nagar, Nanded - MPCB",25-03-2025 10:00,19.173852,77.296291,CO,16,93,57
India,Maharashtra,Nashik,"Gangapur Road, Nashik - MPCB",25-03-2025 10:00,20.0073285,73.7762427,CO,32,42,37
India,Maharashtra,Nashik,"Hirawadi, Nashik - MPCB",25-03-2025 10:00,20.021503,73.813844,PM10,93,318,142
India,Maharashtra,Nashik,"Hirawadi, Nashik - MPCB",25-03-2025 10:00,20.021503,73.813844,SO2,7,47,12
India,Maharashtra,Nashik,"MIDC Ambad, Nashik - MPCB",25-03-2025 10:00,19.95022,73.73148,NO2,6,42,16
India,Maharashtra,Nashik,"MIDC Ambad, Nashik - MPCB",25-03-2025 10:00,19.95022,73.73148,OZONE,10,96,31
India,Maharashtra,Nashik,"Pandav Nagari, Nashik - MPCB",25-03-2025 10:00,19.9591346,73.7788008,PM2.5,0,0,0
India,Maharashtra,Nashik,"Pandav Nagari, Nashik - MPCB",25-03-2025 10:00,19.9591346,73.7788008,NH3,0,0,0
India,Maharashtra,Navi Mumbai,"Mahape, Navi Mumbai - MPCB",25-03-2025 10:00,19.1135051,73.008978,NH3,1,1,1
India,Maharashtra,Navi Mumbai,"Sanpada, Navi Mumbai - MPCB",25-03-2025 10:00,19.0575752,73.0151367,NO2,0,0,0
India,Maharashtra,Navi Mumbai,"Sector-2E Kalamboli, Navi Mumbai - MPCB",25-03-2025 10:00,19.02579,73.10297,NO2,0,0,0
India,Maharashtra,Navi Mumbai,"Sector-2E Kalamboli, Navi Mumbai - MPCB",25-03-2025 10:00,19.02579,73.10297,OZONE,0,0,0
India,Maharashtra,Navi Mumbai,"Tondare-Taloja, Navi Mumbai - MPCB",25-03-2025 10:00,19.063,73.1209,PM2.5,48,250,110
India,Maharashtra,Navi Mumbai,"Tondare-Taloja, Navi Mumbai - MPCB",25-03-2025 10:00,19.063,73.1209,SO2,1,2,1
India,Maharashtra,Pimpri-Chinchwad,"Gavalinagar, Pimpri Chinchwad - MPCB",25-03-2025 10:00,18.63673,73.82487,PM2.5,0,0,0
India,Maharashtra,Pimpri-Chinchwad,"Gavalinagar, Pimpri Chinchwad - MPCB",25-03-2025 10:00,18.63673,73.82487,PM10,0,0,0
India,Maharashtra,Pimpri-Chinchwad,"Gavalinagar, Pimpri Chinchwad - MPCB",25-03-2025 10:00,18.63673,73.82487,CO,0,0,0
India,Maharashtra,Mumbai,"Siddharth Nagar-Worli, Mumbai - IITM",25-03-2025 10:00,19.000083,72.813993,CO,2,89,43
India,Maharashtra,Mumbai,"Vasai West, Mumbai - MPCB",25-03-2025 10:00,19.3832,72.8204,PM10,71,161,108
India,Maharashtra,Mumbai,"Vasai West, Mumbai - MPCB",25-03-2025 10:00,19.3832,72.8204,NO2,25,30,27
India,Maharashtra,Mumbai,"Vasai West, Mumbai - MPCB",25-03-2025 10:00,19.3832,72.8204,CO,42,72,64
India,Maharashtra,Mumbai,"Vile Parle West, Mumbai - MPCB",25-03-2025 10:00,19.10861,72.83622,NO2,70,92,80
India,Maharashtra,Mumbai,"Vile Parle West, Mumbai - MPCB",25-03-2025 10:00,19.10861,72.83622,CO,66,70,70
India,Maharashtra,Mumbai,"Worli, Mumbai - MPCB",25-03-2025 10:00,18.9936162,72.8128113,NH3,4,5,5
India,Maharashtra,Nagpur,"Ambazari, Nagpur - MPCB",25-03-2025 10:00,21.121801,79.04952,PM2.5,79,142,112
India,Maharashtra,Nagpur,"Ambazari, Nagpur - MPCB",25-03-2025 10:00,21.121801,79.04952,SO2,16,106,37
India,Maharashtra,Nagpur,"Mahal, Nagpur - MPCB",25-03-2025 10:00,21.14472,79.107595,CO,34,126,50
India,Maharashtra,Nagpur,"Opp GPO Civil Lines, Nagpur - MPCB",25-03-2025 10:00,21.152875,79.0517531,SO2,15,112,45
India,Maharashtra,Nagpur,"Opp GPO Civil Lines, Nagpur - MPCB",25-03-2025 10:00,21.152875,79.0517531,CO,16,105,31
India,Maharashtra,Nagpur,"Opp GPO Civil Lines, Nagpur - MPCB",25-03-2025 10:00,21.152875,79.0517531,OZONE,3,76,23
India,Maharashtra,Pimpri-Chinchwad,"Park Street Wakad, Pimpri Chinchwad - MPCB",25-03-2025 10:00,18.59051,73.77946,OZONE,0,0,0
India,Maharashtra,Pimpri-Chinchwad,"Thergaon, Pimpri Chinchwad - MPCB",25-03-2025 10:00,18.616318,73.765797,NH3,3,4,3
India,Maharashtra,Pimpri-Chinchwad,"Thergaon, Pimpri Chinchwad - MPCB",25-03-2025 10:00,18.616318,73.765797,OZONE,2,54,11
India,Maharashtra,Pune,"Bhosari, Pune - IITM",25-03-2025 10:00,18.640051,73.848956,PM2.5,0,0,0
India,Maharashtra,Pune,"Bhosari, Pune - IITM",25-03-2025 10:00,18.640051,73.848956,NO2,0,0,0
India,Maharashtra,Mumbai,"Kurla, Mumbai - MPCB",25-03-2025 10:00,19.0863,72.8888,PM2.5,52,84,60
India,Maharashtra,Mumbai,"Malad West, Mumbai - IITM",25-03-2025 10:00,19.19709,72.82204,PM2.5,0,0,0
India,Maharashtra,Mumbai,"Malad West, Mumbai - IITM",25-03-2025 10:00,19.19709,72.82204,NO2,0,0,0
India,Maharashtra,Mumbai,"Mindspace-Malad West, Mumbai - MPCB",25-03-2025 10:00,19.1878657,72.8304069,PM10,0,0,0
India,Maharashtra,Mumbai,"Mindspace-Malad West, Mumbai - MPCB",25-03-2025 10:00,19.1878657,72.8304069,CO,0,0,0
India,Maharashtra,Mumbai,"Mindspace-Malad West, Mumbai - MPCB",25-03-2025 10:00,19.1878657,72.8304069,OZONE,0,0,0
India,Maharashtra,Mumbai,"Navy Nagar-Colaba, Mumbai - IITM",25-03-2025 10:00,18.897756,72.81332,PM10,39,119,93
India,Maharashtra,Mumbai,"Powai, Mumbai - MPCB",25-03-2025 10:00,19.1375,72.915056,PM10,75,102,84
India,Maharashtra,Mumbai,"Powai, Mumbai - MPCB",25-03-2025 10:00,19.1375,72.915056,OZONE,9,9,9
India,Maharashtra,Mumbai,"Sewri, Mumbai - BMC",25-03-2025 10:00,19.000084,72.85673,NO2,10,38,21
India,Maharashtra,Navi Mumbai,"Kopripada-Vashi, Navi Mumbai - MPCB",25-03-2025 10:00,19.090337,73.014232,PM10,0,0,0
India,Maharashtra,Mumbai,"Shivaji Nagar, Mumbai - BMC",25-03-2025 10:00,19.060498,72.923356,OZONE,1,75,15
India,Odisha,Barbil,"Forest Office, Barbil - OSPCB",25-03-2025 10:00,22.1166054,85.3945546,NH3,3,4,3
India,Odisha,Barbil,"Forest Office, Barbil - OSPCB",25-03-2025 10:00,22.1166054,85.3945546,SO2,8,62,18
India,Odisha,Baripada,"Meher Colony, Baripada - OSPCB",25-03-2025 10:00,21.941841,86.728318,PM10,46,75,58
India,Odisha,Baripada,"Meher Colony, Baripada - OSPCB",25-03-2025 10:00,21.941841,86.728318,CO,98,108,102
India,Odisha,Bhubaneswar,"Lingraj Mandir, Bhubaneswar - OSPCB",25-03-2025 10:00,20.24079,85.836784,PM10,28,107,55
India,Odisha,Bhubaneswar,"Lingraj Mandir, Bhubaneswar - OSPCB",25-03-2025 10:00,20.24079,85.836784,NO2,9,34,19
India,Odisha,Bhubaneswar,"Lingraj Mandir, Bhubaneswar - OSPCB",25-03-2025 10:00,20.24079,85.836784,OZONE,8,45,16
India,Odisha,Bhubaneswar,"Patia, Bhubaneswar - OSPCB",25-03-2025 10:00,20.34652,85.8163,CO,8,70,41
India,Mizoram,Aizawl,"Sikulpuikawn, Aizawl - Mizoram PCB",25-03-2025 10:00,23.7176342,92.7192841,CO,3,3,3
India,Nagaland,Kohima,"PWD Juction, Kohima - NPCB",25-03-2025 10:00,25.6635413,94.0989878,PM10,43,127,78
India,Nagaland,Kohima,"PWD Juction, Kohima - NPCB",25-03-2025 10:00,25.6635413,94.0989878,NH3,1,1,1
India,Nagaland,Kohima,"PWD Juction, Kohima - NPCB",25-03-2025 10:00,25.6635413,94.0989878,SO2,57,59,58
India,Odisha,Angul,"Hakimapada, Angul - OSPCB",25-03-2025 10:00,20.832874,85.104082,NO2,12,53,26
India,Odisha,Balasore,"Kalidaspur, Balasore - OSPCB",25-03-2025 10:00,21.51161,86.89088,NH3,3,5,4
India,Maharashtra,Pune,"Bhumkar Nagar, Pune - IITM",25-03-2025 10:00,18.60577,73.749976,OZONE,2,166,24
India,Maharashtra,Pune,"Hadapsar, Pune - IITM",25-03-2025 10:00,18.501793,73.927532,CO,33,85,75
India,Maharashtra,Pune,"Karve Road, Pune - MPCB",25-03-2025 10:00,18.5011743,73.8165527,PM2.5,101,145,103
India,Maharashtra,Pune,"Katraj Dairy, Pune - MPCB",25-03-2025 10:00,18.45445,73.854155,SO2,2,5,3
India,Maharashtra,Pune,"Mhada Colony, Pune - IITM",25-03-2025 10:00,18.57304,73.927715,NO2,0,0,0
India,Maharashtra,Pune,"Mhada Colony, Pune - IITM",25-03-2025 10:00,18.57304,73.927715,CO,18,139,113
India,Maharashtra,Ulhasnagar,"Sidhi Vinayak Nagar, Ulhasnagar - MPCB",25-03-2025 10:00,19.235581,73.159121,SO2,12,39,19
India,Maharashtra,Virar,"Bolinj, Virar - MPCB",25-03-2025 10:00,19.445821,72.7988231,PM2.5,18,276,93
India,Meghalaya,Shillong,"JN Stadium, Shillong - Meghalaya PCB",25-03-2025 10:00,25.5803419,91.8942571,NH3,10,14,12
India,Mizoram,Aizawl,"Sikulpuikawn, Aizawl - Mizoram PCB",25-03-2025 10:00,23.7176342,92.7192841,PM2.5,2,13,6
India,Maharashtra,Pune,"Panchawati_Pashan, Pune - IITM",25-03-2025 10:00,18.536457,73.805454,PM2.5,12,121,68
India,Maharashtra,Pune,"Revenue Colony-Shivajinagar, Pune - IITM",25-03-2025 10:00,18.530085,73.849598,PM2.5,0,0,0
India,Maharashtra,Pune,"Revenue Colony-Shivajinagar, Pune - IITM",25-03-2025 10:00,18.530085,73.849598,NO2,0,0,0
India,Maharashtra,Pune,"Transport Nagar-Nigdi, Pune - IITM",25-03-2025 10:00,18.664282,73.763966,PM10,0,0,0
India,Odisha,Byasanagar,"Ferro Chrome Colony, Byasanagar - OSPCB",25-03-2025 10:00,20.94185,86.1151,PM2.5,15,137,61
India,Odisha,Cuttack,"CDA Area, Cuttack - OSPCB",25-03-2025 10:00,20.48891,85.84768,PM2.5,18,48,34
India,Odisha,Cuttack,"CDA Area, Cuttack - OSPCB",25-03-2025 10:00,20.48891,85.84768,PM10,36,98,68
India,Odisha,Cuttack,"CDA Area, Cuttack - OSPCB",25-03-2025 10:00,20.48891,85.84768,CO,86,104,100
India,Odisha,Nayagarh,"Dabuna, Nayagarh - OSPCB",25-03-2025 10:00,21.847279,85.416905,NH3,6,9,7
India,Odisha,Nayagarh,"Dabuna, Nayagarh - OSPCB",25-03-2025 10:00,21.847279,85.416905,OZONE,8,21,10
India,Maharashtra,Solapur,"Dnyaneshwar Nagar, Solapur - MPCB",25-03-2025 10:00,17.6336264,75.9132495,PM2.5,0,0,0
India,Maharashtra,Thane,"Kasarvadavali, Thane - MPCB",25-03-2025 10:00,19.26777,72.97182,NO2,18,91,51
India,Maharashtra,Thane,"Kasarvadavali, Thane - MPCB",25-03-2025 10:00,19.26777,72.97182,SO2,3,17,6
India,Maharashtra,Thane,"Upvan Fort, Thane - MPCB",25-03-2025 10:00,19.222279,72.957979,OZONE,47,116,64
India,Rajasthan,Barmer,"Railway Colony, Barmer - RSPCB",25-03-2025 10:00,25.747299,71.393989,PM10,59,204,89
India,Rajasthan,Barmer,"Railway Colony, Barmer - RSPCB",25-03-2025 10:00,25.747299,71.393989,OZONE,23,111,90
India,Rajasthan,Bharatpur,"Krishna Nagar, Bharatpur - RSPCB",25-03-2025 10:00,27.215415,77.50873,PM10,44,175,117
India,Rajasthan,Bharatpur,"Krishna Nagar, Bharatpur - RSPCB",25-03-2025 10:00,27.215415,77.50873,SO2,1,23,11
India,Rajasthan,Bharatpur,"Krishna Nagar, Bharatpur - RSPCB",25-03-2025 10:00,27.215415,77.50873,OZONE,25,135,70
India,Rajasthan,Bhilwara,"Pratap Nagar, Bhilwara - RSPCB",25-03-2025 10:00,25.339605,74.618883,CO,5,91,21
India,Rajasthan,Bhiwadi,"RIICO Ind. Area III, Bhiwadi - RSPCB",25-03-2025 10:00,28.194909,76.862296,NO2,24,48,39
India,Rajasthan,Bhiwadi,"RIICO Ind. Area III, Bhiwadi - RSPCB",25-03-2025 10:00,28.194909,76.862296,NH3,8,21,12
India,Punjab,Mandi Gobindgarh,"RIMT University, Mandi Gobindgarh - PPCB",25-03-2025 10:00,30.649961,76.331442,NH3,7,7,7
India,Punjab,Patiala,"Model Town, Patiala - PPCB",25-03-2025 10:00,30.349388,76.366642,CO,30,72,51
India,Punjab,Patiala,"Model Town, Patiala - PPCB",25-03-2025 10:00,30.349388,76.366642,OZONE,43,92,47
India,Punjab,Rupnagar,"Ratanpura, Rupnagar - Ambuja Cements",25-03-2025 10:00,31.0325454,76.5623046,PM2.5,39,207,118
India,Punjab,Rupnagar,"Ratanpura, Rupnagar - Ambuja Cements",25-03-2025 10:00,31.0325454,76.5623046,SO2,4,8,6
India,Rajasthan,Ajmer,"Civil Lines,  Ajmer - RSPCB",25-03-2025 10:00,26.470859,74.646594,NO2,39,54,48
India,Rajasthan,Bhiwadi,"Vasundhara Nagar_UIT, Bhiwadi - RSPCB",25-03-2025 10:00,28.207266,76.829265,NH3,0,0,0
India,Rajasthan,Bhiwadi,"Vasundhara Nagar_UIT, Bhiwadi - RSPCB",25-03-2025 10:00,28.207266,76.829265,SO2,0,0,0
India,Rajasthan,Bikaner,"MM Ground, Bikaner - RSPCB",25-03-2025 10:00,28.018792,73.292658,NH3,5,12,8
India,Rajasthan,Bikaner,"MM Ground, Bikaner - RSPCB",25-03-2025 10:00,28.018792,73.292658,CO,16,144,23
India,Rajasthan,Bundi,"New Colony, Bundi - RSPCB",25-03-2025 10:00,25.435774,75.644272,OZONE,0,0,0
India,Rajasthan,Chittorgarh,"Shastri Nagar, Chittorgarh - RSPCB",25-03-2025 10:00,24.892047,74.623527,NO2,8,113,52
India,Rajasthan,Chittorgarh,"Shastri Nagar, Chittorgarh - RSPCB",25-03-2025 10:00,24.892047,74.623527,OZONE,1,156,20
India,Rajasthan,Ajmer,"Civil Lines,  Ajmer - RSPCB",25-03-2025 10:00,26.470859,74.646594,NH3,6,8,7
India,Rajasthan,Ajmer,"Civil Lines,  Ajmer - RSPCB",25-03-2025 10:00,26.470859,74.646594,CO,24,101,41
India,Rajasthan,Alwar,"Moti Doongri, Alwar - RSPCB",25-03-2025 10:00,27.554793,76.611536,PM2.5,30,73,51
India,Rajasthan,Alwar,"Moti Doongri, Alwar - RSPCB",25-03-2025 10:00,27.554793,76.611536,CO,26,101,57
India,Rajasthan,Alwar,"Moti Doongri, Alwar - RSPCB",25-03-2025 10:00,27.554793,76.611536,OZONE,12,78,22
India,Rajasthan,Baran,"Bamboliya, Baran - RSPCB",25-03-2025 10:00,25.106006,76.469948,PM10,45,189,90
India,Odisha,Tensa,"Barsua Iron Ore Mines, Tensa - OSPCB",25-03-2025 10:00,21.869985,85.167016,OZONE,35,36,35
India,Punjab,Amritsar,"Golden Temple, Amritsar - PPCB",25-03-2025 10:00,31.62,74.876512,PM2.5,75,239,123
India,Punjab,Amritsar,"Golden Temple, Amritsar - PPCB",25-03-2025 10:00,31.62,74.876512,PM10,66,129,94
India,Punjab,Bathinda,"Hardev Nagar, Bathinda - PPCB",25-03-2025 10:00,30.233011,74.907758,PM10,31,376,97
India,Punjab,Khanna,"Kalal Majra, Khanna - PPCB",25-03-2025 10:00,30.736056,76.209694,PM10,72,150,100
India,Punjab,Khanna,"Kalal Majra, Khanna - PPCB",25-03-2025 10:00,30.736056,76.209694,OZONE,21,70,26
India,Punjab,Ludhiana,"Punjab Agricultural University, Ludhiana - PPCB",25-03-2025 10:00,30.9028,75.8086,PM10,78,154,105
India,Punjab,Ludhiana,"Punjab Agricultural University, Ludhiana - PPCB",25-03-2025 10:00,30.9028,75.8086,SO2,8,32,19
India,Odisha,Rourkela,"Fertilizer Township, Rourkela - OSPCB",25-03-2025 10:00,22.18972222,84.86277778,SO2,20,23,21
India,Odisha,Rourkela,"Raghunathpali, Rourkela - OSPCB",25-03-2025 10:00,22.220833,84.809444,PM10,53,429,130
India,Odisha,Rourkela,"Raghunathpali, Rourkela - OSPCB",25-03-2025 10:00,22.220833,84.809444,NH3,0,0,0
India,Odisha,Rourkela,"Sector-2, Rourkela - OSPCB",25-03-2025 10:00,22.245,84.88111111,NO2,0,0,0
India,Odisha,Tensa,"Barsua Iron Ore Mines, Tensa - OSPCB",25-03-2025 10:00,21.869985,85.167016,PM2.5,0,0,0
India,Rajasthan,Jaipur,"Mansarovar Sector-12, Jaipur - RSPCB",25-03-2025 10:00,26.843698,75.766894,OZONE,10,130,54
India,Rajasthan,Jaipur,"Police Commissionerate, Jaipur - RSPCB",25-03-2025 10:00,26.9164092,75.7994901,OZONE,11,64,23
India,Rajasthan,Jaipur,"Sector-2 Murlipura, Jaipur - RSPCB",25-03-2025 10:00,26.960669,75.771817,PM2.5,20,200,63
India,Rajasthan,Jaipur,"Sector-2 Murlipura, Jaipur - RSPCB",25-03-2025 10:00,26.960669,75.771817,NH3,3,10,5
India,Rajasthan,Jaipur,"Shastri Nagar, Jaipur - RSPCB",25-03-2025 10:00,26.9502929,75.730943,NO2,21,103,48
India,Rajasthan,Jaipur,"Shastri Nagar, Jaipur - RSPCB",25-03-2025 10:00,26.9502929,75.730943,SO2,10,55,20
India,Rajasthan,Jaisalmer,"Sadar Bazar, Jaisalmer - RSPCB",25-03-2025 10:00,26.912329,70.909168,PM2.5,16,65,38
India,Rajasthan,Nagaur,"Karni Colony, Nagaur - RSPCB",25-03-2025 10:00,27.213494,73.734444,OZONE,24,95,48
India,Rajasthan,Pali,"Indira Colony Vistar, Pali - RSPCB",25-03-2025 10:00,25.771061,73.340227,CO,4,68,34
India,Rajasthan,Pratapgarh,"Pragati Nagar, Pratapgarh - RSPCB",25-03-2025 10:00,24.041198,74.780702,OZONE,11,145,38
India,Rajasthan,Rajsamand,"Dhoinda, Rajsamand - RSPCB",25-03-2025 10:00,25.03636,73.883502,CO,17,85,30
India,Rajasthan,Rajsamand,"Dhoinda, Rajsamand - RSPCB",25-03-2025 10:00,25.03636,73.883502,OZONE,10,158,47
India,Rajasthan,Sawai Madhopur,"Sahu Nagar, Sawai Madhopur - RSPCB",25-03-2025 10:00,26.031443,76.359327,PM2.5,31,339,106
India,Rajasthan,Jodhpur,"Jhalamand, Jodhpur - RSPCB",25-03-2025 10:00,26.215415,73.070156,SO2,3,16,5
India,Rajasthan,Jodhpur,"Mandor, Jodhpur - RSPCB",25-03-2025 10:00,26.358805,73.047444,PM2.5,7,97,43
India,Rajasthan,Jodhpur,"Mandor, Jodhpur - RSPCB",25-03-2025 10:00,26.358805,73.047444,NO2,19,79,42
India,Rajasthan,Jodhpur,"Samrat Ashok Udhyan, Jodhpur - RSPCB",25-03-2025 10:00,26.253384,72.976571,NH3,7,10,8
India,Rajasthan,Jodhpur,"Samrat Ashok Udhyan, Jodhpur - RSPCB",25-03-2025 10:00,26.253384,72.976571,SO2,5,21,8
India,Rajasthan,Karauli,"Satyawati Vihar, Karauli - RSPCB",25-03-2025 10:00,26.506177,77.025989,PM2.5,7,71,33
India,Rajasthan,Karauli,"Satyawati Vihar, Karauli - RSPCB",25-03-2025 10:00,26.506177,77.025989,SO2,1,7,3
India,Rajasthan,Jalore,"Mudtra Sili, Jalore - RSPCB",25-03-2025 10:00,25.344694,72.626208,OZONE,12,112,52
India,Rajasthan,Jhalawar,"Rajlaxmi Nagar, Jhalawar - RSPCB",25-03-2025 10:00,24.588397,76.172782,PM2.5,20,143,64
India,Rajasthan,Jhunjhunu,"Indra Nagar, Jhunjhunu - RSPCB",25-03-2025 10:00,28.108988,75.386577,PM2.5,13,247,88
India,Rajasthan,Jhunjhunu,"Indra Nagar, Jhunjhunu - RSPCB",25-03-2025 10:00,28.108988,75.386577,PM10,50,268,119
India,Rajasthan,Jhunjhunu,"Indra Nagar, Jhunjhunu - RSPCB",25-03-2025 10:00,28.108988,75.386577,NO2,11,54,30
India,Rajasthan,Jodhpur,"Digari Kalan, Jodhpur - RSPCB",25-03-2025 10:00,26.29581,73.082283,PM2.5,11,169,78
India,Rajasthan,Dholpur,"Raja Ganj, Dholpur - RSPCB",25-03-2025 10:00,26.699557,77.898881,SO2,17,38,25
India,Rajasthan,Dungarpur,"Bhoiwada, Dungarpur - RSPCB",25-03-2025 10:00,23.837789,73.714926,PM2.5,3,186,70
India,Rajasthan,Hanumangarh,"Housing Board, Hanumangarh - RSPCB",25-03-2025 10:00,29.61075,74.283608,PM2.5,0,0,0
India,Rajasthan,Hanumangarh,"Housing Board, Hanumangarh - RSPCB",25-03-2025 10:00,29.61075,74.283608,SO2,0,0,0
India,Rajasthan,Kota,"Dhanmandi, Kota - RSPCB",25-03-2025 10:00,25.16409,75.858137,OZONE,1,112,17
India,Rajasthan,Kota,"Nayapura, Kota - RSPCB",25-03-2025 10:00,25.196024,75.855668,PM2.5,19,144,78
India,Rajasthan,Kota,"Shrinath Puram, Kota - RSPCB",25-03-2025 10:00,25.14389,75.821256,PM2.5,61,323,139
India,Rajasthan,Kota,"Shrinath Puram, Kota - RSPCB",25-03-2025 10:00,25.14389,75.821256,NH3,2,9,4
India,Rajasthan,Jodhpur,"Digari Kalan, Jodhpur - RSPCB",25-03-2025 10:00,26.29581,73.082283,CO,16,76,40
India,Rajasthan,Jodhpur,"Jhalamand, Jodhpur - RSPCB",25-03-2025 10:00,26.215415,73.070156,PM10,35,345,119
India,Rajasthan,Jodhpur,"Jhalamand, Jodhpur - RSPCB",25-03-2025 10:00,26.215415,73.070156,NO2,10,83,39
India,Rajasthan,Jaisalmer,"Sadar Bazar, Jaisalmer - RSPCB",25-03-2025 10:00,26.912329,70.909168,NO2,3,83,19
India,Rajasthan,Jalore,"Mudtra Sili, Jalore - RSPCB",25-03-2025 10:00,25.344694,72.626208,SO2,4,17,7
India,Rajasthan,Churu,"Subash Chowk, Churu - RSPCB",25-03-2025 10:00,28.296139,74.961696,SO2,4,11,7
India,Rajasthan,Dausa,"Khatikan Mohalla, Dausa - RSPCB",25-03-2025 10:00,26.895552,76.334753,NH3,4,8,7
India,Rajasthan,Sawai Madhopur,"Sahu Nagar, Sawai Madhopur - RSPCB",25-03-2025 10:00,26.031443,76.359327,NH3,16,40,23
India,Rajasthan,Sawai Madhopur,"Sahu Nagar, Sawai Madhopur - RSPCB",25-03-2025 10:00,26.031443,76.359327,SO2,5,26,10
India,Rajasthan,Sawai Madhopur,"Sahu Nagar, Sawai Madhopur - RSPCB",25-03-2025 10:00,26.031443,76.359327,CO,26,139,48
India,Rajasthan,Sawai Madhopur,"Sahu Nagar, Sawai Madhopur - RSPCB",25-03-2025 10:00,26.031443,76.359327,OZONE,25,177,58
India,Rajasthan,Sikar,"Radhakishan Pura, Sikar - RSPCB",25-03-2025 10:00,27.608912,75.153302,NO2,7,89,23
India,Rajasthan,Sirohi,"Vedhaynath Colony, Sirohi - RSPCB",25-03-2025 10:00,24.885261,72.857549,NO2,6,89,29
India,Rajasthan,Sirohi,"Vedhaynath Colony, Sirohi - RSPCB",25-03-2025 10:00,24.885261,72.857549,NH3,2,5,4
India,Rajasthan,Sri Ganganagar,"Old City, Sri Ganganagar - RSPCB",25-03-2025 10:00,29.931624,73.864511,NH3,5,8,7
India,Rajasthan,Sri Ganganagar,"Old City, Sri Ganganagar - RSPCB",25-03-2025 10:00,29.931624,73.864511,OZONE,26,86,56
India,TamilNadu,Perundurai,"SIPCOT Industrial Park, Perundurai - TNPCB",25-03-2025 10:00,11.258242,77.552761,PM2.5,11,56,33
India,TamilNadu,Pudukottai,"SIPCOT Nathampannai, Pudukottai - TNPCB",25-03-2025 10:00,10.423417,78.784889,PM2.5,29,71,41
India,TamilNadu,Pudukottai,"SIPCOT Nathampannai, Pudukottai - TNPCB",25-03-2025 10:00,10.423417,78.784889,PM10,37,88,51
India,TamilNadu,Pudukottai,"SIPCOT Nathampannai, Pudukottai - TNPCB",25-03-2025 10:00,10.423417,78.784889,NO2,14,18,16
India,TamilNadu,Pudukottai,"SIPCOT Nathampannai, Pudukottai - TNPCB",25-03-2025 10:00,10.423417,78.784889,SO2,12,13,13
India,TamilNadu,Ramanathapuram,"Chalai Bazaar, Ramanathapuram - TNPCB",25-03-2025 10:00,9.36399,78.831977,PM10,34,74,57
India,TamilNadu,Ranipet,"VOC Nagar_SIPCOT, Ranipet - TNPCB",25-03-2025 10:00,12.952707,79.30394,SO2,15,16,16
India,TamilNadu,Ranipet,"VOC Nagar_SIPCOT, Ranipet - TNPCB",25-03-2025 10:00,12.952707,79.30394,CO,16,20,18
India,TamilNadu,Madurai,"Uchapatti, Madurai - TNPCB",25-03-2025 10:00,9.865935,78.022669,CO,30,32,32
India,TamilNadu,Nagapattinam,"Velippalayam, Nagapattinam - TNPCB",25-03-2025 10:00,10.798548,79.838212,PM10,22,69,31
India,TamilNadu,Nagapattinam,"Velippalayam, Nagapattinam - TNPCB",25-03-2025 10:00,10.798548,79.838212,NO2,5,6,5
India,TamilNadu,Namakkal,"Ponnusamy Nagar, Namakkal - TNPCB",25-03-2025 10:00,11.273992,78.163545,PM2.5,33,178,64
India,TamilNadu,Namakkal,"Ponnusamy Nagar, Namakkal - TNPCB",25-03-2025 10:00,11.273992,78.163545,PM10,38,143,66
India,TamilNadu,Ooty,"Bombay Castel, Ooty - TNPCB",25-03-2025 10:00,11.4068288,76.7138973,NH3,13,17,16
India,TamilNadu,Chennai,"Perungudi, Chennai - TNPCB",25-03-2025 10:00,12.9533,80.2357,PM2.5,30,80,47
India,TamilNadu,Chennai,"Perungudi, Chennai - TNPCB",25-03-2025 10:00,12.9533,80.2357,PM10,47,107,78
India,TamilNadu,Chennai,"Perungudi, Chennai - TNPCB",25-03-2025 10:00,12.9533,80.2357,NH3,2,3,3
India,TamilNadu,Chennai,"Royapuram, Chennai - TNPCB",25-03-2025 10:00,13.1036,80.2909,PM10,28,106,45
India,TamilNadu,Chennai,"Royapuram, Chennai - TNPCB",25-03-2025 10:00,13.1036,80.2909,SO2,5,18,10
India,TamilNadu,Chennai,"Velachery Res. Area, Chennai - CPCB",25-03-2025 10:00,13.0052189,80.2398125,CO,46,71,53
India,TamilNadu,Chennai,"Velachery Res. Area, Chennai - CPCB",25-03-2025 10:00,13.0052189,80.2398125,OZONE,41,50,43
India,TamilNadu,Cuddalore,"Semmandalam, Cuddalore - TNPCB",25-03-2025 10:00,11.7637683,79.7499835,OZONE,1,2,2
India,TamilNadu,Gummidipoondi,"Anthoni Pillai Nagar, Gummidipoondi - TNPCB",25-03-2025 10:00,13.4127,80.1081,PM2.5,19,318,84
India,TamilNadu,Karur,"Kamadenu Nagar, Karur - TNPCB",25-03-2025 10:00,10.96782,78.080882,PM2.5,14,127,58
India,TamilNadu,Chennai,"Kodungaiyur, Chennai - TNPCB",25-03-2025 10:00,13.1278,80.2642,OZONE,7,28,18
India,TamilNadu,Chennai,"Manali, Chennai - CPCB",25-03-2025 10:00,13.164544,80.26285,NO2,3,9,7
India,TamilNadu,Coimbatore,"SIDCO Kurichi, Coimbatore - TNPCB",25-03-2025 10:00,10.942451,76.978996,PM2.5,9,269,57
India,TamilNadu,Coimbatore,"SIDCO Kurichi, Coimbatore - TNPCB",25-03-2025 10:00,10.942451,76.978996,PM10,49,83,63
India,TamilNadu,Chengalpattu,"Crescent University, Chengalpattu - TNPCB",25-03-2025 10:00,12.8777316,80.0834807,PM10,49,80,62
India,Rajasthan,Udaipur,"Ashok Nagar, Udaipur - RSPCB",25-03-2025 10:00,24.5886166,73.6321397,NH3,6,7,6
India,TamilNadu,Tirupur,"Kumaran College, Tirupur - TNPCB",25-03-2025 10:00,11.0973603,77.3228673,PM10,23,145,68
India,TamilNadu,Vellore,"Vasanthapuram, Vellore - TNPCB",25-03-2025 10:00,12.909494,79.131861,CO,14,16,15
India,Telangana,Hyderabad,"Bollaram Industrial Area, Hyderabad - TSPCB",25-03-2025 10:00,17.540891,78.358528,PM2.5,0,0,0
India,Telangana,Hyderabad,"Bollaram Industrial Area, Hyderabad - TSPCB",25-03-2025 10:00,17.540891,78.358528,NO2,0,0,0
India,Telangana,Hyderabad,"Bollaram Industrial Area, Hyderabad - TSPCB",25-03-2025 10:00,17.540891,78.358528,SO2,0,0,0
India,Telangana,Hyderabad,"Central University, Hyderabad - TSPCB",25-03-2025 10:00,17.460103,78.334361,PM2.5,25,56,37
India,TamilNadu,Salem,"Sona College of Technology, Salem - TNPCB",25-03-2025 10:00,11.679111,78.125052,NH3,3,3,3
India,TamilNadu,Thanjavur,"Parisutham Nagar, Thanjavur - TNPCB",25-03-2025 10:00,10.7654824,79.1389968,PM10,36,54,45
India,TamilNadu,Thanjavur,"Parisutham Nagar, Thanjavur - TNPCB",25-03-2025 10:00,10.7654824,79.1389968,SO2,16,17,16
India,TamilNadu,Thoothukudi,"Meelavittan, Thoothukudi - TNPCB",25-03-2025 10:00,8.816428,78.099039,PM10,32,62,39
India,TamilNadu,Thoothukudi,"Meelavittan, Thoothukudi - TNPCB",25-03-2025 10:00,8.816428,78.099039,NO2,4,5,5
India,Telangana,Hyderabad,"Kokapet, Hyderabad - TSPCB",25-03-2025 10:00,17.393559,78.339194,SO2,12,13,12
India,Telangana,Hyderabad,"Kokapet, Hyderabad - TSPCB",25-03-2025 10:00,17.393559,78.339194,CO,14,14,14
India,Telangana,Hyderabad,"Kokapet, Hyderabad - TSPCB",25-03-2025 10:00,17.393559,78.339194,OZONE,13,18,14
India,Telangana,Hyderabad,"Kompally Municipal Office, Hyderabad - TSPCB",25-03-2025 10:00,17.544899,78.486949,SO2,6,13,10
India,Telangana,Hyderabad,"Kompally Municipal Office, Hyderabad - TSPCB",25-03-2025 10:00,17.544899,78.486949,OZONE,31,41,31
India,Telangana,Hyderabad,"Nacharam_TSIIC IALA, Hyderabad - TSPCB",25-03-2025 10:00,17.429398,78.569354,PM10,95,101,98
India,Telangana,Hyderabad,"ICRISAT Patancheru, Hyderabad - TSPCB",25-03-2025 10:00,17.5184,78.278777,OZONE,3,81,16
India,Telangana,Hyderabad,"IDA Pashamylaram, Hyderabad - TSPCB",25-03-2025 10:00,17.5316895,78.218939,NO2,36,67,45
India,Telangana,Hyderabad,"IITH Kandi, Hyderabad - TSPCB",25-03-2025 10:00,17.585705,78.126199,PM10,66,97,82
India,Telangana,Hyderabad,"IITH Kandi, Hyderabad - TSPCB",25-03-2025 10:00,17.585705,78.126199,NH3,2,3,2
India,Telangana,Hyderabad,"IITH Kandi, Hyderabad - TSPCB",25-03-2025 10:00,17.585705,78.126199,SO2,12,18,13
India,Uttar_Pradesh,Agra,"Sanjay Palace, Agra - UPPCB",25-03-2025 10:00,27.19865833,78.00598056,SO2,1,17,10
India,Uttar_Pradesh,Agra,"Sector-3B Avas Vikas Colony, Agra - UPPCB",25-03-2025 10:00,27.19412,77.96237,NH3,2,6,3
India,Uttar_Pradesh,Agra,"Shahjahan Garden, Agra - UPPCB",25-03-2025 10:00,27.169338,78.03582,OZONE,4,93,26
India,Uttar_Pradesh,Agra,"Shastripuram, Agra - UPPCB",25-03-2025 10:00,27.19862,77.92066,CO,8,28,17
India,Uttar_Pradesh,Agra,"Shastripuram, Agra - UPPCB",25-03-2025 10:00,27.19862,77.92066,OZONE,2,6,4
India,Uttar_Pradesh,Baghpat,"Sardar Patel Inter College, Baghpat - UPPCB",25-03-2025 10:00,28.964949,77.278761,NO2,0,0,0
India,Uttar_Pradesh,Agra,"Manoharpur, Agra - UPPCB",25-03-2025 10:00,27.23711,78.01936,NO2,9,11,9
India,Uttar_Pradesh,Agra,"Rohta, Agra - UPPCB",25-03-2025 10:00,27.106972,78.000111,NH3,3,4,4
India,Uttar_Pradesh,Agra,"Rohta, Agra - UPPCB",25-03-2025 10:00,27.106972,78.000111,SO2,12,22,16
India,Telangana,Hyderabad,"Central University, Hyderabad - TSPCB",25-03-2025 10:00,17.460103,78.334361,NH3,2,7,4
India,Telangana,Hyderabad,"ECIL Kapra, Hyderabad - TSPCB",25-03-2025 10:00,17.470431,78.566959,CO,28,47,43
India,Telangana,Hyderabad,"Somajiguda, Hyderabad - TSPCB",25-03-2025 10:00,17.417094,78.457437,NO2,7,7,7
India,Telangana,Hyderabad,"Zoo Park, Hyderabad - TSPCB",25-03-2025 10:00,17.349694,78.451437,PM10,73,155,128
India,Uttar_Pradesh,Greater Noida,"Knowledge Park - V, Greater Noida - UPPCB",25-03-2025 10:00,28.557054,77.453663,PM10,61,414,222
India,Uttar_Pradesh,Hapur,"Anand Vihar, Hapur - UPPCB",25-03-2025 10:00,28.725645,77.749675,PM10,51,164,106
India,Uttar_Pradesh,Hapur,"Anand Vihar, Hapur - UPPCB",25-03-2025 10:00,28.725645,77.749675,NH3,9,13,10
India,Uttar_Pradesh,Jhansi,"Shivaji Nagar, Jhansi - UPPCB",25-03-2025 10:00,25.4547,78.6039,PM2.5,19,170,65
India,Uttar_Pradesh,Jhansi,"Shivaji Nagar, Jhansi - UPPCB",25-03-2025 10:00,25.4547,78.6039,OZONE,1,18,4
India,Uttar_Pradesh,Kanpur,"FTI Kidwai Nagar, Kanpur - UPPCB",25-03-2025 10:00,26.428282,80.327067,NH3,2,2,2
India,Uttar_Pradesh,Kanpur,"FTI Kidwai Nagar, Kanpur - UPPCB",25-03-2025 10:00,26.428282,80.327067,CO,24,74,38
India,Uttar_Pradesh,Kanpur,"NSI Kalyanpur, Kanpur - UPPCB",25-03-2025 10:00,26.509954,80.249612,PM10,80,141,115
India,Uttar_Pradesh,Baghpat,"Sardar Patel Inter College, Baghpat - UPPCB",25-03-2025 10:00,28.964949,77.278761,OZONE,0,0,0
India,Uttar_Pradesh,Bareilly,"Civil Lines, Bareilly - UPPCB",25-03-2025 10:00,28.359581,79.414455,PM10,9,23,15
India,Uttar_Pradesh,Bareilly,"Civil Lines, Bareilly - UPPCB",25-03-2025 10:00,28.359581,79.414455,NO2,2,6,2
India,Uttar_Pradesh,Bareilly,"Civil Lines, Bareilly - UPPCB",25-03-2025 10:00,28.359581,79.414455,NH3,1,2,1
India,Uttar_Pradesh,Bareilly,"Rajendra Nagar, Bareilly - UPPCB",25-03-2025 10:00,28.38910936,79.42963708,NO2,2,3,2
India,Uttar_Pradesh,Bareilly,"Rajendra Nagar, Bareilly - UPPCB",25-03-2025 10:00,28.38910936,79.42963708,SO2,25,27,26
India,Uttar_Pradesh,Bareilly,"Rajendra Nagar, Bareilly - UPPCB",25-03-2025 10:00,28.38910936,79.42963708,OZONE,1,50,4
India,Uttar_Pradesh,Bulandshahr,"Yamunapuram, Bulandshahr - UPPCB",25-03-2025 10:00,28.406963,77.849831,NO2,18,141,67
India,Uttar_Pradesh,Ghaziabad,"Loni, Ghaziabad - UPPCB",25-03-2025 10:00,28.757294,77.278792,OZONE,2,114,25
India,Uttar_Pradesh,Ghaziabad,"Sanjay Nagar, Ghaziabad - UPPCB",25-03-2025 10:00,28.685382,77.453839,PM2.5,65,461,262
India,Uttar_Pradesh,Ghaziabad,"Sanjay Nagar, Ghaziabad - UPPCB",25-03-2025 10:00,28.685382,77.453839,PM10,134,500,274
India,Uttar_Pradesh,Ghaziabad,"Sanjay Nagar, Ghaziabad - UPPCB",25-03-2025 10:00,28.685382,77.453839,NH3,8,11,10
India,Uttar_Pradesh,Ghaziabad,"Vasundhara, Ghaziabad - UPPCB",25-03-2025 10:00,28.6603346,77.3572563,NH3,4,8,7
India,Uttar_Pradesh,Gorakhpur,"Madan Mohan Malaviya University of Technology, Gorakhpur - UPPCB",25-03-2025 10:00,26.730136,83.433859,NO2,11,12,11
India,Uttar_Pradesh,Gorakhpur,"Madan Mohan Malaviya University of Technology, Gorakhpur - UPPCB",25-03-2025 10:00,26.730136,83.433859,NH3,1,1,1
India,Uttar_Pradesh,Khurja,"Kalindi Kunj, Khurja - UPPCB",25-03-2025 10:00,28.2348927,77.8683002,CO,27,62,55
India,Uttar_Pradesh,Lucknow,"B R Ambedkar University, Lucknow - UPPCB",25-03-2025 10:00,26.766433,80.927299,NO2,12,12,12
India,Uttar_Pradesh,Lucknow,"B R Ambedkar University, Lucknow - UPPCB",25-03-2025 10:00,26.766433,80.927299,NH3,3,4,4
India,Uttar_Pradesh,Lucknow,"Gomti Nagar, Lucknow - UPPCB",25-03-2025 10:00,26.86812,81.005119,PM10,45,128,84
India,Uttar_Pradesh,Lucknow,"Gomti Nagar, Lucknow - UPPCB",25-03-2025 10:00,26.86812,81.005119,SO2,9,12,10
India,Uttar_Pradesh,Firozabad,"Vibhab Nagar, Firozabad - UPPCB",25-03-2025 10:00,27.1594,78.3953,PM2.5,25,268,91
India,Uttar_Pradesh,Ghaziabad,"Indirapuram, Ghaziabad - UPPCB",25-03-2025 10:00,28.646233,77.358075,SO2,1,111,25
India,Uttar_Pradesh,Ghaziabad,"Loni, Ghaziabad - UPPCB",25-03-2025 10:00,28.757294,77.278792,PM2.5,0,0,0
India,Uttar_Pradesh,Ghaziabad,"Loni, Ghaziabad - UPPCB",25-03-2025 10:00,28.757294,77.278792,PM10,0,0,0
India,Uttar_Pradesh,Moradabad,"Eco Herbal Park, Moradabad - UPPCB",25-03-2025 10:00,28.840739,78.697531,PM2.5,27,322,76
India,Uttar_Pradesh,Moradabad,"Eco Herbal Park, Moradabad - UPPCB",25-03-2025 10:00,28.840739,78.697531,CO,10,103,67
India,Uttar_Pradesh,Moradabad,"Employment Office, Moradabad - UPPCB",25-03-2025 10:00,28.88528,78.7388,NH3,4,4,4
India,Uttar_Pradesh,Moradabad,"Employment Office, Moradabad - UPPCB",25-03-2025 10:00,28.88528,78.7388,CO,30,63,58
India,Uttar_Pradesh,Lucknow,"Gomti Nagar, Lucknow - UPPCB",25-03-2025 10:00,26.86812,81.005119,OZONE,34,47,37
India,Uttar_Pradesh,Lucknow,"Kendriya Vidyalaya, Lucknow - CPCB",25-03-2025 10:00,26.906111,80.948222,PM2.5,84,329,231
India,Uttar_Pradesh,Lucknow,"Kukrail Picnic Spot-1, Lucknow - UPPCB",25-03-2025 10:00,26.90723,80.98579,PM10,56,126,90
India,Uttar_Pradesh,Lucknow,"Kukrail Picnic Spot-1, Lucknow - UPPCB",25-03-2025 10:00,26.90723,80.98579,SO2,33,38,35
India,Uttar_Pradesh,Lucknow,"Lalbagh, Lucknow - CPCB",25-03-2025 10:00,26.8458805,80.9365541,PM2.5,82,341,234
India,Uttar_Pradesh,Lucknow,"Lalbagh, Lucknow - CPCB",25-03-2025 10:00,26.8458805,80.9365541,NH3,10,25,17
India,Uttar_Pradesh,Meerut,"Jai Bhim Nagar, Meerut - UPPCB",25-03-2025 10:00,28.9535882,77.7622941,PM2.5,28,182,99
India,Uttar_Pradesh,Meerut,"Jai Bhim Nagar, Meerut - UPPCB",25-03-2025 10:00,28.9535882,77.7622941,NO2,17,59,36
India,Uttar_Pradesh,Meerut,"Pallavpuram Phase 2, Meerut - UPPCB",25-03-2025 10:00,29.06351,77.709723,CO,10,76,59
India,Uttar_Pradesh,Moradabad,"Jigar Colony, Moradabad - UPPCB",25-03-2025 10:00,28.856664,78.772638,CO,18,48,31
India,Uttar_Pradesh,Moradabad,"Jigar Colony, Moradabad - UPPCB",25-03-2025 10:00,28.856664,78.772638,OZONE,15,27,15
India,Uttar_Pradesh,Moradabad,"Kashiram Nagar, Moradabad - UPPCB",25-03-2025 10:00,28.849399,78.742362,PM2.5,19,309,84
India,Uttar_Pradesh,Moradabad,"Kashiram Nagar, Moradabad - UPPCB",25-03-2025 10:00,28.849399,78.742362,OZONE,13,30,14
India,Uttar_Pradesh,Moradabad,"Transport Nagar, Moradabad - UPPCB",25-03-2025 10:00,28.802625,78.753728,PM10,39,139,84
India,Uttar_Pradesh,Moradabad,"Transport Nagar, Moradabad - UPPCB",25-03-2025 10:00,28.802625,78.753728,NH3,5,5,5
India,Uttar_Pradesh,Moradabad,"Transport Nagar, Moradabad - UPPCB",25-03-2025 10:00,28.802625,78.753728,SO2,43,67,48
India,Uttar_Pradesh,Muzaffarnagar,"New Mandi, Muzaffarnagar - UPPCB",25-03-2025 10:00,29.4723508,77.7194031,PM10,98,325,184
India,Uttar_Pradesh,Muzaffarnagar,"New Mandi, Muzaffarnagar - UPPCB",25-03-2025 10:00,29.4723508,77.7194031,NO2,21,92,53
India,Uttar_Pradesh,Muzaffarnagar,"New Mandi, Muzaffarnagar - UPPCB",25-03-2025 10:00,29.4723508,77.7194031,OZONE,38,176,54
India,Uttar_Pradesh,Noida,"Sector - 125, Noida - UPPCB",25-03-2025 10:00,28.5447608,77.3231257,NO2,38,129,91
India,Uttar_Pradesh,Noida,"Sector - 125, Noida - UPPCB",25-03-2025 10:00,28.5447608,77.3231257,NH3,11,21,15
India,West_Bengal,Haldia,"Priyambada Housing Estate, Haldia - WBPCB",25-03-2025 10:00,22.06047,88.109737,OZONE,19,290,22
India,West_Bengal,Howrah,"Belur Math, Howrah - WBPCB",25-03-2025 10:00,22.629801,88.352017,NH3,1,2,1
India,West_Bengal,Howrah,"Botanical Garden, Howrah - WBPCB",25-03-2025 10:00,22.554954,88.292568,PM2.5,58,210,134
India,West_Bengal,Howrah,"Botanical Garden, Howrah - WBPCB",25-03-2025 10:00,22.554954,88.292568,PM10,72,188,132
India,West_Bengal,Howrah,"Botanical Garden, Howrah - WBPCB",25-03-2025 10:00,22.554954,88.292568,OZONE,9,69,22
India,West_Bengal,Howrah,"Dasnagar, Howrah - WBPCB",25-03-2025 10:00,22.6025571,88.3105664,NH3,4,11,7
India,West_Bengal,Howrah,"Dasnagar, Howrah - WBPCB",25-03-2025 10:00,22.6025571,88.3105664,SO2,8,111,37
India,West_Bengal,Howrah,"Dasnagar, Howrah - WBPCB",25-03-2025 10:00,22.6025571,88.3105664,OZONE,2,248,38
India,West_Bengal,Howrah,"Ghusuri, Howrah - WBPCB",25-03-2025 10:00,22.611968,88.347422,PM2.5,91,309,185
India,West_Bengal,Asansol,"Asansol Court Area, Asansol - WBPCB",25-03-2025 10:00,23.685297,86.945968,NO2,10,73,40
India,West_Bengal,Asansol,"Evelyn Lodge, Asansol - WBPCB",25-03-2025 10:00,23.697936,86.944395,PM2.5,80,318,175
India,West_Bengal,Asansol,"Evelyn Lodge, Asansol - WBPCB",25-03-2025 10:00,23.697936,86.944395,NH3,1,3,2
India,West_Bengal,Asansol,"Evelyn Lodge, Asansol - WBPCB",25-03-2025 10:00,23.697936,86.944395,SO2,3,13,7
India,West_Bengal,Asansol,"Mahabir Colliery, Asansol - WBPCB",25-03-2025 10:00,23.618183,87.105718,PM2.5,74,354,164
India,West_Bengal,Asansol,"Mahabir Colliery, Asansol - WBPCB",25-03-2025 10:00,23.618183,87.105718,NO2,11,95,45
India,West_Bengal,Asansol,"Mahabir Colliery, Asansol - WBPCB",25-03-2025 10:00,23.618183,87.105718,NH3,1,8,5
India,West_Bengal,Asansol,"Trivenidevi Bhalotia College, Asansol - WBPCB",25-03-2025 10:00,23.616515,87.119133,NH3,3,4,3
India,West_Bengal,Asansol,"Trivenidevi Bhalotia College, Asansol - WBPCB",25-03-2025 10:00,23.616515,87.119133,SO2,19,52,29
India,West_Bengal,Durgapur,"Mahishkapur Road_B-Zone, Durgapur - WBPCB",25-03-2025 10:00,23.567923,87.306843,PM10,102,226,164
India,West_Bengal,Durgapur,"Mahishkapur Road_B-Zone, Durgapur - WBPCB",25-03-2025 10:00,23.567923,87.306843,CO,28,72,55
India,West_Bengal,Durgapur,"PCBL Residential Complex, Durgapur - WBPCB",25-03-2025 10:00,23.508764,87.35444,PM10,66,304,150
India,Uttar_Pradesh,Prayagraj,"Jhunsi, Prayagraj - UPPCB",25-03-2025 10:00,25.425602,81.917152,PM2.5,34,190,80
India,Uttar_Pradesh,Prayagraj,"Jhunsi, Prayagraj - UPPCB",25-03-2025 10:00,25.425602,81.917152,PM10,47,221,128
India,Uttar_Pradesh,Prayagraj,"Motilal Nehru NIT, Prayagraj - UPPCB",25-03-2025 10:00,25.494,81.863,PM10,36,119,80
India,Uttar_Pradesh,Prayagraj,"Motilal Nehru NIT, Prayagraj - UPPCB",25-03-2025 10:00,25.494,81.863,OZONE,4,54,8
India,Uttar_Pradesh,Prayagraj,"Nagar Nigam, Prayagraj - UPPCB",25-03-2025 10:00,25.44919916,81.82735986,PM10,38,141,103
India,Uttar_Pradesh,Prayagraj,"Nagar Nigam, Prayagraj - UPPCB",25-03-2025 10:00,25.44919916,81.82735986,NH3,10,22,15
India,Uttar_Pradesh,Noida,"Sector-1, Noida - UPPCB",25-03-2025 10:00,28.5898,77.3101,PM2.5,24,208,97
India,Uttar_Pradesh,Noida,"Sector-1, Noida - UPPCB",25-03-2025 10:00,28.5898,77.3101,NH3,5,13,9
India,Uttar_Pradesh,Noida,"Sector-1, Noida - UPPCB",25-03-2025 10:00,28.5898,77.3101,CO,2,101,43
India,Uttar_Pradesh,Noida,"Sector-116, Noida - UPPCB",25-03-2025 10:00,28.56923,77.393848,PM2.5,38,364,224
India,Uttar_Pradesh,Vrindavan,"Omex Eternity, Vrindavan - UPPCB",25-03-2025 10:00,27.571409,77.655757,PM10,16,167,89
India,Uttarakhand,Dehradun,"Doon University, Dehradun - UKPCB",25-03-2025 10:00,30.269444,78.044167,SO2,1,5,2
India,Uttar_Pradesh,Varanasi,"IESD Banaras Hindu University, Varanasi - UPPCB",25-03-2025 10:00,25.262326,82.995408,PM10,41,126,84
India,Uttar_Pradesh,Varanasi,"Maldahiya, Varanasi - UPPCB",25-03-2025 10:00,25.32393,82.99687,PM2.5,22,104,55
India,Uttar_Pradesh,Varanasi,"Ardhali Bazar, Varanasi - UPPCB",25-03-2025 10:00,25.3505986,82.9083074,CO,5,32,23
India,Uttar_Pradesh,Varanasi,"Ardhali Bazar, Varanasi - UPPCB",25-03-2025 10:00,25.3505986,82.9083074,OZONE,27,30,29
India,West_Bengal,Howrah,"Ghusuri, Howrah - WBPCB",25-03-2025 10:00,22.611968,88.347422,OZONE,7,14,9
India,West_Bengal,Howrah,"Padmapukur, Howrah - WBPCB",25-03-2025 10:00,22.5687319,88.2797276,PM2.5,2,316,199
India,West_Bengal,Howrah,"Padmapukur, Howrah - WBPCB",25-03-2025 10:00,22.5687319,88.2797276,NH3,3,30,10
India,West_Bengal,Howrah,"Padmapukur, Howrah - WBPCB",25-03-2025 10:00,22.5687319,88.2797276,CO,35,52,42
India,West_Bengal,Howrah,"Padmapukur, Howrah - WBPCB",25-03-2025 10:00,22.5687319,88.2797276,OZONE,10,58,18
India,West_Bengal,Kolkata,"Bidhannagar, Kolkata - WBPCB",25-03-2025 10:00,22.58157048,88.41002457,PM10,58,102,80
India,West_Bengal,Kolkata,"Bidhannagar, Kolkata - WBPCB",25-03-2025 10:00,22.58157048,88.41002457,NO2,13,24,17
India,West_Bengal,Kolkata,"Jadavpur, Kolkata - WBPCB",25-03-2025 10:00,22.49929,88.36917,OZONE,10,99,21
India,West_Bengal,Kolkata,"Rabindra Sarobar, Kolkata - WBPCB",25-03-2025 10:00,22.51106,88.35142,PM10,63,102,81
India,West_Bengal,Kolkata,"Victoria, Kolkata - WBPCB",25-03-2025 10:00,22.5448082,88.3403691,NO2,27,58,37
India,West_Bengal,Kolkata,"Victoria, Kolkata - WBPCB",25-03-2025 10:00,22.5448082,88.3403691,SO2,3,11,7
India,West_Bengal,Siliguri,"Ward-32 Bapupara, Siliguri - WBPCB",25-03-2025 10:00,26.6879226,88.4152495,NO2,19,27,23
India,West_Bengal,Siliguri,"Ward-32 Bapupara, Siliguri - WBPCB",25-03-2025 10:00,26.6879226,88.4152495,SO2,11,16,13
India,Andhra_Pradesh,Anantapur,"Gulzarpet, Anantapur - APPCB",25-03-2025 10:00,14.675886,77.593027,OZONE,4,40,8
India,Andhra_Pradesh,Chittoor,"Gangineni Cheruvu, Chittoor - APPCB",25-03-2025 10:00,13.20488,79.097889,NO2,11,17,13
India,Andhra_Pradesh,Chittoor,"Gangineni Cheruvu, Chittoor - APPCB",25-03-2025 10:00,13.20488,79.097889,SO2,2,3,3
India,Andhra_Pradesh,Chittoor,"Gangineni Cheruvu, Chittoor - APPCB",25-03-2025 10:00,13.20488,79.097889,CO,6,17,6
India,Andhra_Pradesh,Kadapa,"Yerramukkapalli, Kadapa - APPCB",25-03-2025 10:00,14.465052,78.824187,NH3,4,5,4
India,Andhra_Pradesh,Rajamahendravaram,"Anand Kala Kshetram, Rajamahendravaram - APPCB",25-03-2025 10:00,16.9872867,81.7363176,SO2,10,12,11
India,Assam,Silchar,"Tarapur, Silchar - PCBA",25-03-2025 10:00,24.82827,92.79525,PM2.5,22,73,52
India,Bihar,Araria,"Kharahiya Basti, Araria - BSPCB",25-03-2025 10:00,26.146529,87.454184,SO2,22,27,24
India,Bihar,Arrah,"New DM Office, Arrah - BSPCB",25-03-2025 10:00,25.5626095,84.663264,PM10,50,176,98
India,Bihar,Arrah,"New DM Office, Arrah - BSPCB",25-03-2025 10:00,25.5626095,84.663264,NO2,5,8,7
India,Bihar,Arrah,"New DM Office, Arrah - BSPCB",25-03-2025 10:00,25.5626095,84.663264,NH3,1,1,1
India,Bihar,Aurangabad,"Gurdeo Nagar, Aurangabad - BSPCB",25-03-2025 10:00,24.75746,84.366208,PM10,45,456,179
India,Andhra_Pradesh,Visakhapatnam,"GVM Corporation, Visakhapatnam - APPCB",25-03-2025 10:00,17.72,83.3,SO2,6,12,9
India,Arunachal_Pradesh,Naharlagun,"Naharlagun, Naharlagun - APSPCB",25-03-2025 10:00,27.103358,93.679645,PM10,0,0,0
India,Assam,Byrnihat,"Central Academy for SFS, Byrnihat - PCBA",25-03-2025 10:00,26.071318,91.87488,PM2.5,0,0,0
India,Assam,Byrnihat,"Central Academy for SFS, Byrnihat - PCBA",25-03-2025 10:00,26.071318,91.87488,NO2,0,0,0
India,Assam,Byrnihat,"Central Academy for SFS, Byrnihat - PCBA",25-03-2025 10:00,26.071318,91.87488,OZONE,0,0,0
India,Assam,Guwahati,"LGBI Airport, Guwahati - PCBA",25-03-2025 10:00,26.10887,91.589544,CO,17,54,29
India,Assam,Guwahati,"LGBI Airport, Guwahati - PCBA",25-03-2025 10:00,26.10887,91.589544,OZONE,15,18,16
India,Bihar,Bhagalpur,"DM Office_Kachari Chowk, Bhagalpur - BSPCB",25-03-2025 10:00,25.251013,86.989001,PM10,34,79,56
India,Bihar,Bhagalpur,"DM Office_Kachari Chowk, Bhagalpur - BSPCB",25-03-2025 10:00,25.251013,86.989001,NH3,1,3,2
India,Bihar,Bhagalpur,"DM Office_Kachari Chowk, Bhagalpur - BSPCB",25-03-2025 10:00,25.251013,86.989001,SO2,23,69,50
India,Bihar,Bhagalpur,"DM Office_Kachari Chowk, Bhagalpur - BSPCB",25-03-2025 10:00,25.251013,86.989001,OZONE,17,30,20
India,Andhra_Pradesh,Vijayawada,"Rajiv Nagar, Vijayawada - APPCB",25-03-2025 10:00,16.554731,80.64911,NH3,3,4,3
India,Andhra_Pradesh,Visakhapatnam,"GVM Corporation, Visakhapatnam - APPCB",25-03-2025 10:00,17.72,83.3,NH3,2,4,2
India,Andhra_Pradesh,Vijayawada,"Rajiv Gandhi Park, Vijayawada - APPCB",25-03-2025 10:00,16.509717,80.612222,CO,27,36,30
India,Andhra_Pradesh,Vijayawada,"Rajiv Nagar, Vijayawada - APPCB",25-03-2025 10:00,16.554731,80.64911,PM2.5,20,62,37
India,Andaman and Nicobar,Sri Vijaya Puram,"Police Line, Sri Vijaya Puram - ANPCC",25-03-2025 10:00,11.654054,92.734055,NO2,18,48,33
India,Assam,Nalbari,"Bata Chowk, Nalbari - PCBA",25-03-2025 10:00,26.446912,91.439057,PM10,75,500,291
India,Assam,Nagaon,"Christianpatty, Nagaon - PCBA",25-03-2025 10:00,26.349082,92.68449,NH3,4,4,4
India,Bihar,Patna,"Samanpura, Patna - BSPCB",25-03-2025 10:00,25.596727,85.085624,NH3,6,7,6
India,Bihar,Patna,"Samanpura, Patna - BSPCB",25-03-2025 10:00,25.596727,85.085624,SO2,6,11,8
India,Bihar,Patna,"Samanpura, Patna - BSPCB",25-03-2025 10:00,25.596727,85.085624,OZONE,45,69,66
India,Bihar,Purnia,"Mariam Nagar, Purnia - BSPCB",25-03-2025 10:00,25.366336,87.117468,NH3,3,3,3
India,Bihar,Purnia,"Mariam Nagar, Purnia - BSPCB",25-03-2025 10:00,25.366336,87.117468,CO,35,117,53
India,Bihar,Rajgir,"Dangi Tola, Rajgir - BSPCB",25-03-2025 10:00,25.0328,85.41948,PM2.5,0,0,0
India,Bihar,Rajgir,"Dangi Tola, Rajgir - BSPCB",25-03-2025 10:00,25.0328,85.41948,NH3,2,2,2
India,Bihar,Rajgir,"Dangi Tola, Rajgir - BSPCB",25-03-2025 10:00,25.0328,85.41948,SO2,1,20,6
India,Bihar,Rajgir,"Dangi Tola, Rajgir - BSPCB",25-03-2025 10:00,25.0328,85.41948,OZONE,32,36,34
India,Bihar,Saharsa,"Police Line, Saharsa - BSPCB",25-03-2025 10:00,25.892357,86.590325,PM10,27,189,102
India,Bihar,Bhagalpur,"Mayaganj, Bhagalpur - BSPCB",25-03-2025 10:00,25.265194,87.012947,PM10,70,258,134
India,Bihar,Bhagalpur,"Mayaganj, Bhagalpur - BSPCB",25-03-2025 10:00,25.265194,87.012947,NH3,2,8,7
India,Bihar,Bhagalpur,"Mayaganj, Bhagalpur - BSPCB",25-03-2025 10:00,25.265194,87.012947,CO,25,61,29
India,Bihar,Bhagalpur,"Mayaganj, Bhagalpur - BSPCB",25-03-2025 10:00,25.265194,87.012947,OZONE,1,9,4
India,Bihar,Bihar Sharif,"D M Colony, Bihar Sharif - BSPCB",25-03-2025 10:00,25.204762,85.51496,PM10,53,183,113
India,Bihar,Bihar Sharif,"D M Colony, Bihar Sharif - BSPCB",25-03-2025 10:00,25.204762,85.51496,NH3,1,2,1
India,Bihar,Bihar Sharif,"D M Colony, Bihar Sharif - BSPCB",25-03-2025 10:00,25.204762,85.51496,OZONE,24,38,29
India,Bihar,Chhapra,"Darshan Nagar, Chhapra - BSPCB",25-03-2025 10:00,25.7808257,84.7446768,SO2,11,38,25
India,Bihar,Gaya,"Collectorate, Gaya - BSPCB",25-03-2025 10:00,24.7955,84.9994,NO2,5,13,9
India,Bihar,Muzaffarpur,"Buddha Colony, Muzaffarpur - BSPCB",25-03-2025 10:00,26.11442,85.39813,OZONE,9,41,22
India,Bihar,Muzaffarpur,"MIT-Daudpur Kothi, Muzaffarpur - BSPCB",25-03-2025 10:00,26.1403345,85.3650192,PM2.5,13,160,76
India,Bihar,Muzaffarpur,"Muzaffarpur Collectorate, Muzaffarpur - BSPCB",25-03-2025 10:00,26.1209,85.3647,PM2.5,30,122,72
India,Bihar,Muzaffarpur,"Muzaffarpur Collectorate, Muzaffarpur - BSPCB",25-03-2025 10:00,26.1209,85.3647,NO2,9,17,12
India,Bihar,Muzaffarpur,"Muzaffarpur Collectorate, Muzaffarpur - BSPCB",25-03-2025 10:00,26.1209,85.3647,CO,16,50,16
India,Bihar,Patna,"DRM Office Danapur, Patna - BSPCB",25-03-2025 10:00,25.586562,85.043586,PM10,100,463,252
India,Bihar,Patna,"Govt. High School Shikarpur, Patna - BSPCB",25-03-2025 10:00,25.592539,85.227158,OZONE,10,23,16
India,Bihar,Gaya,"SFTI Kusdihra, Gaya - BSPCB",25-03-2025 10:00,24.762518,84.982348,SO2,8,9,8
India,Bihar,Hajipur,"Industrial Area, Hajipur - BSPCB",25-03-2025 10:00,25.697189,85.2459,NH3,5,10,7
India,Bihar,Hajipur,"Industrial Area, Hajipur - BSPCB",25-03-2025 10:00,25.697189,85.2459,SO2,5,7,6
India,Bihar,Kishanganj,"SDM Office_Khagra, Kishanganj - BSPCB",25-03-2025 10:00,26.0881305,87.93840336,PM10,35,264,116
India,Bihar,Kishanganj,"SDM Office_Khagra, Kishanganj - BSPCB",25-03-2025 10:00,26.0881305,87.93840336,NH3,10,14,12
India,Bihar,Manguraha,"Forest Rest House, Manguraha - BSPCB",25-03-2025 10:00,27.308328,84.531742,NO2,2,10,5
India,Bihar,Manguraha,"Forest Rest House, Manguraha - BSPCB",25-03-2025 10:00,27.308328,84.531742,CO,31,155,155
India,Bihar,Munger,"Town Hall, Munger - BSPCB",25-03-2025 10:00,25.376776,86.471523,PM10,60,137,101
India,Bihar,Muzaffarpur,"Buddha Colony, Muzaffarpur - BSPCB",25-03-2025 10:00,26.11442,85.39813,PM2.5,74,324,204
India,Bihar,Saharsa,"Police Line, Saharsa - BSPCB",25-03-2025 10:00,25.892357,86.590325,CO,0,0,0
India,Bihar,Samastipur,"DM Office_Kasipur, Samastipur - BSPCB",25-03-2025 10:00,25.859655,85.77944,NO2,1,3,2
India,Bihar,Sasaram,"Dada Peer, Sasaram - BSPCB",25-03-2025 10:00,24.952822,84.002396,PM2.5,60,324,156
India,Bihar,Sasaram,"Dada Peer, Sasaram - BSPCB",25-03-2025 10:00,24.952822,84.002396,PM10,46,164,93
India,Bihar,Siwan,"Chitragupta Nagar, Siwan - BSPCB",25-03-2025 10:00,26.2271665,84.3570427,NO2,6,11,8
India,Chandigarh,Chandigarh,"Sector 22, Chandigarh - CPCC",25-03-2025 10:00,30.735567,76.775714,NO2,19,106,43
India,Chandigarh,Chandigarh,"Sector-25, Chandigarh - CPCC",25-03-2025 10:00,30.751462,76.762879,PM2.5,110,252,176
India,Bihar,Gaya,"Collectorate, Gaya - BSPCB",25-03-2025 10:00,24.7955,84.9994,CO,0,0,0
India,Bihar,Gaya,"Kareemganj, Gaya - BSPCB",25-03-2025 10:00,24.792403,84.992416,PM10,72,306,159
India,Bihar,Gaya,"Kareemganj, Gaya - BSPCB",25-03-2025 10:00,24.792403,84.992416,NO2,2,6,5
India,Bihar,Gaya,"Kareemganj, Gaya - BSPCB",25-03-2025 10:00,24.792403,84.992416,NH3,4,7,5
India,Bihar,Patna,"IGSC Planetarium Complex, Patna - BSPCB",25-03-2025 10:00,25.610369,85.132568,CO,12,26,23
India,Bihar,Patna,"Rajbansi Nagar, Patna - BSPCB",25-03-2025 10:00,25.599486,85.113666,PM10,72,143,114
India,Bihar,Patna,"Samanpura, Patna - BSPCB",25-03-2025 10:00,25.596727,85.085624,PM10,90,391,204
India,Delhi,Delhi,"Dr. Karni Singh Shooting Range, Delhi - DPCC",25-03-2025 10:00,28.498571,77.26484,NO2,36,132,82
India,Delhi,Delhi,"Dr. Karni Singh Shooting Range, Delhi - DPCC",25-03-2025 10:00,28.498571,77.26484,SO2,15,84,36
India,Delhi,Delhi,"Dwarka-Sector 8, Delhi - DPCC ",25-03-2025 10:00,28.5710274,77.0719006,SO2,12,17,14
India,Delhi,Delhi,"IHBAS, Dilshad Garden, Delhi - CPCB",25-03-2025 10:00,28.6811736,77.3025234,NH3,10,14,12
India,Delhi,Delhi,"IHBAS, Dilshad Garden, Delhi - CPCB",25-03-2025 10:00,28.6811736,77.3025234,SO2,11,23,15
India,Delhi,Delhi,"IHBAS, Dilshad Garden, Delhi - CPCB",25-03-2025 10:00,28.6811736,77.3025234,OZONE,9,59,17
India,Delhi,Delhi,"ITO, Delhi - CPCB",25-03-2025 10:00,28.628624,77.24106,PM2.5,41,358,201
India,Delhi,Delhi,"ITO, Delhi - CPCB",25-03-2025 10:00,28.628624,77.24106,NO2,11,360,121
India,Delhi,Delhi,"ITO, Delhi - CPCB",25-03-2025 10:00,28.628624,77.24106,CO,17,136,107
India,Delhi,Delhi,"Jahangirpuri, Delhi - DPCC",25-03-2025 10:00,28.73282,77.170633,PM2.5,58,458,232
India,Delhi,Delhi,"Jahangirpuri, Delhi - DPCC",25-03-2025 10:00,28.73282,77.170633,SO2,2,65,29
India,Delhi,Delhi,"Jawaharlal Nehru Stadium, Delhi - DPCC",25-03-2025 10:00,28.58028,77.233829,PM2.5,22,302,157
India,Delhi,Delhi,"Jawaharlal Nehru Stadium, Delhi - DPCC",25-03-2025 10:00,28.58028,77.233829,NO2,38,117,81
India,Delhi,Delhi,"Jawaharlal Nehru Stadium, Delhi - DPCC",25-03-2025 10:00,28.58028,77.233829,CO,11,113,103
India,Delhi,Delhi,"Burari Crossing, Delhi - IMD",25-03-2025 10:00,28.7256504,77.2011573,NO2,1,12,7
India,Delhi,Delhi,"Burari Crossing, Delhi - IMD",25-03-2025 10:00,28.7256504,77.2011573,CO,38,70,60
India,Delhi,Delhi,"CRRI Mathura Road, Delhi - IMD",25-03-2025 10:00,28.5512005,77.2735737,NO2,81,172,123
India,Delhi,Delhi,"CRRI Mathura Road, Delhi - IMD",25-03-2025 10:00,28.5512005,77.2735737,OZONE,74,274,161
India,Delhi,Delhi,"Dr. Karni Singh Shooting Range, Delhi - DPCC",25-03-2025 10:00,28.498571,77.26484,PM2.5,42,397,208
India,Delhi,Delhi,"Anand Vihar, Delhi - DPCC",25-03-2025 10:00,28.647622,77.315809,PM2.5,53,380,245
India,Delhi,Delhi,"Anand Vihar, Delhi - DPCC",25-03-2025 10:00,28.647622,77.315809,CO,48,172,140
India,Delhi,Delhi,"Ashok Vihar, Delhi - DPCC",25-03-2025 10:00,28.695381,77.181665,CO,12,76,60
India,Delhi,Delhi,"Bawana, Delhi - DPCC",25-03-2025 10:00,28.7762,77.051074,PM2.5,58,439,248
India,Delhi,Delhi,"Bawana, Delhi - DPCC",25-03-2025 10:00,28.7762,77.051074,PM10,99,419,232
India,Chhattisgarh,Raipur,"Siltara Phase-II, Raipur - CECB",25-03-2025 10:00,21.371751,81.664929,PM10,0,0,0
India,Chhattisgarh,Raipur,"Siltara Phase-II, Raipur - CECB",25-03-2025 10:00,21.371751,81.664929,NO2,27,50,37
India,Chhattisgarh,Tumidih,"OP Jindal Industrial Park, Tumidih - CECB",25-03-2025 10:00,22.06631475,83.33820077,SO2,0,0,0
India,Chhattisgarh,Tumidih,"OP Jindal Industrial Park, Tumidih - CECB",25-03-2025 10:00,22.06631475,83.33820077,CO,0,0,0
India,Chhattisgarh,Raipur,"AIIMS, Raipur - CECB",25-03-2025 10:00,21.258815,81.578979,CO,26,61,46
India,Chhattisgarh,Raipur,"Bhatagaon New ISBT, Raipur - CECB",25-03-2025 10:00,21.219665,81.630094,NO2,58,138,86
India,Chhattisgarh,Raipur,"Bhatagaon New ISBT, Raipur - CECB",25-03-2025 10:00,21.219665,81.630094,SO2,3,8,6
India,Chhattisgarh,Raipur,"Bhatagaon New ISBT, Raipur - CECB",25-03-2025 10:00,21.219665,81.630094,OZONE,7,25,10
India,Chhattisgarh,Korba,"Rampur, Korba - CECB",25-03-2025 10:00,22.368195,82.746431,NH3,1,1,1
India,Chhattisgarh,Korba,"Rampur, Korba - CECB",25-03-2025 10:00,22.368195,82.746431,SO2,17,83,26
India,Chhattisgarh,Kunjemura,"OP Jindal School, Kunjemura - CECB",25-03-2025 10:00,22.12665,83.483212,PM2.5,0,0,0
India,Chandigarh,Chandigarh,"Sector-53, Chandigarh - CPCC",25-03-2025 10:00,30.719859,76.738637,NH3,5,10,6
India,Chhattisgarh,Bhilai,"32Bungalows, Bhilai - CECB",25-03-2025 10:00,21.194815,81.31477,CO,10,77,38
India,Chhattisgarh,Bhilai,"Hathkhoj, Bhilai - CECB",25-03-2025 10:00,21.224231,81.40835,CO,0,0,0
India,Chhattisgarh,Bilaspur,"Mangala, Bilaspur - NTPC",25-03-2025 10:00,22.08815,82.13737,PM2.5,18,346,71
India,Delhi,Delhi,"Mandir Marg, Delhi - DPCC",25-03-2025 10:00,28.636429,77.201067,CO,2,44,35
India,Delhi,Delhi,"Mundka, Delhi - DPCC",25-03-2025 10:00,28.684678,77.076574,PM2.5,42,392,222
India,Delhi,Delhi,"Mundka, Delhi - DPCC",25-03-2025 10:00,28.684678,77.076574,CO,24,81,63
India,Delhi,Delhi,"NSIT Dwarka, Delhi - CPCB",25-03-2025 10:00,28.60909,77.0325413,PM10,85,200,147
India,Delhi,Delhi,"Najafgarh, Delhi - DPCC",25-03-2025 10:00,28.570173,76.933762,PM10,56,222,142
India,Delhi,Delhi,"Najafgarh, Delhi - DPCC",25-03-2025 10:00,28.570173,76.933762,NO2,56,148,98
India,Delhi,Delhi,"Najafgarh, Delhi - DPCC",25-03-2025 10:00,28.570173,76.933762,NH3,7,11,9
India,Delhi,Delhi,"Narela, Delhi - DPCC",25-03-2025 10:00,28.822836,77.101981,PM2.5,56,405,249
India,Delhi,Delhi,"Narela, Delhi - DPCC",25-03-2025 10:00,28.822836,77.101981,NH3,6,9,7
India,Delhi,Delhi,"Narela, Delhi - DPCC",25-03-2025 10:00,28.822836,77.101981,SO2,5,42,18
India,Delhi,Delhi,"Patparganj, Delhi - DPCC",25-03-2025 10:00,28.623763,77.287209,OZONE,2,267,16
India,Delhi,Delhi,"Pusa, Delhi - DPCC",25-03-2025 10:00,28.639652,77.146275,PM10,72,234,146
India,Delhi,Delhi,"Pusa, Delhi - DPCC",25-03-2025 10:00,28.639652,77.146275,OZONE,3,49,5
India,Delhi,Delhi,"R K Puram, Delhi - DPCC",25-03-2025 10:00,28.563262,77.186937,CO,3,118,93
India,Delhi,Delhi,"R K Puram, Delhi - DPCC",25-03-2025 10:00,28.563262,77.186937,OZONE,14,28,16
India,Delhi,Delhi,"Rohini, Delhi - DPCC",25-03-2025 10:00,28.732528,77.11992,NO2,11,149,81
India,Delhi,Delhi,"Nehru Nagar, Delhi - DPCC",25-03-2025 10:00,28.56789,77.250515,OZONE,4,307,161
India,Delhi,Delhi,"North Campus, DU, Delhi - IMD",25-03-2025 10:00,28.6573814,77.1585447,PM2.5,56,384,252
India,Delhi,Delhi,"North Campus, DU, Delhi - IMD",25-03-2025 10:00,28.6573814,77.1585447,NO2,8,118,74
India,Delhi,Delhi,"North Campus, DU, Delhi - IMD",25-03-2025 10:00,28.6573814,77.1585447,CO,32,117,106
India,Delhi,Delhi,"Okhla Phase-2, Delhi - DPCC",25-03-2025 10:00,28.530785,77.271255,SO2,6,80,28
India,Delhi,Delhi,"Vivek Vihar, Delhi - DPCC",25-03-2025 10:00,28.672342,77.31526,OZONE,5,274,33
India,Delhi,Delhi,"Wazirpur, Delhi - DPCC",25-03-2025 10:00,28.699793,77.165453,NO2,45,182,110
India,Gujarat,Ahmedabad,"Chandkheda, Ahmedabad - IITM",25-03-2025 10:00,23.107969,72.574648,SO2,0,0,0
India,Gujarat,Ahmedabad,"Gyaspur, Ahmedabad - IITM",25-03-2025 10:00,22.977134,72.553024,SO2,0,0,0
India,Delhi,Delhi,"Lodhi Road, Delhi - IMD",25-03-2025 10:00,28.5918245,77.2273074,OZONE,6,128,17
India,Delhi,Delhi,"Major Dhyan Chand National Stadium, Delhi - DPCC",25-03-2025 10:00,28.611281,77.237738,PM2.5,42,358,202
India,Delhi,Delhi,"Major Dhyan Chand National Stadium, Delhi - DPCC",25-03-2025 10:00,28.611281,77.237738,SO2,10,39,17
India,Delhi,Delhi,"Sirifort, Delhi - CPCB",25-03-2025 10:00,28.5504249,77.2159377,CO,16,105,105
India,Delhi,Delhi,"Sirifort, Delhi - CPCB",25-03-2025 10:00,28.5504249,77.2159377,OZONE,26,65,27
India,Delhi,Delhi,"Sonia Vihar, Delhi - DPCC",25-03-2025 10:00,28.710508,77.249485,PM2.5,40,340,189
India,Delhi,Delhi,"Sonia Vihar, Delhi - DPCC",25-03-2025 10:00,28.710508,77.249485,NH3,5,8,7
India,Delhi,Delhi,"Sri Aurobindo Marg, Delhi - DPCC",25-03-2025 10:00,28.531346,77.190156,PM2.5,33,358,168
India,Delhi,Delhi,"Sri Aurobindo Marg, Delhi - DPCC",25-03-2025 10:00,28.531346,77.190156,NO2,16,124,60
India,Delhi,Delhi,"Vivek Vihar, Delhi - DPCC",25-03-2025 10:00,28.672342,77.31526,PM2.5,51,401,251
India,Delhi,Delhi,"Vivek Vihar, Delhi - DPCC",25-03-2025 10:00,28.672342,77.31526,NO2,22,104,63
India,Delhi,Delhi,"Nehru Nagar, Delhi - DPCC",25-03-2025 10:00,28.56789,77.250515,PM10,78,388,195
India,Karnataka,Bengaluru,"BTM Layout, Bengaluru - CPCB",25-03-2025 10:00,12.9135218,77.5950804,OZONE,24,25,25
India,Karnataka,Bengaluru,"Bapuji Nagar, Bengaluru - KSPCB",25-03-2025 10:00,12.951913,77.539784,PM10,50,134,91
India,Karnataka,Bengaluru,"Bapuji Nagar, Bengaluru - KSPCB",25-03-2025 10:00,12.951913,77.539784,CO,26,79,41
India,Karnataka,Bengaluru,"City Railway Station, Bengaluru - KSPCB",25-03-2025 10:00,12.9756843,77.5660749,SO2,8,15,12
India,Karnataka,Bengaluru,"Hebbal, Bengaluru - KSPCB",25-03-2025 10:00,13.029152,77.585901,SO2,10,16,13
India,Gujarat,Ahmedabad,"Rakhial, Ahmedabad - IITM",25-03-2025 10:00,23.016834,72.625775,CO,16,48,34
India,Gujarat,Ahmedabad,"SVPI Airport Hansol, Ahmedabad - IITM",25-03-2025 10:00,23.076793,72.627874,CO,0,0,0
India,Gujarat,Ahmedabad,"Sardar Vallabhbhai Patel Stadium, Ahmedabad - IITM",25-03-2025 10:00,23.04307,72.562968,NO2,0,0,0
India,Gujarat,Ankleshwar,"GIDC, Ankleshwar - GPCB",25-03-2025 10:00,21.613267,73.010555,PM10,0,0,0
India,Gujarat,Ankleshwar,"GIDC, Ankleshwar - GPCB",25-03-2025 10:00,21.613267,73.010555,CO,6,57,44
India,Haryana,Faridabad,"Sector 30, Faridabad - HSPCB",25-03-2025 10:00,28.4417,77.3217,NO2,36,39,38
India,Haryana,Faridabad,"Sector 30, Faridabad - HSPCB",25-03-2025 10:00,28.4417,77.3217,NH3,11,12,11
India,Haryana,Faridabad,"Sector 30, Faridabad - HSPCB",25-03-2025 10:00,28.4417,77.3217,SO2,6,6,6
India,Haryana,Faridabad,"Sector 30, Faridabad - HSPCB",25-03-2025 10:00,28.4417,77.3217,OZONE,18,19,18
India,Haryana,Gurugram,"Sector-51, Gurugram - HSPCB",25-03-2025 10:00,28.4227,77.0667,PM10,79,419,229
India,Haryana,Gurugram,"Sector-51, Gurugram - HSPCB",25-03-2025 10:00,28.4227,77.0667,CO,10,103,93
India,Haryana,Faridabad,"New Industrial Town, Faridabad - HSPCB",25-03-2025 10:00,28.39072,77.30059,NH3,8,9,9
India,Haryana,Faridabad,"Sector 11, Faridabad - HSPCB",25-03-2025 10:00,28.376058,77.315741,PM2.5,45,45,45
India,Haryana,Faridabad,"Sector 11, Faridabad - HSPCB",25-03-2025 10:00,28.376058,77.315741,NO2,30,32,31
India,Haryana,Faridabad,"Sector 30, Faridabad - HSPCB",25-03-2025 10:00,28.4417,77.3217,PM10,98,102,100
India,Himachal Pradesh,Baddi,"HIMUDA Complex Phase-1, Baddi - HPPCB",25-03-2025 10:00,30.943887,76.801991,NH3,5,7,6
India,Himachal Pradesh,Baddi,"HIMUDA Complex Phase-1, Baddi - HPPCB",25-03-2025 10:00,30.943887,76.801991,SO2,13,106,35
India,Jharkhand,Dhanbad,"Sardar Patel Nagar, Dhanbad - JSPCB",25-03-2025 10:00,23.80569,86.44268,NO2,126,127,126
India,Gujarat,Surat,"Science Center, Surat - SMC",25-03-2025 10:00,21.170046,72.795405,SO2,43,49,45
India,Gujarat,Vapi,"Phase-1 GIDC, Vapi - GPCB",25-03-2025 10:00,20.362421,72.918013,PM2.5,61,329,145
India,Gujarat,Vapi,"Phase-1 GIDC, Vapi - GPCB",25-03-2025 10:00,20.362421,72.918013,NO2,13,14,14
India,Gujarat,Vapi,"Phase-1 GIDC, Vapi - GPCB",25-03-2025 10:00,20.362421,72.918013,SO2,30,39,35
India,Karnataka,Belgaum,"Ramteerth Nagar, Belgaum - KSPCB",25-03-2025 10:00,15.888653,74.541751,OZONE,18,24,20
India,Karnataka,Bengaluru,"BTM Layout, Bengaluru - CPCB",25-03-2025 10:00,12.9135218,77.5950804,NH3,7,9,7
India,Gujarat,Ahmedabad,"Maninagar, Ahmedabad - GPCB",25-03-2025 10:00,23.002657,72.591912,NO2,0,0,0
India,Gujarat,Ahmedabad,"Raikhad, Ahmedabad - IITM",25-03-2025 10:00,23.020509,72.579261,PM2.5,54,119,76
India,Gujarat,Gandhinagar,"IIPHG Lekawada, Gandhinagar - IITM",25-03-2025 10:00,23.243639,72.68994,SO2,0,0,0
India,Karnataka,Bengaluru,"Peenya, Bengaluru - CPCB",25-03-2025 10:00,13.0270199,77.494094,NH3,3,4,3
India,Karnataka,Bengaluru,"Peenya, Bengaluru - CPCB",25-03-2025 10:00,13.0270199,77.494094,SO2,6,16,9
India,Karnataka,Bengaluru,"RVCE-Mailasandra, Bengaluru - KSPCB",25-03-2025 10:00,12.921418,77.502466,NO2,21,22,21
India,Karnataka,Bengaluru,"Sanegurava Halli, Bengaluru - KSPCB",25-03-2025 10:00,12.990328,77.5431385,NO2,21,38,26
India,Karnataka,Bengaluru,"Sanegurava Halli, Bengaluru - KSPCB",25-03-2025 10:00,12.990328,77.5431385,SO2,6,8,7
India,Karnataka,Bengaluru,"Shivapura_Peenya, Bengaluru - KSPCB",25-03-2025 10:00,13.0246342,77.5080115,SO2,5,8,6
India,Karnataka,Bengaluru,"Silk Board, Bengaluru - KSPCB",25-03-2025 10:00,12.917348,77.622813,PM10,54,154,96
India,Karnataka,Bidar,"Naubad, Bidar - KSPCB",25-03-2025 10:00,17.930306,77.482194,PM10,0,0,0
India,Karnataka,Bidar,"Naubad, Bidar - KSPCB",25-03-2025 10:00,17.930306,77.482194,NH3,0,0,0
India,Karnataka,Bidar,"Naubad, Bidar - KSPCB",25-03-2025 10:00,17.930306,77.482194,SO2,0,0,0
India,Karnataka,Bidar,"Naubad, Bidar - KSPCB",25-03-2025 10:00,17.930306,77.482194,OZONE,0,0,0
India,Karnataka,Chamarajanagar,"Urban, Chamarajanagar - KSPCB",25-03-2025 10:00,11.55358,76.55521,PM10,33,62,44
India,Karnataka,Chamarajanagar,"Urban, Chamarajanagar - KSPCB",25-03-2025 10:00,11.55358,76.55521,NH3,1,4,2
India,Karnataka,Chikkaballapur,"Chikkaballapur Rural, Chikkaballapur - KSPCB",25-03-2025 10:00,13.428828,77.731418,PM2.5,0,0,0
India,Karnataka,Chikkaballapur,"Chikkaballapur Rural, Chikkaballapur - KSPCB",25-03-2025 10:00,13.428828,77.731418,PM10,44,114,62
India,Karnataka,Chikkaballapur,"Chikkaballapur Rural, Chikkaballapur - KSPCB",25-03-2025 10:00,13.428828,77.731418,NO2,15,22,19
India,Karnataka,Ramanagara,"Vijay Nagar, Ramanagara - KSPCB",25-03-2025 10:00,12.733409,77.298051,NH3,1,1,1
India,Karnataka,Shivamogga,"Vinoba Nagara, Shivamogga - KSPCB",25-03-2025 10:00,13.94,75.555917,CO,8,30,19
India,Karnataka,Tumakuru,"Thimmalapura, Tumakuru - KSPCB",25-03-2025 10:00,13.377516,77.099072,NH3,2,2,2
India,Karnataka,Tumakuru,"Thimmalapura, Tumakuru - KSPCB",25-03-2025 10:00,13.377516,77.099072,CO,56,58,57
India,Karnataka,Tumakuru,"Thimmalapura, Tumakuru - KSPCB",25-03-2025 10:00,13.377516,77.099072,OZONE,5,7,6
India,Karnataka,Yadgir,"Collector Office, Yadgir - KSPCB",25-03-2025 10:00,16.7602,77.1428,CO,12,34,20
India,Karnataka,Bengaluru,"Hebbal, Bengaluru - KSPCB",25-03-2025 10:00,13.029152,77.585901,CO,4,31,22
India,Karnataka,Bengaluru,"Hombegowda Nagar, Bengaluru - KSPCB",25-03-2025 10:00,12.938539,77.5901,NH3,2,6,3
India,Karnataka,Bengaluru,"Jayanagar 5th Block, Bengaluru - KSPCB",25-03-2025 10:00,12.920984,77.584908,NO2,12,29,17
India,Karnataka,Bengaluru,"Jigani, Bengaluru - KSPCB",25-03-2025 10:00,12.7816279,77.6299145,PM2.5,7,196,63
India,Karnataka,Bengaluru,"Jigani, Bengaluru - KSPCB",25-03-2025 10:00,12.7816279,77.6299145,PM10,46,121,78
India,Karnataka,Bengaluru,"Jigani, Bengaluru - KSPCB",25-03-2025 10:00,12.7816279,77.6299145,NH3,7,7,7
India,Kerala,Eloor,"Udyogamandal, Eloor - Kerala PCB",25-03-2025 10:00,10.073232,76.302765,NH3,1,1,1
India,Kerala,Kannur,"Thavakkara, Kannur - Kerala PCB",25-03-2025 10:00,11.875,75.3732,PM2.5,45,51,48
India,Kerala,Thiruvananthapuram,"Plammoodu, Thiruvananthapuram - Kerala PCB",25-03-2025 10:00,8.5149093,76.9435879,NO2,4,12,9
India,Karnataka,Davanagere,"Devaraj Urs Badavane, Davanagere - KSPCB",25-03-2025 10:00,14.4758,75.9052,OZONE,19,20,19
India,Karnataka,Dharwad,"Kalabhavan, Dharwad - KSPCB",25-03-2025 10:00,15.459706,75.008381,PM10,59,73,67
India,Karnataka,Dharwad,"Kalabhavan, Dharwad - KSPCB",25-03-2025 10:00,15.459706,75.008381,SO2,1,4,2
India,Karnataka,Dharwad,"Kalabhavan, Dharwad - KSPCB",25-03-2025 10:00,15.459706,75.008381,OZONE,6,39,8
India,Karnataka,Gadag,"Panchal Nagar, Gadag - KSPCB",25-03-2025 10:00,15.411456,75.638133,NO2,1,37,15
India,Karnataka,Kalaburagi,"Mahatma Basaveswar Colony, Kalaburgi - KSPCB",25-03-2025 10:00,17.336318,76.847397,NO2,10,21,13
India,Karnataka,Karwar,"KHB Colony, Karwar - KSPCB",25-03-2025 10:00,14.816666,74.141003,SO2,23,24,24
India,Karnataka,Karwar,"KHB Colony, Karwar - KSPCB",25-03-2025 10:00,14.816666,74.141003,CO,10,10,10
India,Karnataka,Mangalore,"Kadri, Mangalore - KSPCB",25-03-2025 10:00,12.88925,74.853,PM10,0,0,0
India,Madhya Pradesh,Indore,"Vijay Nagar Scheme-78, Indore - Glenmark",25-03-2025 10:00,22.76726,75.8871,PM2.5,50,54,52
India,Madhya Pradesh,Indore,"Vijay Nagar Scheme-78, Indore - Glenmark",25-03-2025 10:00,22.76726,75.8871,SO2,27,29,28
India,Madhya Pradesh,Jabalpur,"Govindh Bhavan Colony, Jabalpur - JMC",25-03-2025 10:00,23.163174,79.973061,SO2,5,28,11
India,Madhya Pradesh,Jabalpur,"Gupteshwar, Jabalpur - JMC",25-03-2025 10:00,23.142888,79.916147,PM10,9,103,57
India,Madhya Pradesh,Jabalpur,"Gupteshwar, Jabalpur - JMC",25-03-2025 10:00,23.142888,79.916147,OZONE,3,121,39
India,Madhya Pradesh,Jabalpur,"Marhatal, Jabalpur - MPPCB",25-03-2025 10:00,23.168606,79.932247,PM2.5,5,179,56
India,Madhya Pradesh,Jabalpur,"Marhatal, Jabalpur - MPPCB",25-03-2025 10:00,23.168606,79.932247,PM10,29,246,98
India,Madhya Pradesh,Jabalpur,"Marhatal, Jabalpur - MPPCB",25-03-2025 10:00,23.168606,79.932247,NO2,21,93,43
India,Madhya Pradesh,Gwalior,"City Center, Gwalior - MPPCB",25-03-2025 10:00,26.203442,78.193251,SO2,13,19,16
India,Madhya Pradesh,Gwalior,"City Center, Gwalior - MPPCB",25-03-2025 10:00,26.203442,78.193251,CO,20,113,32
India,Madhya Pradesh,Gwalior,"Deen Dayal Nagar, Gwalior - MPPCB",25-03-2025 10:00,26.259242,78.216432,NH3,5,8,7
India,Madhya Pradesh,Gwalior,"Deen Dayal Nagar, Gwalior - MPPCB",25-03-2025 10:00,26.259242,78.216432,SO2,16,17,17
India,Madhya Pradesh,Gwalior,"Maharaj Bada, Gwalior - MPPCB",25-03-2025 10:00,26.200388,78.147714,OZONE,7,128,69
India,Madhya Pradesh,Indore,"Airport Area, Indore - IMC",25-03-2025 10:00,22.7289,75.8076,OZONE,4,25,10
India,Madhya Pradesh,Maihar,"Sahilara, Maihar - KJS Cements",25-03-2025 10:00,24.2613009,80.7231783,SO2,8,9,8
India,Madhya Pradesh,Mandideep,"Sector-D Industrial Area, Mandideep - MPPCB",25-03-2025 10:00,23.10844,77.511428,PM2.5,52,442,175
India,Madhya Pradesh,Mandideep,"Sector-D Industrial Area, Mandideep - MPPCB",25-03-2025 10:00,23.10844,77.511428,SO2,13,111,53
India,Madhya Pradesh,Mandideep,"Sector-D Industrial Area, Mandideep - MPPCB",25-03-2025 10:00,23.10844,77.511428,CO,43,66,65
India,Madhya Pradesh,Pithampur,"Sector-2 Industrial Area, Pithampur - MPPCB",25-03-2025 10:00,22.624758,75.675238,PM10,94,258,139
India,Kerala,Thrissur,"Corporation Ground, Thrissur - Kerala PCB",25-03-2025 10:00,10.5324,76.2159,NO2,8,10,9
India,Kerala,Thrissur,"Corporation Ground, Thrissur - Kerala PCB",25-03-2025 10:00,10.5324,76.2159,CO,12,24,12
India,Kerala,Thrissur,"Corporation Ground, Thrissur - Kerala PCB",25-03-2025 10:00,10.5324,76.2159,OZONE,28,34,28
India,Madhya Pradesh,Bhopal,"Idgah Hills, Bhopal - MPPCB",25-03-2025 10:00,23.264759,77.381568,NO2,14,58,30
India,Madhya Pradesh,Bhopal,"Idgah Hills, Bhopal - MPPCB",25-03-2025 10:00,23.264759,77.381568,NH3,3,6,4
India,Madhya Pradesh,Pithampur,"Sector-2 Industrial Area, Pithampur - MPPCB",25-03-2025 10:00,22.624758,75.675238,CO,13,87,48
India,Madhya Pradesh,Sagar,"Civil Lines, Sagar - MPPCB",25-03-2025 10:00,23.838586,78.759431,NO2,5,58,19
India,Madhya Pradesh,Sagar,"Deen Dayal Nagar, Sagar - MPPCB",25-03-2025 10:00,23.8640158,78.80289321,NO2,6,101,27
India,Madhya Pradesh,Jabalpur,"Suhagi, Jabalpur - JMC",25-03-2025 10:00,23.218135,79.95777,SO2,14,34,24
India,Madhya Pradesh,Katni,"Gole Bazar, Katni - MPPCB",25-03-2025 10:00,23.50016,80.23284,NH3,2,4,3
India,Madhya Pradesh,Maihar,"Sahilara, Maihar - KJS Cements",25-03-2025 10:00,24.2613009,80.7231783,PM2.5,4,61,27
India,Madhya Pradesh,Satna,"Bandhavgar Colony, Satna - Birla Cement",25-03-2025 10:00,24.58434363,80.8549414,CO,10,29,26
India,Madhya Pradesh,Singrauli,"Suryakiran Bhawan NCL, Singrauli - MPPCB",25-03-2025 10:00,24.10897,82.64558,NH3,1,9,4
India,Madhya Pradesh,Singrauli,"Suryakiran Bhawan NCL, Singrauli - MPPCB",25-03-2025 10:00,24.10897,82.64558,OZONE,3,101,21
India,Madhya Pradesh,Indore,"Chhoti Gwaltoli, Indore - MPPCB",25-03-2025 10:00,22.431,75.5213,PM10,66,248,122
India,Madhya Pradesh,Indore,"Chhoti Gwaltoli, Indore - MPPCB",25-03-2025 10:00,22.431,75.5213,OZONE,3,91,34
India,Madhya Pradesh,Indore,"Residency Area, Indore - IMC",25-03-2025 10:00,22.7084,75.8815,PM2.5,19,160,70
India,Madhya Pradesh,Indore,"Residency Area, Indore - IMC",25-03-2025 10:00,22.7084,75.8815,SO2,29,68,38
India,Madhya Pradesh,Damoh,"Shrivastav Colony, Damoh - MPPCB",25-03-2025 10:00,23.81748678,79.446246,SO2,11,19,17
India,Maharashtra,Jalna,"Old MIDC, Jalna - MPCB",25-03-2025 10:00,19.854616,75.905894,CO,5,21,17
India,Maharashtra,Kalyan,"Khadakpada, Kalyan - MPCB",25-03-2025 10:00,19.25292,73.142019,PM2.5,52,118,84
India,Maharashtra,Kalyan,"Pimpleshwar Mandir, Kalyan - MPCB",25-03-2025 10:00,19.192056,72.9585188,SO2,0,0,0
India,Maharashtra,Kolhapur,"Shivaji University, Kolhapur - MPCB",25-03-2025 10:00,16.6870449,74.2505872,PM2.5,36,71,49
India,Maharashtra,Kolhapur,"Shivaji University, Kolhapur - MPCB",25-03-2025 10:00,16.6870449,74.2505872,NO2,8,14,11
India,Maharashtra,Kolhapur,"Shivaji University, Kolhapur - MPCB",25-03-2025 10:00,16.6870449,74.2505872,NH3,2,9,6
India,Maharashtra,Belapur,"CBD Belapur, Belapur - MPCB",25-03-2025 10:00,19.0243902,73.0406721,PM2.5,54,180,92
India,Maharashtra,Belapur,"CBD Belapur, Belapur - MPCB",25-03-2025 10:00,19.0243902,73.0406721,NH3,7,14,9
India,Maharashtra,Bhiwandi,"Gokul Nagar, Bhiwandi - MPCB",25-03-2025 10:00,19.309073,73.057223,CO,17,55,41
India,Maharashtra,Boisar,"Khaira, Boisar - MPCB",25-03-2025 10:00,19.786089,72.757971,PM2.5,0,0,0
India,Maharashtra,Boisar,"Khaira, Boisar - MPCB",25-03-2025 10:00,19.786089,72.757971,CO,0,0,0
India,Maharashtra,Chandrapur,"Chauhan Colony, Chandrapur - MPCB",25-03-2025 10:00,19.9629,79.298714,CO,10,36,14
India,Maharashtra,Aurangabad,"More Chowk Waluj, Aurangabad - MPCB",25-03-2025 10:00,19.8389439,75.244448,OZONE,0,0,0
India,Maharashtra,Aurangabad,"Rachnakar Colony, Aurangabad - MPCB",25-03-2025 10:00,19.863756,75.321188,NH3,2,4,3
India,Maharashtra,Aurangabad,"Rachnakar Colony, Aurangabad - MPCB",25-03-2025 10:00,19.863756,75.321188,SO2,15,49,28
India,Maharashtra,Aurangabad,"Rachnakar Colony, Aurangabad - MPCB",25-03-2025 10:00,19.863756,75.321188,CO,5,39,20
India,Maharashtra,Aurangabad,"Rachnakar Colony, Aurangabad - MPCB",25-03-2025 10:00,19.863756,75.321188,OZONE,11,127,24
India,Maharashtra,Dhule,"Deopur, Dhule - MPCB",25-03-2025 10:00,20.918946,74.776388,PM2.5,52,189,91
India,Maharashtra,Dhule,"Deopur, Dhule - MPCB",25-03-2025 10:00,20.918946,74.776388,OZONE,11,122,38
India,Maharashtra,Jalgaon,"Prabhat Colony, Jalgaon - MPCB",25-03-2025 10:00,21.001264,75.565602,NH3,2,7,4
India,Maharashtra,Jalna,"Old MIDC, Jalna - MPCB",25-03-2025 10:00,19.854616,75.905894,PM10,52,113,76
India,Maharashtra,Malegaon,"Mahesh Nagar, Malegaon - MPCB",25-03-2025 10:00,20.555712,74.529236,SO2,27,66,34
India,Maharashtra,Mira-Bhayandar,"Bhayandar West, Mira-Bhayandar - MPCB",25-03-2025 10:00,19.296481,72.840923,PM10,0,0,0
India,Maharashtra,Mumbai,"Bandra Kurla Complex, Mumbai - MPCB",25-03-2025 10:00,19.065931,72.862131,NO2,0,0,0
India,Maharashtra,Mumbai,"Bandra Kurla Complex, Mumbai - MPCB",25-03-2025 10:00,19.065931,72.862131,OZONE,0,0,0
India,Maharashtra,Ahmednagar,"Tarakpur, Ahmednagar - MPCB",25-03-2025 10:00,19.10122,74.73339,PM10,44,137,83
India,Maharashtra,Ahmednagar,"Tarakpur, Ahmednagar - MPCB",25-03-2025 10:00,19.10122,74.73339,SO2,3,15,8
India,Maharashtra,Akola,"Ramdaspeth, Akola - MPCB",25-03-2025 10:00,20.719516,77.000253,PM2.5,35,98,54
India,Maharashtra,Amravati,"Shivneri Colony, Amravati - MPCB",25-03-2025 10:00,20.9402359,77.7895248,SO2,9,22,13
India,Maharashtra,Amravati,"Shri Shivaji Science College, Amaravati - MPCB",25-03-2025 10:00,20.939198,77.765701,NH3,0,0,0
India,Maharashtra,Amravati,"Shri Shivaji Science College, Amaravati - MPCB",25-03-2025 10:00,20.939198,77.765701,SO2,0,0,0
India,Maharashtra,Latur,"Sawe Wadi, Latur - MPCB",25-03-2025 10:00,18.39963,76.57452,PM2.5,8,144,86
India,Maharashtra,Mahad,"Kamble Tarf Birwadi, Mahad - MPCB",25-03-2025 10:00,18.1023399,73.4783687,PM2.5,64,220,91
India,Maharashtra,Mahad,"Kamble Tarf Birwadi, Mahad - MPCB",25-03-2025 10:00,18.1023399,73.4783687,OZONE,4,105,28
India,Maharashtra,Mumbai,"Byculla, Mumbai - BMC",25-03-2025 10:00,18.9767,72.838,PM2.5,43,97,64
India,Maharashtra,Mumbai,"Sion, Mumbai - MPCB",25-03-2025 10:00,19.047,72.8746,PM10,67,115,86
India,Maharashtra,Mumbai,"Sion, Mumbai - MPCB",25-03-2025 10:00,19.047,72.8746,NO2,100,130,112
India,Maharashtra,Mumbai,"Sion, Mumbai - MPCB",25-03-2025 10:00,19.047,72.8746,SO2,6,6,6
India,Maharashtra,Mumbai,"Sion, Mumbai - MPCB",25-03-2025 10:00,19.047,72.8746,OZONE,1,1,1
India,Maharashtra,Mumbai,"Vasai West, Mumbai - MPCB",25-03-2025 10:00,19.3832,72.8204,PM2.5,29,121,60
India,Maharashtra,Mumbai,"Vasai West, Mumbai - MPCB",25-03-2025 10:00,19.3832,72.8204,SO2,27,28,28
India,Maharashtra,Mumbai,"Vasai West, Mumbai - MPCB",25-03-2025 10:00,19.3832,72.8204,OZONE,6,10,7
India,Maharashtra,Mumbai,"Vile Parle West, Mumbai - MPCB",25-03-2025 10:00,19.10861,72.83622,PM2.5,30,90,67
India,Maharashtra,Mumbai,"Worli, Mumbai - MPCB",25-03-2025 10:00,18.9936162,72.8128113,PM10,80,144,101
India,Maharashtra,Nagpur,"Ambazari, Nagpur - MPCB",25-03-2025 10:00,21.121801,79.04952,NO2,1,125,22
India,Maharashtra,Mumbai,"Chembur, Mumbai - MPCB",25-03-2025 10:00,19.0364585,72.8954371,CO,0,0,0
India,Maharashtra,Mumbai,"Chembur, Mumbai - MPCB",25-03-2025 10:00,19.0364585,72.8954371,OZONE,0,0,0
India,Maharashtra,Mumbai,"Chhatrapati Shivaji Intl. Airport (T2), Mumbai - MPCB",25-03-2025 10:00,19.10078,72.87462,PM10,79,104,91
India,Maharashtra,Mumbai,"Colaba, Mumbai - MPCB",25-03-2025 10:00,18.91,72.82,PM2.5,14,49,28
India,Maharashtra,Mumbai,"Colaba, Mumbai - MPCB",25-03-2025 10:00,18.91,72.82,PM10,29,168,73
India,Maharashtra,Mumbai,"Colaba, Mumbai - MPCB",25-03-2025 10:00,18.91,72.82,SO2,0,0,0
India,Maharashtra,Mumbai,"Colaba, Mumbai - MPCB",25-03-2025 10:00,18.91,72.82,CO,24,33,29
India,Maharashtra,Mumbai,"Kandivali East, Mumbai - MPCB",25-03-2025 10:00,19.2058,72.8682,PM2.5,83,92,85
India,Maharashtra,Mumbai,"Kandivali East, Mumbai - MPCB",25-03-2025 10:00,19.2058,72.8682,NH3,4,19,8
India,Maharashtra,Nanded,"Sneh Nagar, Nanded - MPCB",25-03-2025 10:00,19.173852,77.296291,OZONE,8,126,34
India,Maharashtra,Nashik,"Gangapur Road, Nashik - MPCB",25-03-2025 10:00,20.0073285,73.7762427,SO2,3,30,7
India,Maharashtra,Nashik,"Hirawadi, Nashik - MPCB",25-03-2025 10:00,20.021503,73.813844,OZONE,3,93,29
India,Maharashtra,Nashik,"MIDC Ambad, Nashik - MPCB",25-03-2025 10:00,19.95022,73.73148,NH3,2,14,4
India,Maharashtra,Nashik,"MIDC Ambad, Nashik - MPCB",25-03-2025 10:00,19.95022,73.73148,CO,6,106,58
India,Maharashtra,Nashik,"Pandav Nagari, Nashik - MPCB",25-03-2025 10:00,19.9591346,73.7788008,PM10,0,0,0
India,Maharashtra,Nashik,"Pandav Nagari, Nashik - MPCB",25-03-2025 10:00,19.9591346,73.7788008,NO2,0,0,0
India,Maharashtra,Nagpur,"Ambazari, Nagpur - MPCB",25-03-2025 10:00,21.121801,79.04952,NH3,1,24,5
India,Maharashtra,Nagpur,"Mahal, Nagpur - MPCB",25-03-2025 10:00,21.14472,79.107595,NH3,3,13,6
India,Maharashtra,Nagpur,"Opp GPO Civil Lines, Nagpur - MPCB",25-03-2025 10:00,21.152875,79.0517531,NO2,18,86,43
India,Maharashtra,Nagpur,"Ram Nagar, Nagpur - MPCB",25-03-2025 10:00,21.143383,79.048912,NH3,3,9,5
India,Maharashtra,Nanded,"Sneh Nagar, Nanded - MPCB",25-03-2025 10:00,19.173852,77.296291,PM2.5,56,111,80
India,Maharashtra,Mumbai,"Kherwadi_Bandra East, Mumbai - MPCB",25-03-2025 10:00,19.0632143,72.8456324,PM10,99,143,118
India,Maharashtra,Mumbai,"Kurla, Mumbai - MPCB",25-03-2025 10:00,19.0863,72.8888,PM10,91,188,118
India,Maharashtra,Mumbai,"Mazgaon, Mumbai - IITM",25-03-2025 10:00,18.96702,72.84214,PM2.5,0,0,0
India,Maharashtra,Mumbai,"Mazgaon, Mumbai - IITM",25-03-2025 10:00,18.96702,72.84214,NH3,0,0,0
India,Maharashtra,Mumbai,"Mulund West, Mumbai - MPCB",25-03-2025 10:00,19.175,72.9419,PM2.5,0,0,0
India,Maharashtra,Mumbai,"Mulund West, Mumbai - MPCB",25-03-2025 10:00,19.175,72.9419,NH3,0,0,0
India,Maharashtra,Mumbai,"Navy Nagar-Colaba, Mumbai - IITM",25-03-2025 10:00,18.897756,72.81332,CO,14,66,50
India,Maharashtra,Mumbai,"Chakala-Andheri East, Mumbai - IITM",25-03-2025 10:00,19.11074,72.86084,OZONE,0,0,0
India,Maharashtra,Mumbai,"Chembur, Mumbai - MPCB",25-03-2025 10:00,19.0364585,72.8954371,SO2,0,0,0
India,Maharashtra,Mumbai,"Shivaji Nagar, Mumbai - BMC",25-03-2025 10:00,19.060498,72.923356,NO2,15,54,28
India,Maharashtra,Mumbai,"Powai, Mumbai - MPCB",25-03-2025 10:00,19.1375,72.915056,SO2,22,24,23
India,Maharashtra,Pune,"Bhosari, Pune - IITM",25-03-2025 10:00,18.640051,73.848956,CO,0,0,0
India,Maharashtra,Pune,"Karve Road, Pune - MPCB",25-03-2025 10:00,18.5011743,73.8165527,NO2,6,8,6
India,Maharashtra,Pune,"Karve Road, Pune - MPCB",25-03-2025 10:00,18.5011743,73.8165527,SO2,25,31,25
India,Maharashtra,Pune,"Karve Road, Pune - MPCB",25-03-2025 10:00,18.5011743,73.8165527,OZONE,48,59,50
India,Maharashtra,Pune,"Katraj Dairy, Pune - MPCB",25-03-2025 10:00,18.45445,73.854155,PM2.5,57,130,85
India,Maharashtra,Pune,"Katraj Dairy, Pune - MPCB",25-03-2025 10:00,18.45445,73.854155,PM10,62,135,94
India,Maharashtra,Pune,"Katraj Dairy, Pune - MPCB",25-03-2025 10:00,18.45445,73.854155,NO2,24,69,40
India,Maharashtra,Pune,"Katraj Dairy, Pune - MPCB",25-03-2025 10:00,18.45445,73.854155,CO,35,102,53
India,Maharashtra,Pune,"Katraj Dairy, Pune - MPCB",25-03-2025 10:00,18.45445,73.854155,OZONE,22,70,35
India,Mizoram,Aizawl,"Sikulpuikawn, Aizawl - Mizoram PCB",25-03-2025 10:00,23.7176342,92.7192841,SO2,2,2,2
India,Nagaland,Kohima,"PWD Juction, Kohima - NPCB",25-03-2025 10:00,25.6635413,94.0989878,NO2,3,5,3
India,Odisha,Angul,"Hakimapada, Angul - OSPCB",25-03-2025 10:00,20.832874,85.104082,PM2.5,47,315,108
India,Odisha,Angul,"Hakimapada, Angul - OSPCB",25-03-2025 10:00,20.832874,85.104082,NH3,3,4,3
India,Odisha,Angul,"Hakimapada, Angul - OSPCB",25-03-2025 10:00,20.832874,85.104082,CO,70,106,102
India,Odisha,Balasore,"Kalidaspur, Balasore - OSPCB",25-03-2025 10:00,21.51161,86.89088,PM2.5,42,82,62
India,Odisha,Balasore,"Kalidaspur, Balasore - OSPCB",25-03-2025 10:00,21.51161,86.89088,SO2,4,12,7
India,Maharashtra,Pimpri-Chinchwad,"Gavalinagar, Pimpri Chinchwad - MPCB",25-03-2025 10:00,18.63673,73.82487,OZONE,0,0,0
India,Maharashtra,Pimpri-Chinchwad,"Park Street Wakad, Pimpri Chinchwad - MPCB",25-03-2025 10:00,18.59051,73.77946,PM2.5,0,0,0
India,Maharashtra,Pimpri-Chinchwad,"Park Street Wakad, Pimpri Chinchwad - MPCB",25-03-2025 10:00,18.59051,73.77946,SO2,0,0,0
India,Maharashtra,Pimpri-Chinchwad,"Park Street Wakad, Pimpri Chinchwad - MPCB",25-03-2025 10:00,18.59051,73.77946,CO,0,0,0
India,Maharashtra,Pimpri-Chinchwad,"Savta Mali Nagar, Pimpri-Chinchwad - IITM",25-03-2025 10:00,18.614767,73.799516,PM2.5,0,0,0
India,Maharashtra,Pimpri-Chinchwad,"Thergaon, Pimpri Chinchwad - MPCB",25-03-2025 10:00,18.616318,73.765797,SO2,1,20,6
India,Maharashtra,Pune,"Revenue Colony-Shivajinagar, Pune - IITM",25-03-2025 10:00,18.530085,73.849598,SO2,0,0,0
India,Maharashtra,Pune,"Savitribai Phule Pune University, Pune - MPCB",25-03-2025 10:00,18.547056,73.826908,PM2.5,0,0,0
India,Maharashtra,Pune,"Savitribai Phule Pune University, Pune - MPCB",25-03-2025 10:00,18.547056,73.826908,SO2,0,0,0
India,Maharashtra,Pune,"Transport Nagar-Nigdi, Pune - IITM",25-03-2025 10:00,18.664282,73.763966,NO2,0,0,0
India,Maharashtra,Pune,"Transport Nagar-Nigdi, Pune - IITM",25-03-2025 10:00,18.664282,73.763966,CO,0,0,0
India,Maharashtra,Sangli,"Vijay Nagar, Sangli - MPCB",25-03-2025 10:00,16.5038,74.3623,PM2.5,0,0,0
India,Maharashtra,Thane,"Kasarvadavali, Thane - MPCB",25-03-2025 10:00,19.26777,72.97182,CO,11,50,31
India,Maharashtra,Thane,"Kasarvadavali, Thane - MPCB",25-03-2025 10:00,19.26777,72.97182,OZONE,1,77,13
India,Maharashtra,Thane,"Upvan Fort, Thane - MPCB",25-03-2025 10:00,19.222279,72.957979,CO,8,47,26
India,Maharashtra,Ulhasnagar,"Sidhi Vinayak Nagar, Ulhasnagar - MPCB",25-03-2025 10:00,19.235581,73.159121,PM10,80,139,109
India,Maharashtra,Ulhasnagar,"Sidhi Vinayak Nagar, Ulhasnagar - MPCB",25-03-2025 10:00,19.235581,73.159121,NO2,17,60,37
India,Maharashtra,Navi Mumbai,"Sanpada, Navi Mumbai - MPCB",25-03-2025 10:00,19.0575752,73.0151367,PM2.5,0,0,0
India,Maharashtra,Navi Mumbai,"Sanpada, Navi Mumbai - MPCB",25-03-2025 10:00,19.0575752,73.0151367,PM10,0,0,0
India,Maharashtra,Navi Mumbai,"Sanpada, Navi Mumbai - MPCB",25-03-2025 10:00,19.0575752,73.0151367,CO,0,0,0
India,Maharashtra,Navi Mumbai,"Tondare-Taloja, Navi Mumbai - MPCB",25-03-2025 10:00,19.063,73.1209,PM10,108,156,129
India,Maharashtra,Navi Mumbai,"Tondare-Taloja, Navi Mumbai - MPCB",25-03-2025 10:00,19.063,73.1209,NO2,4,10,8
India,Maharashtra,Virar,"Bolinj, Virar - MPCB",25-03-2025 10:00,19.445821,72.7988231,CO,14,150,75
India,Meghalaya,Shillong,"Lumpyngngad, Shillong - Meghalaya PCB",25-03-2025 10:00,25.5586,91.8985,SO2,4,7,5
India,Meghalaya,Shillong,"Lumpyngngad, Shillong - Meghalaya PCB",25-03-2025 10:00,25.5586,91.8985,OZONE,2,10,6
India,Maharashtra,Navi Mumbai,"Kopripada-Vashi, Navi Mumbai - MPCB",25-03-2025 10:00,19.090337,73.014232,SO2,0,0,0
India,Maharashtra,Navi Mumbai,"Kopripada-Vashi, Navi Mumbai - MPCB",25-03-2025 10:00,19.090337,73.014232,CO,0,0,0
India,Maharashtra,Solapur,"Dnyaneshwar Nagar, Solapur - MPCB",25-03-2025 10:00,17.6336264,75.9132495,NO2,0,0,0
India,Maharashtra,Solapur,"Dnyaneshwar Nagar, Solapur - MPCB",25-03-2025 10:00,17.6336264,75.9132495,SO2,0,0,0
India,Odisha,Tensa,"Barsua Iron Ore Mines, Tensa - OSPCB",25-03-2025 10:00,21.869985,85.167016,NO2,0,0,0
India,Puducherry,Puducherry,"Jawahar Nagar, Puducherry - PPCC",25-03-2025 10:00,11.9309,79.8027,PM10,25,116,43
India,Puducherry,Puducherry,"Jawahar Nagar, Puducherry - PPCC",25-03-2025 10:00,11.9309,79.8027,CO,13,28,21
India,Punjab,Amritsar,"Golden Temple, Amritsar - PPCB",25-03-2025 10:00,31.62,74.876512,CO,10,84,24
India,Punjab,Bathinda,"Hardev Nagar, Bathinda - PPCB",25-03-2025 10:00,30.233011,74.907758,CO,8,84,32
India,Punjab,Ludhiana,"Punjab Agricultural University, Ludhiana - PPCB",25-03-2025 10:00,30.9028,75.8086,PM2.5,65,202,95
India,Punjab,Ludhiana,"Punjab Agricultural University, Ludhiana - PPCB",25-03-2025 10:00,30.9028,75.8086,CO,6,93,66
India,Punjab,Ludhiana,"Punjab Agricultural University, Ludhiana - PPCB",25-03-2025 10:00,30.9028,75.8086,OZONE,8,24,13
India,Punjab,Mandi Gobindgarh,"RIMT University, Mandi Gobindgarh - PPCB",25-03-2025 10:00,30.649961,76.331442,NO2,25,27,26
India,Punjab,Mandi Gobindgarh,"RIMT University, Mandi Gobindgarh - PPCB",25-03-2025 10:00,30.649961,76.331442,SO2,10,19,15
India,Punjab,Mandi Gobindgarh,"RIMT University, Mandi Gobindgarh - PPCB",25-03-2025 10:00,30.649961,76.331442,CO,78,102,98
India,Odisha,Brajrajnagar,"GM Office, Brajrajnagar - OSPCB",25-03-2025 10:00,21.8004996,83.8396977,PM2.5,34,155,70
India,Odisha,Byasanagar,"Ferro Chrome Colony, Byasanagar - OSPCB",25-03-2025 10:00,20.94185,86.1151,NO2,8,25,15
India,Odisha,Byasanagar,"Ferro Chrome Colony, Byasanagar - OSPCB",25-03-2025 10:00,20.94185,86.1151,NH3,1,3,2
India,Odisha,Byasanagar,"Ferro Chrome Colony, Byasanagar - OSPCB",25-03-2025 10:00,20.94185,86.1151,CO,26,51,40
India,Odisha,Byasanagar,"Ferro Chrome Colony, Byasanagar - OSPCB",25-03-2025 10:00,20.94185,86.1151,OZONE,2,182,19
India,Odisha,Baripada,"Meher Colony, Baripada - OSPCB",25-03-2025 10:00,21.941841,86.728318,PM2.5,23,75,47
India,Odisha,Bhubaneswar,"Patia, Bhubaneswar - OSPCB",25-03-2025 10:00,20.34652,85.8163,PM2.5,13,88,30
India,Odisha,Bhubaneswar,"Patia, Bhubaneswar - OSPCB",25-03-2025 10:00,20.34652,85.8163,PM10,28,93,48
India,Odisha,Bileipada,"Tata Township, Bileipada - OSPCB",25-03-2025 10:00,22.06156703,85.47409613,OZONE,13,34,13
India,Punjab,Jalandhar,"Civil Line, Jalandhar - PPCB",25-03-2025 10:00,31.321907,75.578914,NO2,24,30,27
India,Punjab,Jalandhar,"Civil Line, Jalandhar - PPCB",25-03-2025 10:00,31.321907,75.578914,SO2,18,19,18
India,Punjab,Jalandhar,"Civil Line, Jalandhar - PPCB",25-03-2025 10:00,31.321907,75.578914,OZONE,14,60,21
India,Punjab,Khanna,"Kalal Majra, Khanna - PPCB",25-03-2025 10:00,30.736056,76.209694,PM2.5,30,215,78
India,Odisha,Suakati,"OMC Colony, Suakati - OSPCB",25-03-2025 10:00,21.606865,85.510538,NO2,20,23,22
India,Odisha,Suakati,"OMC Colony, Suakati - OSPCB",25-03-2025 10:00,21.606865,85.510538,SO2,2,17,6
India,Odisha,Tensa,"Barsua Iron Ore Mines, Tensa - OSPCB",25-03-2025 10:00,21.869985,85.167016,PM10,36,156,102
India,Odisha,Rourkela,"Raghunathpali, Rourkela - OSPCB",25-03-2025 10:00,22.220833,84.809444,SO2,2,9,4
India,Odisha,Rourkela,"Sector-2, Rourkela - OSPCB",25-03-2025 10:00,22.245,84.88111111,PM10,41,92,70
India,Odisha,Rourkela,"Sector-2, Rourkela - OSPCB",25-03-2025 10:00,22.245,84.88111111,CO,27,52,28
India,Odisha,Rairangpur,"Divisional Forest Office, Rairangpur - OSPCB",25-03-2025 10:00,22.265816,86.174829,NO2,0,0,0
India,Odisha,Rourkela,"Raghunathpali, Rourkela - OSPCB",25-03-2025 10:00,22.220833,84.809444,PM2.5,57,318,156
India,Odisha,Nayagarh,"Dabuna, Nayagarh - OSPCB",25-03-2025 10:00,21.847279,85.416905,PM2.5,69,155,110
India,Odisha,Nayagarh,"Dabuna, Nayagarh - OSPCB",25-03-2025 10:00,21.847279,85.416905,SO2,8,10,9
India,Rajasthan,Kota,"Nayapura, Kota - RSPCB",25-03-2025 10:00,25.196024,75.855668,OZONE,4,106,21
India,Rajasthan,Kota,"Shrinath Puram, Kota - RSPCB",25-03-2025 10:00,25.14389,75.821256,SO2,6,94,20
India,Rajasthan,Nagaur,"Karni Colony, Nagaur - RSPCB",25-03-2025 10:00,27.213494,73.734444,SO2,5,21,10
India,Rajasthan,Pali,"Indira Colony Vistar, Pali - RSPCB",25-03-2025 10:00,25.771061,73.340227,SO2,12,14,13
India,Rajasthan,Pratapgarh,"Pragati Nagar, Pratapgarh - RSPCB",25-03-2025 10:00,24.041198,74.780702,PM10,61,215,107
India,Rajasthan,Dausa,"Khatikan Mohalla, Dausa - RSPCB",25-03-2025 10:00,26.895552,76.334753,PM10,38,150,81
India,Rajasthan,Dausa,"Khatikan Mohalla, Dausa - RSPCB",25-03-2025 10:00,26.895552,76.334753,OZONE,5,149,32
India,Rajasthan,Dholpur,"Raja Ganj, Dholpur - RSPCB",25-03-2025 10:00,26.699557,77.898881,PM10,42,138,86
India,Rajasthan,Dholpur,"Raja Ganj, Dholpur - RSPCB",25-03-2025 10:00,26.699557,77.898881,NO2,7,35,18
India,Rajasthan,Dungarpur,"Bhoiwada, Dungarpur - RSPCB",25-03-2025 10:00,23.837789,73.714926,PM10,3,156,91
India,Rajasthan,Dungarpur,"Bhoiwada, Dungarpur - RSPCB",25-03-2025 10:00,23.837789,73.714926,CO,10,90,31
India,Rajasthan,Hanumangarh,"Housing Board, Hanumangarh - RSPCB",25-03-2025 10:00,29.61075,74.283608,NH3,0,0,0
India,Rajasthan,Jaipur,"Adarsh Nagar, Jaipur - RSPCB",25-03-2025 10:00,26.902909,75.836858,CO,23,95,40
India,Rajasthan,Jaipur,"Mansarovar Sector-12, Jaipur - RSPCB",25-03-2025 10:00,26.843698,75.766894,SO2,4,13,7
India,Rajasthan,Jaipur,"RIICO Sitapura, Jaipur - RSPCB",25-03-2025 10:00,26.786682,75.827928,NH3,1,4,3
India,Rajasthan,Jaipur,"RIICO Sitapura, Jaipur - RSPCB",25-03-2025 10:00,26.786682,75.827928,SO2,1,4,2
India,Rajasthan,Jaipur,"Sector-2 Murlipura, Jaipur - RSPCB",25-03-2025 10:00,26.960669,75.771817,NO2,34,158,81
India,Rajasthan,Jaipur,"Shastri Nagar, Jaipur - RSPCB",25-03-2025 10:00,26.9502929,75.730943,PM10,82,157,109
India,Rajasthan,Jaisalmer,"Sadar Bazar, Jaisalmer - RSPCB",25-03-2025 10:00,26.912329,70.909168,CO,6,42,14
India,Rajasthan,Jaisalmer,"Sadar Bazar, Jaisalmer - RSPCB",25-03-2025 10:00,26.912329,70.909168,OZONE,15,115,90
India,Rajasthan,Jalore,"Mudtra Sili, Jalore - RSPCB",25-03-2025 10:00,25.344694,72.626208,CO,12,40,22
India,Rajasthan,Jhunjhunu,"Indra Nagar, Jhunjhunu - RSPCB",25-03-2025 10:00,28.108988,75.386577,OZONE,71,141,87
India,Rajasthan,Jodhpur,"Collectorate, Jodhpur - RSPCB",25-03-2025 10:00,26.268249,73.0193853,PM2.5,12,291,103
India,Rajasthan,Jodhpur,"Collectorate, Jodhpur - RSPCB",25-03-2025 10:00,26.268249,73.0193853,NO2,2,16,9
India,Rajasthan,Banswara,"Rati Talai, Banswara - RSPCB",25-03-2025 10:00,23.55519,74.44001,PM10,47,235,111
India,Rajasthan,Banswara,"Rati Talai, Banswara - RSPCB",25-03-2025 10:00,23.55519,74.44001,SO2,2,41,18
India,Rajasthan,Barmer,"Railway Colony, Barmer - RSPCB",25-03-2025 10:00,25.747299,71.393989,NO2,3,89,17
India,Rajasthan,Barmer,"Railway Colony, Barmer - RSPCB",25-03-2025 10:00,25.747299,71.393989,SO2,5,15,9
India,Rajasthan,Barmer,"Railway Colony, Barmer - RSPCB",25-03-2025 10:00,25.747299,71.393989,CO,12,31,14
India,Rajasthan,Bikaner,"MM Ground, Bikaner - RSPCB",25-03-2025 10:00,28.018792,73.292658,NO2,14,135,43
India,Rajasthan,Bikaner,"MM Ground, Bikaner - RSPCB",25-03-2025 10:00,28.018792,73.292658,SO2,4,17,8
India,Rajasthan,Chittorgarh,"Shastri Nagar, Chittorgarh - RSPCB",25-03-2025 10:00,24.892047,74.623527,CO,23,106,37
India,Rajasthan,Churu,"Subash Chowk, Churu - RSPCB",25-03-2025 10:00,28.296139,74.961696,NH3,4,8,6
India,Rajasthan,Karauli,"Satyawati Vihar, Karauli - RSPCB",25-03-2025 10:00,26.506177,77.025989,NO2,7,76,31
India,Rajasthan,Kota,"Dhanmandi, Kota - RSPCB",25-03-2025 10:00,25.16409,75.858137,PM2.5,18,277,106
India,Rajasthan,Kota,"Nayapura, Kota - RSPCB",25-03-2025 10:00,25.196024,75.855668,NH3,8,16,12
India,Rajasthan,Bhiwadi,"RIICO Ind. Area III, Bhiwadi - RSPCB",25-03-2025 10:00,28.194909,76.862296,PM2.5,66,310,169
India,Rajasthan,Bhiwadi,"RIICO Ind. Area III, Bhiwadi - RSPCB",25-03-2025 10:00,28.194909,76.862296,CO,4,112,70
India,Rajasthan,Bhiwadi,"Vasundhara Nagar_UIT, Bhiwadi - RSPCB",25-03-2025 10:00,28.207266,76.829265,PM2.5,0,0,0
India,Rajasthan,Sirohi,"Vedhaynath Colony, Sirohi - RSPCB",25-03-2025 10:00,24.885261,72.857549,SO2,4,16,7
India,Rajasthan,Sri Ganganagar,"Old City, Sri Ganganagar - RSPCB",25-03-2025 10:00,29.931624,73.864511,PM10,91,319,152
India,Rajasthan,Sri Ganganagar,"Old City, Sri Ganganagar - RSPCB",25-03-2025 10:00,29.931624,73.864511,CO,34,70,52
India,Rajasthan,Tonk,"Shastri Nagar, Tonk - RSPCB",25-03-2025 10:00,26.159933,75.780517,OZONE,12,90,36
India,Rajasthan,Udaipur,"Ashok Nagar, Udaipur - RSPCB",25-03-2025 10:00,24.5886166,73.6321397,PM2.5,31,95,73
India,Rajasthan,Udaipur,"Ashok Nagar, Udaipur - RSPCB",25-03-2025 10:00,24.5886166,73.6321397,PM10,56,121,90
India,Sikkim,Gangtok,"Zero Point GICI, Gangtok - SSPCB",25-03-2025 10:00,27.33853,88.614099,PM2.5,0,0,0
India,TamilNadu,Cuddalore,"Semmandalam, Cuddalore - TNPCB",25-03-2025 10:00,11.7637683,79.7499835,PM2.5,0,0,0
India,TamilNadu,Cuddalore,"Semmandalam, Cuddalore - TNPCB",25-03-2025 10:00,11.7637683,79.7499835,NO2,0,0,0
India,TamilNadu,Dindigul,"Mendonsa Colony, Dindigul - TNPCB",25-03-2025 10:00,10.358535,77.984321,PM2.5,38,73,47
India,TamilNadu,Dindigul,"Mendonsa Colony, Dindigul - TNPCB",25-03-2025 10:00,10.358535,77.984321,NH3,0,0,0
India,TamilNadu,Gummidipoondi,"Anthoni Pillai Nagar, Gummidipoondi - TNPCB",25-03-2025 10:00,13.4127,80.1081,NO2,11,45,25
India,TamilNadu,Gummidipoondi,"Anthoni Pillai Nagar, Gummidipoondi - TNPCB",25-03-2025 10:00,13.4127,80.1081,SO2,1,109,30
India,TamilNadu,Hosur,"SIPCOT Phase-1, Hosur - TNPCB",25-03-2025 10:00,12.746998,77.813811,SO2,48,54,51
India,TamilNadu,Kanchipuram,"Kilambi, Kanchipuram - TNPCB",25-03-2025 10:00,12.864618,79.659968,PM10,0,0,0
India,TamilNadu,Chengalpattu,"Crescent University, Chengalpattu - TNPCB",25-03-2025 10:00,12.8777316,80.0834807,SO2,16,16,16
India,TamilNadu,Chengalpattu,"Crescent University, Chengalpattu - TNPCB",25-03-2025 10:00,12.8777316,80.0834807,CO,20,22,20
India,TamilNadu,Chennai,"Alandur Bus Depot, Chennai - CPCB",25-03-2025 10:00,12.9099161,80.1076538,PM2.5,17,23,19
India,TamilNadu,Chennai,"Kodungaiyur, Chennai - TNPCB",25-03-2025 10:00,13.1278,80.2642,CO,4,46,25
India,TamilNadu,Chennai,"Manali Village, Chennai - TNPCB",25-03-2025 10:00,13.1662,80.2584,PM2.5,12,332,91
India,TamilNadu,Chennai,"Manali Village, Chennai - TNPCB",25-03-2025 10:00,13.1662,80.2584,NO2,1,5,2
India,TamilNadu,Chennai,"Manali, Chennai - CPCB",25-03-2025 10:00,13.164544,80.26285,NH3,6,7,6
India,TamilNadu,Chennai,"Manali, Chennai - CPCB",25-03-2025 10:00,13.164544,80.26285,SO2,18,50,29
India,TamilNadu,Chennai,"Royapuram, Chennai - TNPCB",25-03-2025 10:00,13.1036,80.2909,PM2.5,28,148,53
India,TamilNadu,Chennai,"Royapuram, Chennai - TNPCB",25-03-2025 10:00,13.1036,80.2909,NO2,8,53,30
India,TamilNadu,Chennai,"Royapuram, Chennai - TNPCB",25-03-2025 10:00,13.1036,80.2909,OZONE,6,37,24
India,TamilNadu,Chennai,"Velachery Res. Area, Chennai - CPCB",25-03-2025 10:00,13.0052189,80.2398125,SO2,8,11,9
India,TamilNadu,Coimbatore,"PSG College of Arts and Science, Coimbatore - TNPCB",25-03-2025 10:00,11.0328,77.0349,NH3,2,3,2
India,TamilNadu,Coimbatore,"SIDCO Kurichi, Coimbatore - TNPCB",25-03-2025 10:00,10.942451,76.978996,NH3,1,1,1
India,TamilNadu,Coimbatore,"SIDCO Kurichi, Coimbatore - TNPCB",25-03-2025 10:00,10.942451,76.978996,CO,24,38,29
India,TamilNadu,Cuddalore,"Kudikadu, Cuddalore - TNPCB",25-03-2025 10:00,11.6829898,79.7532099,PM2.5,0,0,0
India,TamilNadu,Kanchipuram,"Kilambi, Kanchipuram - TNPCB",25-03-2025 10:00,12.864618,79.659968,NH3,0,0,0
India,TamilNadu,Karur,"Kamadenu Nagar, Karur - TNPCB",25-03-2025 10:00,10.96782,78.080882,SO2,2,44,25
India,TamilNadu,Namakkal,"Ponnusamy Nagar, Namakkal - TNPCB",25-03-2025 10:00,11.273992,78.163545,NO2,11,11,11
India,TamilNadu,Namakkal,"Ponnusamy Nagar, Namakkal - TNPCB",25-03-2025 10:00,11.273992,78.163545,CO,6,8,8
India,Rajasthan,Sawai Madhopur,"Sahu Nagar, Sawai Madhopur - RSPCB",25-03-2025 10:00,26.031443,76.359327,PM10,71,401,146
India,Rajasthan,Sawai Madhopur,"Sahu Nagar, Sawai Madhopur - RSPCB",25-03-2025 10:00,26.031443,76.359327,NO2,11,36,19
India,Rajasthan,Sikar,"Radhakishan Pura, Sikar - RSPCB",25-03-2025 10:00,27.608912,75.153302,PM10,52,451,126
India,Rajasthan,Sikar,"Radhakishan Pura, Sikar - RSPCB",25-03-2025 10:00,27.608912,75.153302,SO2,1,10,4
India,Sikkim,Gangtok,"Zero Point GICI, Gangtok - SSPCB",25-03-2025 10:00,27.33853,88.614099,NO2,0,0,0
India,Sikkim,Gangtok,"Zero Point GICI, Gangtok - SSPCB",25-03-2025 10:00,27.33853,88.614099,NH3,1,11,2
India,TamilNadu,Ariyalur,"Keelapalur, Ariyalur - TNPCB",25-03-2025 10:00,11.06825,79.07033,OZONE,0,0,0
India,Rajasthan,Pratapgarh,"Pragati Nagar, Pratapgarh - RSPCB",25-03-2025 10:00,24.041198,74.780702,SO2,3,14,6
India,Rajasthan,Rajsamand,"Dhoinda, Rajsamand - RSPCB",25-03-2025 10:00,25.03636,73.883502,SO2,6,37,17
India,TamilNadu,Perundurai,"SIPCOT Industrial Park, Perundurai - TNPCB",25-03-2025 10:00,11.258242,77.552761,NH3,1,15,5
India,TamilNadu,Perundurai,"SIPCOT Industrial Park, Perundurai - TNPCB",25-03-2025 10:00,11.258242,77.552761,CO,37,46,44
India,TamilNadu,Pudukottai,"SIPCOT Nathampannai, Pudukottai - TNPCB",25-03-2025 10:00,10.423417,78.784889,NH3,2,3,3
India,TamilNadu,Ramanathapuram,"Chalai Bazaar, Ramanathapuram - TNPCB",25-03-2025 10:00,9.36399,78.831977,NH3,1,1,1
India,TamilNadu,Ramanathapuram,"Chalai Bazaar, Ramanathapuram - TNPCB",25-03-2025 10:00,9.36399,78.831977,CO,14,18,15
India,TamilNadu,Ranipet,"VOC Nagar_SIPCOT, Ranipet - TNPCB",25-03-2025 10:00,12.952707,79.30394,NO2,1,3,1
India,TamilNadu,Thoothukudi,"Meelavittan, Thoothukudi - TNPCB",25-03-2025 10:00,8.816428,78.099039,SO2,3,21,13
India,TamilNadu,Tirunelveli,"Municipal Corporation Office, Tirunelveli - TNPCB",25-03-2025 10:00,8.728442,77.6962,PM2.5,11,33,24
India,TamilNadu,Tirunelveli,"Municipal Corporation Office, Tirunelveli - TNPCB",25-03-2025 10:00,8.728442,77.6962,CO,40,42,42
India,TamilNadu,Tirupur,"Kumaran College, Tirupur - TNPCB",25-03-2025 10:00,11.0973603,77.3228673,OZONE,0,0,0
India,TamilNadu,Vellore,"Vasanthapuram, Vellore - TNPCB",25-03-2025 10:00,12.909494,79.131861,PM10,49,84,61
India,Telangana,Hyderabad,"Central University, Hyderabad - TSPCB",25-03-2025 10:00,17.460103,78.334361,NO2,13,43,26
India,Telangana,Hyderabad,"Central University, Hyderabad - TSPCB",25-03-2025 10:00,17.460103,78.334361,SO2,4,12,7
India,Telangana,Hyderabad,"ECIL Kapra, Hyderabad - TSPCB",25-03-2025 10:00,17.470431,78.566959,PM2.5,53,287,99
India,Telangana,Hyderabad,"ECIL Kapra, Hyderabad - TSPCB",25-03-2025 10:00,17.470431,78.566959,PM10,71,149,102
India,Telangana,Hyderabad,"ICRISAT Patancheru, Hyderabad - TSPCB",25-03-2025 10:00,17.5184,78.278777,PM2.5,49,95,71
India,Telangana,Hyderabad,"ICRISAT Patancheru, Hyderabad - TSPCB",25-03-2025 10:00,17.5184,78.278777,PM10,53,116,89
India,Telangana,Hyderabad,"Kokapet, Hyderabad - TSPCB",25-03-2025 10:00,17.393559,78.339194,NO2,15,16,15
India,Telangana,Hyderabad,"Nacharam_TSIIC IALA, Hyderabad - TSPCB",25-03-2025 10:00,17.429398,78.569354,NO2,11,11,11
India,Telangana,Hyderabad,"New Malakpet, Hyderabad - TSPCB",25-03-2025 10:00,17.37206,78.50864,PM10,58,71,65
India,Telangana,Hyderabad,"New Malakpet, Hyderabad - TSPCB",25-03-2025 10:00,17.37206,78.50864,NH3,3,3,3
India,TamilNadu,Ooty,"Bombay Castel, Ooty - TNPCB",25-03-2025 10:00,11.4068288,76.7138973,SO2,22,22,22
India,TamilNadu,Ooty,"Bombay Castel, Ooty - TNPCB",25-03-2025 10:00,11.4068288,76.7138973,OZONE,5,6,6
India,TamilNadu,Palkalaiperur,"Bharathidasan University, Palkalaiperur - TNPCB",25-03-2025 10:00,10.681158,78.741746,NH3,3,3,3
India,Telangana,Hyderabad,"IDA Pashamylaram, Hyderabad - TSPCB",25-03-2025 10:00,17.5316895,78.218939,SO2,2,17,7
India,Telangana,Hyderabad,"IITH Kandi, Hyderabad - TSPCB",25-03-2025 10:00,17.585705,78.126199,OZONE,15,38,15
India,Telangana,Hyderabad,"Kokapet, Hyderabad - TSPCB",25-03-2025 10:00,17.393559,78.339194,PM2.5,52,55,54
India,Telangana,Hyderabad,"Zoo Park, Hyderabad - TSPCB",25-03-2025 10:00,17.349694,78.451437,SO2,1,8,4
India,Telangana,Hyderabad,"Zoo Park, Hyderabad - TSPCB",25-03-2025 10:00,17.349694,78.451437,OZONE,22,26,25
India,Telangana,Hyderabad,"Sanathnagar, Hyderabad - TSPCB",25-03-2025 10:00,17.4559458,78.4332152,PM2.5,32,70,50
India,Telangana,Hyderabad,"Sanathnagar, Hyderabad - TSPCB",25-03-2025 10:00,17.4559458,78.4332152,OZONE,11,16,13
India,Telangana,Hyderabad,"Central University, Hyderabad - TSPCB",25-03-2025 10:00,17.460103,78.334361,PM10,50,86,68
India,Uttar_Pradesh,Khurja,"Kalindi Kunj, Khurja - UPPCB",25-03-2025 10:00,28.2348927,77.8683002,NH3,1,1,1
India,Uttar_Pradesh,Lucknow,"B R Ambedkar University, Lucknow - UPPCB",25-03-2025 10:00,26.766433,80.927299,PM10,80,239,137
India,Uttar_Pradesh,Lucknow,"Gomti Nagar, Lucknow - UPPCB",25-03-2025 10:00,26.86812,81.005119,PM2.5,64,303,156
India,Uttar_Pradesh,Lucknow,"Gomti Nagar, Lucknow - UPPCB",25-03-2025 10:00,26.86812,81.005119,CO,35,42,36
India,Uttar_Pradesh,Lucknow,"Kendriya Vidyalaya, Lucknow - CPCB",25-03-2025 10:00,26.906111,80.948222,PM10,121,260,185
India,Uttar_Pradesh,Lucknow,"Kendriya Vidyalaya, Lucknow - CPCB",25-03-2025 10:00,26.906111,80.948222,CO,16,107,81
India,Uttar_Pradesh,Hapur,"Anand Vihar, Hapur - UPPCB",25-03-2025 10:00,28.725645,77.749675,SO2,35,71,48
India,Uttar_Pradesh,Jhansi,"Shivaji Nagar, Jhansi - UPPCB",25-03-2025 10:00,25.4547,78.6039,NO2,6,7,6
India,Uttar_Pradesh,Jhansi,"Shivaji Nagar, Jhansi - UPPCB",25-03-2025 10:00,25.4547,78.6039,NH3,4,4,4
India,Uttar_Pradesh,Kanpur,"FTI Kidwai Nagar, Kanpur - UPPCB",25-03-2025 10:00,26.428282,80.327067,PM10,79,185,121
India,Uttar_Pradesh,Kanpur,"FTI Kidwai Nagar, Kanpur - UPPCB",25-03-2025 10:00,26.428282,80.327067,OZONE,5,42,12
India,Uttar_Pradesh,Kanpur,"NSI Kalyanpur, Kanpur - UPPCB",25-03-2025 10:00,26.509954,80.249612,PM2.5,70,303,174
India,Uttar_Pradesh,Bulandshahr,"Yamunapuram, Bulandshahr - UPPCB",25-03-2025 10:00,28.406963,77.849831,PM2.5,20,322,188
India,Uttar_Pradesh,Firozabad,"Nagla Bhau, Firozabad - UPPCB",25-03-2025 10:00,27.168897,78.37696,NH3,2,2,2
India,Uttar_Pradesh,Firozabad,"Vibhab Nagar, Firozabad - UPPCB",25-03-2025 10:00,27.1594,78.3953,PM10,28,169,86
India,Uttar_Pradesh,Firozabad,"Vibhab Nagar, Firozabad - UPPCB",25-03-2025 10:00,27.1594,78.3953,NO2,14,14,14
India,Uttar_Pradesh,Greater Noida,"Knowledge Park - III, Greater Noida - UPPCB",25-03-2025 10:00,28.47272,77.482,PM2.5,18,281,120
India,Uttar_Pradesh,Greater Noida,"Knowledge Park - III, Greater Noida - UPPCB",25-03-2025 10:00,28.47272,77.482,NO2,15,155,84
India,Uttar_Pradesh,Greater Noida,"Knowledge Park - V, Greater Noida - UPPCB",25-03-2025 10:00,28.557054,77.453663,PM2.5,42,363,221
India,Uttar_Pradesh,Hapur,"Anand Vihar, Hapur - UPPCB",25-03-2025 10:00,28.725645,77.749675,NO2,28,214,99
India,Uttar_Pradesh,Kanpur,"NSI Kalyanpur, Kanpur - UPPCB",25-03-2025 10:00,26.509954,80.249612,CO,28,50,50
India,Uttar_Pradesh,Kanpur,"Nehru Nagar, Kanpur - UPPCB",25-03-2025 10:00,26.4703136,80.3229863,NO2,34,64,49
India,Uttar_Pradesh,Kanpur,"Nehru Nagar, Kanpur - UPPCB",25-03-2025 10:00,26.4703136,80.3229863,SO2,7,20,17
India,Uttar_Pradesh,Kanpur,"Nehru Nagar, Kanpur - UPPCB",25-03-2025 10:00,26.4703136,80.3229863,CO,26,57,45
India,Uttar_Pradesh,Firozabad,"Vibhab Nagar, Firozabad - UPPCB",25-03-2025 10:00,27.1594,78.3953,SO2,0,0,0
India,Uttar_Pradesh,Firozabad,"Vibhab Nagar, Firozabad - UPPCB",25-03-2025 10:00,27.1594,78.3953,CO,2,18,15
India,Uttar_Pradesh,Ghaziabad,"Indirapuram, Ghaziabad - UPPCB",25-03-2025 10:00,28.646233,77.358075,PM2.5,165,480,348
India,Uttar_Pradesh,Agra,"Rohta, Agra - UPPCB",25-03-2025 10:00,27.106972,78.000111,PM10,23,121,69
India,Uttar_Pradesh,Agra,"Sanjay Palace, Agra - UPPCB",25-03-2025 10:00,27.19865833,78.00598056,PM10,61,219,118
India,Uttar_Pradesh,Agra,"Sanjay Palace, Agra - UPPCB",25-03-2025 10:00,27.19865833,78.00598056,CO,24,28,26
India,Uttar_Pradesh,Agra,"Shahjahan Garden, Agra - UPPCB",25-03-2025 10:00,27.169338,78.03582,PM10,4,123,80
India,Uttar_Pradesh,Agra,"Shastripuram, Agra - UPPCB",25-03-2025 10:00,27.19862,77.92066,PM10,38,152,83
India,Uttar_Pradesh,Baghpat,"Sardar Patel Inter College, Baghpat - UPPCB",25-03-2025 10:00,28.964949,77.278761,PM2.5,0,0,0
India,Uttar_Pradesh,Baghpat,"Sardar Patel Inter College, Baghpat - UPPCB",25-03-2025 10:00,28.964949,77.278761,CO,0,0,0
India,Uttar_Pradesh,Noida,"Sector-116, Noida - UPPCB",25-03-2025 10:00,28.56923,77.393848,SO2,24,57,42
India,Uttar_Pradesh,Prayagraj,"Jhunsi, Prayagraj - UPPCB",25-03-2025 10:00,25.425602,81.917152,NO2,6,6,6
India,Uttar_Pradesh,Prayagraj,"Jhunsi, Prayagraj - UPPCB",25-03-2025 10:00,25.425602,81.917152,SO2,30,31,31
India,Uttar_Pradesh,Prayagraj,"Motilal Nehru NIT, Prayagraj - UPPCB",25-03-2025 10:00,25.494,81.863,NO2,11,16,12
India,Uttar_Pradesh,Prayagraj,"Nagar Nigam, Prayagraj - UPPCB",25-03-2025 10:00,25.44919916,81.82735986,NO2,5,5,5
India,Uttar_Pradesh,Varanasi,"Ardhali Bazar, Varanasi - UPPCB",25-03-2025 10:00,25.3505986,82.9083074,PM2.5,21,190,92
India,Uttar_Pradesh,Muzaffarnagar,"New Mandi, Muzaffarnagar - UPPCB",25-03-2025 10:00,29.4723508,77.7194031,SO2,11,58,33
India,Uttar_Pradesh,Noida,"Sector - 62, Noida - IMD",25-03-2025 10:00,28.6245479,77.3577104,PM2.5,34,304,159
India,Uttar_Pradesh,Noida,"Sector - 62, Noida - IMD",25-03-2025 10:00,28.6245479,77.3577104,NO2,22,64,42
India,Uttar_Pradesh,Noida,"Sector - 62, Noida - IMD",25-03-2025 10:00,28.6245479,77.3577104,OZONE,4,70,19
India,Uttar_Pradesh,Noida,"Sector-1, Noida - UPPCB",25-03-2025 10:00,28.5898,77.3101,NO2,13,85,45
India,Uttar_Pradesh,Noida,"Sector-116, Noida - UPPCB",25-03-2025 10:00,28.56923,77.393848,NH3,7,23,15
India,Uttar_Pradesh,Meerut,"Pallavpuram Phase 2, Meerut - UPPCB",25-03-2025 10:00,29.06351,77.709723,NO2,11,64,26
India,Uttar_Pradesh,Moradabad,"Buddhi Vihar, Moradabad - UPPCB",25-03-2025 10:00,28.83526,78.7446,PM2.5,10,85,51
India,Uttar_Pradesh,Moradabad,"Buddhi Vihar, Moradabad - UPPCB",25-03-2025 10:00,28.83526,78.7446,NO2,22,24,23
India,Uttar_Pradesh,Moradabad,"Buddhi Vihar, Moradabad - UPPCB",25-03-2025 10:00,28.83526,78.7446,OZONE,8,78,8
India,Uttar_Pradesh,Moradabad,"Eco Herbal Park, Moradabad - UPPCB",25-03-2025 10:00,28.840739,78.697531,PM10,34,189,86
India,Uttar_Pradesh,Moradabad,"Eco Herbal Park, Moradabad - UPPCB",25-03-2025 10:00,28.840739,78.697531,NO2,16,100,50
India,Uttar_Pradesh,Lucknow,"Lalbagh, Lucknow - CPCB",25-03-2025 10:00,26.8458805,80.9365541,OZONE,7,43,16
India,Uttar_Pradesh,Lucknow,"Talkatora District Industries Center, Lucknow - CPCB",25-03-2025 10:00,26.83399722,80.8917361,PM10,10,280,152
India,Uttar_Pradesh,Lucknow,"Talkatora District Industries Center, Lucknow - CPCB",25-03-2025 10:00,26.83399722,80.8917361,SO2,2,48,12
India,Uttar_Pradesh,Lucknow,"Talkatora District Industries Center, Lucknow - CPCB",25-03-2025 10:00,26.83399722,80.8917361,OZONE,2,80,9
India,Uttar_Pradesh,Meerut,"Ganga Nagar, Meerut - UPPCB",25-03-2025 10:00,28.999264,77.7590354,PM10,115,378,245
India,Uttar_Pradesh,Moradabad,"Employment Office, Moradabad - UPPCB",25-03-2025 10:00,28.88528,78.7388,NO2,15,16,16
India,Uttar_Pradesh,Moradabad,"Kashiram Nagar, Moradabad - UPPCB",25-03-2025 10:00,28.849399,78.742362,NO2,25,25,25
India,Uttar_Pradesh,Muzaffarnagar,"New Mandi, Muzaffarnagar - UPPCB",25-03-2025 10:00,29.4723508,77.7194031,PM2.5,77,363,239
India,Uttar_Pradesh,Varanasi,"Ardhali Bazar, Varanasi - UPPCB",25-03-2025 10:00,25.3505986,82.9083074,NO2,11,38,25
India,Uttar_Pradesh,Varanasi,"Ardhali Bazar, Varanasi - UPPCB",25-03-2025 10:00,25.3505986,82.9083074,SO2,14,18,16
India,Uttar_Pradesh,Varanasi,"Bhelupur, Varanasi - UPPCB",25-03-2025 10:00,25.301778,82.996789,PM2.5,15,63,41
India,Uttar_Pradesh,Varanasi,"Bhelupur, Varanasi - UPPCB",25-03-2025 10:00,25.301778,82.996789,NH3,1,1,1
India,Uttar_Pradesh,Varanasi,"IESD Banaras Hindu University, Varanasi - UPPCB",25-03-2025 10:00,25.262326,82.995408,SO2,3,67,13
India,Uttar_Pradesh,Varanasi,"IESD Banaras Hindu University, Varanasi - UPPCB",25-03-2025 10:00,25.262326,82.995408,CO,4,34,18
India,Uttar_Pradesh,Varanasi,"IESD Banaras Hindu University, Varanasi - UPPCB",25-03-2025 10:00,25.262326,82.995408,OZONE,0,0,0
India,Uttar_Pradesh,Lucknow,"Kukrail Picnic Spot-1, Lucknow - UPPCB",25-03-2025 10:00,26.90723,80.98579,PM2.5,39,147,81
India,Uttar_Pradesh,Varanasi,"Bhelupur, Varanasi - UPPCB",25-03-2025 10:00,25.301778,82.996789,SO2,33,35,34
India,Uttarakhand,Dehradun,"Doon University, Dehradun - UKPCB",25-03-2025 10:00,30.269444,78.044167,PM2.5,65,186,116
India,Uttarakhand,Kashipur,"Govt. Girls Inter College, Kashipur - UKPCB",25-03-2025 10:00,29.2124114,78.9611753,SO2,7,9,8
India,Uttarakhand,Kashipur,"Govt. Girls Inter College, Kashipur - UKPCB",25-03-2025 10:00,29.2124114,78.9611753,CO,20,92,26
India,Uttarakhand,Rishikesh,"Shivaji Nagar, Rishikesh - UKPCB",25-03-2025 10:00,30.075911,78.2859547,PM2.5,0,0,0
India,Uttarakhand,Rishikesh,"Shivaji Nagar, Rishikesh - UKPCB",25-03-2025 10:00,30.075911,78.2859547,NO2,0,0,0
India,West_Bengal,Asansol,"Evelyn Lodge, Asansol - WBPCB",25-03-2025 10:00,23.697936,86.944395,OZONE,2,119,10
India,West_Bengal,Asansol,"Trivenidevi Bhalotia College, Asansol - WBPCB",25-03-2025 10:00,23.616515,87.119133,PM2.5,89,338,203
India,West_Bengal,Asansol,"Trivenidevi Bhalotia College, Asansol - WBPCB",25-03-2025 10:00,23.616515,87.119133,PM10,118,310,186
India,West_Bengal,Barrackpore,"SVSPA Campus, Barrackpore - WBPCB",25-03-2025 10:00,22.7605581,88.3617589,CO,58,109,97
India,West_Bengal,Durgapur,"Mahishkapur Road_B-Zone, Durgapur - WBPCB",25-03-2025 10:00,23.567923,87.306843,PM2.5,53,181,115
India,West_Bengal,Durgapur,"Mahishkapur Road_B-Zone, Durgapur - WBPCB",25-03-2025 10:00,23.567923,87.306843,SO2,4,48,14
India,West_Bengal,Durgapur,"PCBL Residential Complex, Durgapur - WBPCB",25-03-2025 10:00,23.508764,87.35444,PM2.5,41,301,124
India,West_Bengal,Durgapur,"PCBL Residential Complex, Durgapur - WBPCB",25-03-2025 10:00,23.508764,87.35444,SO2,2,39,12
India,West_Bengal,Haldia,"Priyambada Housing Estate, Haldia - WBPCB",25-03-2025 10:00,22.06047,88.109737,SO2,12,44,21
India,West_Bengal,Howrah,"Belur Math, Howrah - WBPCB",25-03-2025 10:00,22.629801,88.352017,PM10,83,182,130
India,West_Bengal,Howrah,"Belur Math, Howrah - WBPCB",25-03-2025 10:00,22.629801,88.352017,NO2,26,35,32
India,West_Bengal,Howrah,"Ghusuri, Howrah - WBPCB",25-03-2025 10:00,22.611968,88.347422,PM10,59,156,104
India,West_Bengal,Howrah,"Ghusuri, Howrah - WBPCB",25-03-2025 10:00,22.611968,88.347422,NO2,14,33,27
India,West_Bengal,Howrah,"Padmapukur, Howrah - WBPCB",25-03-2025 10:00,22.5687319,88.2797276,SO2,5,13,11
India,West_Bengal,Kolkata,"Ballygunge, Kolkata - WBPCB",25-03-2025 10:00,22.5367507,88.3638022,PM10,10,176,129
India,West_Bengal,Kolkata,"Ballygunge, Kolkata - WBPCB",25-03-2025 10:00,22.5367507,88.3638022,NO2,30,103,55
India,West_Bengal,Kolkata,"Bidhannagar, Kolkata - WBPCB",25-03-2025 10:00,22.58157048,88.41002457,PM2.5,48,132,79
India,West_Bengal,Kolkata,"Bidhannagar, Kolkata - WBPCB",25-03-2025 10:00,22.58157048,88.41002457,SO2,7,15,11
India,West_Bengal,Kolkata,"Rabindra Bharati University, Kolkata - WBPCB",25-03-2025 10:00,22.627847,88.380669,NH3,9,10,9
India,West_Bengal,Kolkata,"Rabindra Sarobar, Kolkata - WBPCB",25-03-2025 10:00,22.51106,88.35142,PM2.5,69,103,83
India,West_Bengal,Kolkata,"Rabindra Sarobar, Kolkata - WBPCB",25-03-2025 10:00,22.51106,88.35142,SO2,7,74,19
India,West_Bengal,Siliguri,"Ward-32 Bapupara, Siliguri - WBPCB",25-03-2025 10:00,26.6879226,88.4152495,CO,24,92,39
India,Andhra_Pradesh,Kadapa,"Yerramukkapalli, Kadapa - APPCB",25-03-2025 10:00,14.465052,78.824187,PM10,21,57,41
India,Andhra_Pradesh,Rajamahendravaram,"Anand Kala Kshetram, Rajamahendravaram - APPCB",25-03-2025 10:00,16.9872867,81.7363176,PM10,36,73,56
India,Andhra_Pradesh,Rajamahendravaram,"Anand Kala Kshetram, Rajamahendravaram - APPCB",25-03-2025 10:00,16.9872867,81.7363176,NO2,13,45,24
India,Andhra_Pradesh,Tirumala,"Toll Gate, Tirumala - APPCB (Formerly known as Tirumala, Tirupati - APPCB)",25-03-2025 10:00,13.67,79.35,CO,3,132,117
India,Andhra_Pradesh,Vijayawada,"HB Colony, Vijayawada - APPCB",25-03-2025 10:00,16.536107,80.594233,PM2.5,44,87,68
India,Andaman and Nicobar,Sri Vijaya Puram,"Police Line, Sri Vijaya Puram - ANPCC",25-03-2025 10:00,11.654054,92.734055,NH3,1,3,1
India,Andaman and Nicobar,Sri Vijaya Puram,"Police Line, Sri Vijaya Puram - ANPCC",25-03-2025 10:00,11.654054,92.734055,CO,30,72,38
India,Andhra_Pradesh,Amaravati,"Secretariat, Amaravati - APPCB",25-03-2025 10:00,16.5150833,80.5181667,PM2.5,22,42,34
India,Andhra_Pradesh,Anantapur,"Gulzarpet, Anantapur - APPCB",25-03-2025 10:00,14.675886,77.593027,SO2,7,11,9
India,Andhra_Pradesh,Anantapur,"Gulzarpet, Anantapur - APPCB",25-03-2025 10:00,14.675886,77.593027,CO,14,18,15
India,Assam,Sivasagar,"Girls College, Sivasagar - PCBA",25-03-2025 10:00,26.987634,94.636574,PM10,0,0,0
India,Assam,Sivasagar,"Girls College, Sivasagar - PCBA",25-03-2025 10:00,26.987634,94.636574,NH3,3,8,6
India,Assam,Sivasagar,"Girls College, Sivasagar - PCBA",25-03-2025 10:00,26.987634,94.636574,SO2,5,15,10
India,Bihar,Araria,"Kharahiya Basti, Araria - BSPCB",25-03-2025 10:00,26.146529,87.454184,PM2.5,13,341,98
India,Bihar,Araria,"Kharahiya Basti, Araria - BSPCB",25-03-2025 10:00,26.146529,87.454184,PM10,13,279,101
India,Bihar,Araria,"Kharahiya Basti, Araria - BSPCB",25-03-2025 10:00,26.146529,87.454184,OZONE,9,11,10
India,Andhra_Pradesh,Vijayawada,"HB Colony, Vijayawada - APPCB",25-03-2025 10:00,16.536107,80.594233,NO2,12,12,12
India,Andhra_Pradesh,Vijayawada,"Kanuru, Vijayawada - APPCB",25-03-2025 10:00,16.486692,80.699436,OZONE,19,33,25
India,Andhra_Pradesh,Vijayawada,"Rajiv Gandhi Park, Vijayawada - APPCB",25-03-2025 10:00,16.509717,80.612222,NH3,0,0,0
India,Andhra_Pradesh,Vijayawada,"Rajiv Gandhi Park, Vijayawada - APPCB",25-03-2025 10:00,16.509717,80.612222,SO2,8,10,9
India,Andhra_Pradesh,Vijayawada,"Rajiv Gandhi Park, Vijayawada - APPCB",25-03-2025 10:00,16.509717,80.612222,OZONE,6,25,9
India,Bihar,Bihar Sharif,"D M Colony, Bihar Sharif - BSPCB",25-03-2025 10:00,25.204762,85.51496,CO,11,12,12
India,Bihar,Buxar,"Charitra Van, Buxar - BSPCB",25-03-2025 10:00,25.56752,83.966379,SO2,4,11,7
India,Bihar,Chhapra,"Darshan Nagar, Chhapra - BSPCB",25-03-2025 10:00,25.7808257,84.7446768,NH3,4,11,7
India,Assam,Nagaon,"Christianpatty, Nagaon - PCBA",25-03-2025 10:00,26.349082,92.68449,NO2,5,19,11
India,Assam,Nagaon,"Christianpatty, Nagaon - PCBA",25-03-2025 10:00,26.349082,92.68449,SO2,4,26,14
India,Assam,Nagaon,"Christianpatty, Nagaon - PCBA",25-03-2025 10:00,26.349082,92.68449,CO,24,101,41
India,Assam,Nalbari,"Bata Chowk, Nalbari - PCBA",25-03-2025 10:00,26.446912,91.439057,NH3,1,1,1
India,Arunachal_Pradesh,Naharlagun,"Naharlagun, Naharlagun - APSPCB",25-03-2025 10:00,27.103358,93.679645,NO2,4,5,5
India,Arunachal_Pradesh,Naharlagun,"Naharlagun, Naharlagun - APSPCB",25-03-2025 10:00,27.103358,93.679645,SO2,6,7,6
India,Assam,Guwahati,"LGBI Airport, Guwahati - PCBA",25-03-2025 10:00,26.10887,91.589544,NO2,17,23,19
India,Bihar,Bettiah,"Kamalnath Nagar, Bettiah - BSPCB",25-03-2025 10:00,26.80365,84.51954,NH3,2,6,5
India,Bihar,Bhagalpur,"DM Office_Kachari Chowk, Bhagalpur - BSPCB",25-03-2025 10:00,25.251013,86.989001,NO2,20,44,27
India,Assam,Guwahati,"Pan Bazaar, Guwahati - PCBA",25-03-2025 10:00,26.1875,91.744194,PM2.5,1,341,258
India,Assam,Guwahati,"Pan Bazaar, Guwahati - PCBA",25-03-2025 10:00,26.1875,91.744194,SO2,26,45,35
India,Bihar,Bihar Sharif,"D M Colony, Bihar Sharif - BSPCB",25-03-2025 10:00,25.204762,85.51496,NO2,9,10,9
India,Bihar,Muzaffarpur,"Muzaffarpur Collectorate, Muzaffarpur - BSPCB",25-03-2025 10:00,26.1209,85.3647,OZONE,10,52,10
India,Bihar,Patna,"Govt. High School Shikarpur, Patna - BSPCB",25-03-2025 10:00,25.592539,85.227158,PM2.5,97,281,223
India,Bihar,Patna,"Govt. High School Shikarpur, Patna - BSPCB",25-03-2025 10:00,25.592539,85.227158,CO,40,112,92
India,Bihar,Patna,"IGSC Planetarium Complex, Patna - BSPCB",25-03-2025 10:00,25.610369,85.132568,NO2,13,14,13
India,Bihar,Patna,"Muradpur, Patna - BSPCB",25-03-2025 10:00,25.619651,85.147382,PM10,113,410,212
India,Bihar,Patna,"Muradpur, Patna - BSPCB",25-03-2025 10:00,25.619651,85.147382,NO2,22,108,54
India,Bihar,Siwan,"Chitragupta Nagar, Siwan - BSPCB",25-03-2025 10:00,26.2271665,84.3570427,OZONE,9,94,42
India,Chandigarh,Chandigarh,"Sector-25, Chandigarh - CPCC",25-03-2025 10:00,30.751462,76.762879,NH3,20,34,27
India,Chandigarh,Chandigarh,"Sector-25, Chandigarh - CPCC",25-03-2025 10:00,30.751462,76.762879,CO,20,56,36
India,Chandigarh,Chandigarh,"Sector-53, Chandigarh - CPCC",25-03-2025 10:00,30.719859,76.738637,NO2,19,175,86
India,Bihar,Munger,"Town Hall, Munger - BSPCB",25-03-2025 10:00,25.376776,86.471523,PM2.5,42,117,76
India,Bihar,Muzaffarpur,"MIT-Daudpur Kothi, Muzaffarpur - BSPCB",25-03-2025 10:00,26.1403345,85.3650192,PM10,0,0,0
India,Bihar,Muzaffarpur,"MIT-Daudpur Kothi, Muzaffarpur - BSPCB",25-03-2025 10:00,26.1403345,85.3650192,NH3,2,2,2
India,Bihar,Muzaffarpur,"MIT-Daudpur Kothi, Muzaffarpur - BSPCB",25-03-2025 10:00,26.1403345,85.3650192,OZONE,9,117,18
India,Chhattisgarh,Bhilai,"32Bungalows, Bhilai - CECB",25-03-2025 10:00,21.194815,81.31477,PM2.5,24,97,55
India,Chhattisgarh,Bhilai,"32Bungalows, Bhilai - CECB",25-03-2025 10:00,21.194815,81.31477,PM10,36,136,77
India,Chhattisgarh,Bhilai,"32Bungalows, Bhilai - CECB",25-03-2025 10:00,21.194815,81.31477,OZONE,7,44,16
India,Chhattisgarh,Bhilai,"Civic Center, Bhilai - Bhilai Steel Plant",25-03-2025 10:00,21.185571,81.343175,NO2,7,8,7
India,Bihar,Patna,"Rajbansi Nagar, Patna - BSPCB",25-03-2025 10:00,25.599486,85.113666,SO2,2,24,16
India,Bihar,Patna,"Rajbansi Nagar, Patna - BSPCB",25-03-2025 10:00,25.599486,85.113666,OZONE,10,105,77
India,Bihar,Patna,"Samanpura, Patna - BSPCB",25-03-2025 10:00,25.596727,85.085624,PM2.5,68,297,172
India,Bihar,Patna,"Samanpura, Patna - BSPCB",25-03-2025 10:00,25.596727,85.085624,NO2,38,52,45
India,Bihar,Gaya,"Kareemganj, Gaya - BSPCB",25-03-2025 10:00,24.792403,84.992416,CO,8,146,18
India,Bihar,Gaya,"SFTI Kusdihra, Gaya - BSPCB",25-03-2025 10:00,24.762518,84.982348,PM10,39,79,58
India,Bihar,Gaya,"SFTI Kusdihra, Gaya - BSPCB",25-03-2025 10:00,24.762518,84.982348,CO,13,40,34
India,Bihar,Katihar,"Mirchaibari, Katihar - BSPCB",25-03-2025 10:00,25.560083,87.553265,SO2,15,22,19
India,Bihar,Motihari,"Gandak Colony, Motihari - BSPCB",25-03-2025 10:00,26.63086,84.90051,PM10,33,499,141
India,Bihar,Rajgir,"Dangi Tola, Rajgir - BSPCB",25-03-2025 10:00,25.0328,85.41948,NO2,9,10,9
India,Bihar,Saharsa,"Police Line, Saharsa - BSPCB",25-03-2025 10:00,25.892357,86.590325,NO2,4,9,7
India,Bihar,Sasaram,"Dada Peer, Sasaram - BSPCB",25-03-2025 10:00,24.952822,84.002396,NO2,2,3,2
India,Bihar,Sasaram,"Dada Peer, Sasaram - BSPCB",25-03-2025 10:00,24.952822,84.002396,NH3,2,3,3
India,Chhattisgarh,Raipur,"Krishak Nagar, Raipur - CECB",25-03-2025 10:00,21.237755,81.705301,SO2,10,19,12
India,Chhattisgarh,Raipur,"Siltara Phase-II, Raipur - CECB",25-03-2025 10:00,21.371751,81.664929,OZONE,4,30,5
India,Chhattisgarh,Tumidih,"OP Jindal Industrial Park, Tumidih - CECB",25-03-2025 10:00,22.06631475,83.33820077,NH3,0,0,0
India,Chhattisgarh,Tumidih,"OP Jindal Industrial Park, Tumidih - CECB",25-03-2025 10:00,22.06631475,83.33820077,OZONE,0,0,0
India,Delhi,Delhi,"Alipur, Delhi - DPCC",25-03-2025 10:00,28.815329,77.15301,PM10,90,391,186
India,Delhi,Delhi,"Alipur, Delhi - DPCC",25-03-2025 10:00,28.815329,77.15301,NO2,20,54,34
India,Delhi,Delhi,"Alipur, Delhi - DPCC",25-03-2025 10:00,28.815329,77.15301,OZONE,2,18,3
India,Delhi,Delhi,"Anand Vihar, Delhi - DPCC",25-03-2025 10:00,28.647622,77.315809,PM10,175,500,303
India,Delhi,Delhi,"Anand Vihar, Delhi - DPCC",25-03-2025 10:00,28.647622,77.315809,SO2,2,37,20
India,Delhi,Delhi,"Dwarka-Sector 8, Delhi - DPCC ",25-03-2025 10:00,28.5710274,77.0719006,CO,23,127,89
India,Delhi,Delhi,"IGI Airport (T3), Delhi - IMD",25-03-2025 10:00,28.5627763,77.1180053,PM2.5,27,319,161
India,Delhi,Delhi,"IHBAS, Dilshad Garden, Delhi - CPCB",25-03-2025 10:00,28.6811736,77.3025234,PM10,87,241,154
India,Delhi,Delhi,"ITO, Delhi - CPCB",25-03-2025 10:00,28.628624,77.24106,NH3,5,20,10
India,Delhi,Delhi,"ITO, Delhi - CPCB",25-03-2025 10:00,28.628624,77.24106,SO2,6,41,14
India,Delhi,Delhi,"Jahangirpuri, Delhi - DPCC",25-03-2025 10:00,28.73282,77.170633,PM10,121,500,258
India,Delhi,Delhi,"Jahangirpuri, Delhi - DPCC",25-03-2025 10:00,28.73282,77.170633,NH3,4,12,8
India,Chhattisgarh,Bhilai,"Civic Center, Bhilai - Bhilai Steel Plant",25-03-2025 10:00,21.185571,81.343175,SO2,9,13,11
India,Chhattisgarh,Bhilai,"Civic Center, Bhilai - Bhilai Steel Plant",25-03-2025 10:00,21.185571,81.343175,CO,26,105,40
India,Chhattisgarh,Bhilai,"Hathkhoj, Bhilai - CECB",25-03-2025 10:00,21.224231,81.40835,PM2.5,0,0,0
India,Chhattisgarh,Bhilai,"Hathkhoj, Bhilai - CECB",25-03-2025 10:00,21.224231,81.40835,NO2,0,0,0
India,Chhattisgarh,Bhilai,"Hathkhoj, Bhilai - CECB",25-03-2025 10:00,21.224231,81.40835,SO2,0,0,0
India,Chhattisgarh,Korba,"Rampur, Korba - CECB",25-03-2025 10:00,22.368195,82.746431,PM10,45,73,61
India,Chhattisgarh,Korba,"Urja Nagar, Korba - CECB",25-03-2025 10:00,22.348441,82.549611,NO2,0,0,0
India,Chhattisgarh,Korba,"Urja Nagar, Korba - CECB",25-03-2025 10:00,22.348441,82.549611,NH3,2,9,4
India,Delhi,Delhi,"Chandni Chowk, Delhi - IITM",25-03-2025 10:00,28.656756,77.227234,NH3,0,0,0
India,Delhi,Delhi,"Chandni Chowk, Delhi - IITM",25-03-2025 10:00,28.656756,77.227234,CO,5,104,56
India,Delhi,Delhi,"DTU, Delhi - CPCB",25-03-2025 10:00,28.7500499,77.1112615,NO2,43,59,50
India,Delhi,Delhi,"Dr. Karni Singh Shooting Range, Delhi - DPCC",25-03-2025 10:00,28.498571,77.26484,PM10,70,441,207
India,Delhi,Delhi,"Dwarka-Sector 8, Delhi - DPCC ",25-03-2025 10:00,28.5710274,77.0719006,PM2.5,33,382,218
India,Delhi,Delhi,"Jawaharlal Nehru Stadium, Delhi - DPCC",25-03-2025 10:00,28.58028,77.233829,NH3,6,11,8
India,Delhi,Delhi,"Lodhi Road, Delhi - IITM",25-03-2025 10:00,28.588333,77.221667,PM2.5,54,316,204
India,Delhi,Delhi,"Lodhi Road, Delhi - IITM",25-03-2025 10:00,28.588333,77.221667,PM10,73,176,129
India,Delhi,Delhi,"Lodhi Road, Delhi - IITM",25-03-2025 10:00,28.588333,77.221667,NO2,44,234,94
India,Delhi,Delhi,"Major Dhyan Chand National Stadium, Delhi - DPCC",25-03-2025 10:00,28.611281,77.237738,NH3,15,22,18
India,Chhattisgarh,Kunjemura,"OP Jindal School, Kunjemura - CECB",25-03-2025 10:00,22.12665,83.483212,SO2,0,0,0
India,Chhattisgarh,Milupara,"Govt. Higher Secondary School, Milupara - CECB",25-03-2025 10:00,22.1910172,83.5197009,PM2.5,0,0,0
India,Chhattisgarh,Milupara,"Govt. Higher Secondary School, Milupara - CECB",25-03-2025 10:00,22.1910172,83.5197009,NO2,0,0,0
India,Chhattisgarh,Raipur,"AIIMS, Raipur - CECB",25-03-2025 10:00,21.258815,81.578979,NO2,32,96,70
India,Chhattisgarh,Raipur,"Bhatagaon New ISBT, Raipur - CECB",25-03-2025 10:00,21.219665,81.630094,PM10,49,118,82
India,Chhattisgarh,Raipur,"Bhatagaon New ISBT, Raipur - CECB",25-03-2025 10:00,21.219665,81.630094,NH3,2,2,2
India,Chhattisgarh,Raipur,"Krishak Nagar, Raipur - CECB",25-03-2025 10:00,21.237755,81.705301,PM10,41,111,72
India,Chhattisgarh,Raipur,"Krishak Nagar, Raipur - CECB",25-03-2025 10:00,21.237755,81.705301,NH3,7,7,7
India,Delhi,Delhi,"Ashok Vihar, Delhi - DPCC",25-03-2025 10:00,28.695381,77.181665,SO2,6,68,26
India,Delhi,Delhi,"Bawana, Delhi - DPCC",25-03-2025 10:00,28.7762,77.051074,SO2,9,82,23
India,Delhi,Delhi,"Pusa, Delhi - DPCC",25-03-2025 10:00,28.639652,77.146275,CO,1,64,19
India,Delhi,Delhi,"Pusa, Delhi - IMD",25-03-2025 10:00,28.63611,77.173332,PM10,76,216,155
India,Delhi,Delhi,"Pusa, Delhi - IMD",25-03-2025 10:00,28.63611,77.173332,NO2,24,110,80
India,Delhi,Delhi,"Pusa, Delhi - IMD",25-03-2025 10:00,28.63611,77.173332,CO,14,97,78
India,Delhi,Delhi,"R K Puram, Delhi - DPCC",25-03-2025 10:00,28.563262,77.186937,NH3,3,5,4
India,Delhi,Delhi,"Rohini, Delhi - DPCC",25-03-2025 10:00,28.732528,77.11992,OZONE,3,169,11
India,Delhi,Delhi,"Shadipur, Delhi - CPCB",25-03-2025 10:00,28.6514781,77.1473105,PM2.5,60,330,218
India,Delhi,Delhi,"Shadipur, Delhi - CPCB",25-03-2025 10:00,28.6514781,77.1473105,NO2,67,83,75
India,Gujarat,Ahmedabad,"Raikhad, Ahmedabad - IITM",25-03-2025 10:00,23.020509,72.579261,NH3,4,13,7
India,Gujarat,Ahmedabad,"Rakhial, Ahmedabad - IITM",25-03-2025 10:00,23.016834,72.625775,PM10,0,0,0
India,Gujarat,Ahmedabad,"SVPI Airport Hansol, Ahmedabad - IITM",25-03-2025 10:00,23.076793,72.627874,NO2,0,0,0
India,Gujarat,Ahmedabad,"SVPI Airport Hansol, Ahmedabad - IITM",25-03-2025 10:00,23.076793,72.627874,NH3,0,0,0
India,Gujarat,Ahmedabad,"SVPI Airport Hansol, Ahmedabad - IITM",25-03-2025 10:00,23.076793,72.627874,SO2,0,0,0
India,Gujarat,Ahmedabad,"Sardar Vallabhbhai Patel Stadium, Ahmedabad - IITM",25-03-2025 10:00,23.04307,72.562968,PM10,0,0,0
India,Delhi,Delhi,"Mundka, Delhi - DPCC",25-03-2025 10:00,28.684678,77.076574,PM10,111,481,269
India,Delhi,Delhi,"Mundka, Delhi - DPCC",25-03-2025 10:00,28.684678,77.076574,NO2,28,95,61
India,Delhi,Delhi,"NSIT Dwarka, Delhi - CPCB",25-03-2025 10:00,28.60909,77.0325413,NO2,54,73,64
India,Delhi,Delhi,"Najafgarh, Delhi - DPCC",25-03-2025 10:00,28.570173,76.933762,CO,34,92,83
India,Delhi,Delhi,"Narela, Delhi - DPCC",25-03-2025 10:00,28.822836,77.101981,OZONE,6,63,11
India,Delhi,Delhi,"North Campus, DU, Delhi - IMD",25-03-2025 10:00,28.6573814,77.1585447,PM10,96,329,204
India,Delhi,Delhi,"Okhla Phase-2, Delhi - DPCC",25-03-2025 10:00,28.530785,77.271255,NO2,39,142,94
India,Delhi,Delhi,"Okhla Phase-2, Delhi - DPCC",25-03-2025 10:00,28.530785,77.271255,CO,36,108,104
India,Delhi,Delhi,"Patparganj, Delhi - DPCC",25-03-2025 10:00,28.623763,77.287209,SO2,8,11,9
India,Delhi,Delhi,"Wazirpur, Delhi - DPCC",25-03-2025 10:00,28.699793,77.165453,NH3,10,15,12
India,Delhi,Delhi,"Wazirpur, Delhi - DPCC",25-03-2025 10:00,28.699793,77.165453,CO,62,105,86
India,Gujarat,Ahmedabad,"Gyaspur, Ahmedabad - IITM",25-03-2025 10:00,22.977134,72.553024,PM2.5,0,0,0
India,Gujarat,Ahmedabad,"Gyaspur, Ahmedabad - IITM",25-03-2025 10:00,22.977134,72.553024,NH3,0,0,0
India,Delhi,Delhi,"Sonia Vihar, Delhi - DPCC",25-03-2025 10:00,28.710508,77.249485,PM10,94,349,192
India,Delhi,Delhi,"Sonia Vihar, Delhi - DPCC",25-03-2025 10:00,28.710508,77.249485,SO2,12,34,18
India,Delhi,Delhi,"Sri Aurobindo Marg, Delhi - DPCC",25-03-2025 10:00,28.531346,77.190156,PM10,58,396,144
India,Delhi,Delhi,"Vivek Vihar, Delhi - DPCC",25-03-2025 10:00,28.672342,77.31526,SO2,13,105,42
India,Delhi,Delhi,"Wazirpur, Delhi - DPCC",25-03-2025 10:00,28.699793,77.165453,PM10,108,469,241
India,Delhi,Delhi,"Mandir Marg, Delhi - DPCC",25-03-2025 10:00,28.636429,77.201067,NO2,113,166,142
India,Delhi,Delhi,"Mandir Marg, Delhi - DPCC",25-03-2025 10:00,28.636429,77.201067,SO2,1,18,9
India,Delhi,Delhi,"Sirifort, Delhi - CPCB",25-03-2025 10:00,28.5504249,77.2159377,NO2,43,44,43
India,Karnataka,Bengaluru,"Jayanagar 5th Block, Bengaluru - KSPCB",25-03-2025 10:00,12.920984,77.584908,CO,2,24,10
India,Karnataka,Bengaluru,"Jigani, Bengaluru - KSPCB",25-03-2025 10:00,12.7816279,77.6299145,NO2,38,41,39
India,Karnataka,Bengaluru,"Kasturi Nagar, Bengaluru - KSPCB",25-03-2025 10:00,13.003872,77.664217,NH3,7,8,8
India,Karnataka,Bengaluru,"Kasturi Nagar, Bengaluru - KSPCB",25-03-2025 10:00,13.003872,77.664217,CO,20,52,34
India,Karnataka,Bengaluru,"Kasturi Nagar, Bengaluru - KSPCB",25-03-2025 10:00,13.003872,77.664217,OZONE,30,32,31
India,Karnataka,Bengaluru,"Peenya, Bengaluru - CPCB",25-03-2025 10:00,13.0270199,77.494094,PM2.5,28,77,56
India,Karnataka,Bengaluru,"Peenya, Bengaluru - CPCB",25-03-2025 10:00,13.0270199,77.494094,OZONE,32,37,36
India,Karnataka,Bengaluru,"RVCE-Mailasandra, Bengaluru - KSPCB",25-03-2025 10:00,12.921418,77.502466,PM10,0,0,0
India,Karnataka,Bengaluru,"Bapuji Nagar, Bengaluru - KSPCB",25-03-2025 10:00,12.951913,77.539784,NH3,1,2,1
India,Karnataka,Bengaluru,"Hebbal, Bengaluru - KSPCB",25-03-2025 10:00,13.029152,77.585901,PM10,61,108,73
India,Karnataka,Bengaluru,"Hombegowda Nagar, Bengaluru - KSPCB",25-03-2025 10:00,12.938539,77.5901,PM2.5,24,51,36
India,Karnataka,Bengaluru,"Hombegowda Nagar, Bengaluru - KSPCB",25-03-2025 10:00,12.938539,77.5901,PM10,34,70,44
India,Karnataka,Bengaluru,"Hombegowda Nagar, Bengaluru - KSPCB",25-03-2025 10:00,12.938539,77.5901,SO2,6,35,13
India,Karnataka,Bengaluru,"Hombegowda Nagar, Bengaluru - KSPCB",25-03-2025 10:00,12.938539,77.5901,OZONE,2,108,31
India,Karnataka,Bengaluru,"Jayanagar 5th Block, Bengaluru - KSPCB",25-03-2025 10:00,12.920984,77.584908,PM10,51,103,78
India,Karnataka,Bengaluru,"Shivapura_Peenya, Bengaluru - KSPCB",25-03-2025 10:00,13.0246342,77.5080115,PM2.5,42,56,47
India,Karnataka,Bengaluru,"Shivapura_Peenya, Bengaluru - KSPCB",25-03-2025 10:00,13.0246342,77.5080115,PM10,36,79,53
India,Karnataka,Bengaluru,"Shivapura_Peenya, Bengaluru - KSPCB",25-03-2025 10:00,13.0246342,77.5080115,NO2,8,9,8
India,Karnataka,Bengaluru,"Silk Board, Bengaluru - KSPCB",25-03-2025 10:00,12.917348,77.622813,NO2,14,60,30
India,Karnataka,Chamarajanagar,"Urban, Chamarajanagar - KSPCB",25-03-2025 10:00,11.55358,76.55521,CO,16,120,18
India,Karnataka,Chamarajanagar,"Urban, Chamarajanagar - KSPCB",25-03-2025 10:00,11.55358,76.55521,OZONE,13,38,15
India,Haryana,Charkhi Dadri,"Mini Secretariat, Charkhi Dadri - HSPCB",25-03-2025 10:00,28.593883,76.270653,NH3,6,8,7
India,Haryana,Faridabad,"New Industrial Town, Faridabad - HSPCB",25-03-2025 10:00,28.39072,77.30059,PM2.5,0,0,0
India,Haryana,Faridabad,"New Industrial Town, Faridabad - HSPCB",25-03-2025 10:00,28.39072,77.30059,PM10,0,0,0
India,Haryana,Faridabad,"New Industrial Town, Faridabad - HSPCB",25-03-2025 10:00,28.39072,77.30059,OZONE,11,309,44
India,Haryana,Faridabad,"Sector 11, Faridabad - HSPCB",25-03-2025 10:00,28.376058,77.315741,SO2,8,9,8
India,Haryana,Faridabad,"Sector 11, Faridabad - HSPCB",25-03-2025 10:00,28.376058,77.315741,CO,48,52,50
India,Haryana,Faridabad,"Sector 30, Faridabad - HSPCB",25-03-2025 10:00,28.4417,77.3217,CO,60,64,62
India,Haryana,Gurugram,"NISE Gwal Pahari, Gurugram - IMD",25-03-2025 10:00,28.422681,77.148944,OZONE,15,93,35
India,Haryana,Gurugram,"Sector-51, Gurugram - HSPCB",25-03-2025 10:00,28.4227,77.0667,SO2,16,19,17
India,Haryana,Gurugram,"Teri Gram, Gurugram - HSPCB",25-03-2025 10:00,28.4275,77.1465,OZONE,32,42,32
India,Haryana,Panchgaon,"Amity University, Panchgaon - IITM",25-03-2025 10:00,28.3153,76.9143,PM10,0,0,0
India,Gujarat,Surat,"Science Center, Surat - SMC",25-03-2025 10:00,21.170046,72.795405,PM10,40,179,93
India,Haryana,Charkhi Dadri,"Mini Secretariat, Charkhi Dadri - HSPCB",25-03-2025 10:00,28.593883,76.270653,PM2.5,65,384,214
India,Jharkhand,Dhanbad,"Sardar Patel Nagar, Dhanbad - JSPCB",25-03-2025 10:00,23.80569,86.44268,OZONE,19,46,20
India,Karnataka,Bengaluru,"BTM Layout, Bengaluru - CPCB",25-03-2025 10:00,12.9135218,77.5950804,PM2.5,36,62,46
India,Gujarat,Ankleshwar,"GIDC, Ankleshwar - GPCB",25-03-2025 10:00,21.613267,73.010555,OZONE,29,44,34
India,Gujarat,Gandhinagar,"Sector-10, Gandhinagar - GPCB",25-03-2025 10:00,23.221714,72.654328,PM10,0,0,0
India,Gujarat,Gandhinagar,"Sector-10, Gandhinagar - GPCB",25-03-2025 10:00,23.221714,72.654328,SO2,0,0,0
India,Himachal Pradesh,Baddi,"HIMUDA Complex Phase-1, Baddi - HPPCB",25-03-2025 10:00,30.943887,76.801991,PM10,80,201,117
India,Himachal Pradesh,Baddi,"HIMUDA Complex Phase-1, Baddi - HPPCB",25-03-2025 10:00,30.943887,76.801991,CO,46,85,57
India,Madhya Pradesh,Bhopal,"T T Nagar, Bhopal - MPPCB",25-03-2025 10:00,23.233584,77.400574,PM2.5,13,77,38
India,Madhya Pradesh,Bhopal,"T T Nagar, Bhopal - MPPCB",25-03-2025 10:00,23.233584,77.400574,PM10,60,118,82
India,Madhya Pradesh,Bhopal,"T T Nagar, Bhopal - MPPCB",25-03-2025 10:00,23.233584,77.400574,NH3,14,22,19
India,Madhya Pradesh,Bhopal,"T T Nagar, Bhopal - MPPCB",25-03-2025 10:00,23.233584,77.400574,CO,3,33,26
India,Madhya Pradesh,Damoh,"Shrivastav Colony, Damoh - MPPCB",25-03-2025 10:00,23.81748678,79.446246,PM2.5,2,57,22
India,Madhya Pradesh,Dewas,"Bhopal Chauraha, Dewas - MPPCB",25-03-2025 10:00,22.9682591,76.064118,PM2.5,16,122,43
India,Madhya Pradesh,Gwalior,"City Center, Gwalior - MPPCB",25-03-2025 10:00,26.203442,78.193251,PM10,30,190,93
India,Madhya Pradesh,Gwalior,"City Center, Gwalior - MPPCB",25-03-2025 10:00,26.203442,78.193251,NH3,1,2,2
India,Madhya Pradesh,Gwalior,"Deen Dayal Nagar, Gwalior - MPPCB",25-03-2025 10:00,26.259242,78.216432,CO,32,92,42
India,Kerala,Kannur,"Thavakkara, Kannur - Kerala PCB",25-03-2025 10:00,11.875,75.3732,OZONE,26,32,28
India,Kerala,Thiruvananthapuram,"Kariavattom, Thiruvananthapuram - Kerala PCB",25-03-2025 10:00,8.5637,76.8865,CO,18,44,23
India,Kerala,Thiruvananthapuram,"Plammoodu, Thiruvananthapuram - Kerala PCB",25-03-2025 10:00,8.5149093,76.9435879,NH3,2,3,3
India,Kerala,Thiruvananthapuram,"Plammoodu, Thiruvananthapuram - Kerala PCB",25-03-2025 10:00,8.5149093,76.9435879,CO,14,26,18
India,Kerala,Thiruvananthapuram,"Plammoodu, Thiruvananthapuram - Kerala PCB",25-03-2025 10:00,8.5149093,76.9435879,OZONE,13,38,21
India,Karnataka,Shivamogga,"Vinoba Nagara, Shivamogga - KSPCB",25-03-2025 10:00,13.94,75.555917,SO2,4,7,5
India,Karnataka,Tumakuru,"Thimmalapura, Tumakuru - KSPCB",25-03-2025 10:00,13.377516,77.099072,PM10,120,187,151
India,Karnataka,Tumakuru,"Thimmalapura, Tumakuru - KSPCB",25-03-2025 10:00,13.377516,77.099072,NO2,18,18,18
India,Karnataka,Yadgir,"Collector Office, Yadgir - KSPCB",25-03-2025 10:00,16.7602,77.1428,PM10,48,94,66
India,Kerala,Thrissur,"Corporation Ground, Thrissur - Kerala PCB",25-03-2025 10:00,10.5324,76.2159,PM10,57,63,59
India,Madhya Pradesh,Bhopal,"Idgah Hills, Bhopal - MPPCB",25-03-2025 10:00,23.264759,77.381568,PM10,52,102,76
India,Madhya Pradesh,Bhopal,"Paryavaran Parisar, Bhopal - MPPCB",25-03-2025 10:00,23.210494,77.425409,NH3,3,40,10
India,Madhya Pradesh,Bhopal,"Paryavaran Parisar, Bhopal - MPPCB",25-03-2025 10:00,23.210494,77.425409,SO2,5,25,10
India,Karnataka,Chikkaballapur,"Chikkaballapur Rural, Chikkaballapur - KSPCB",25-03-2025 10:00,13.428828,77.731418,OZONE,24,24,24
India,Karnataka,Chikkamagaluru,"Kalyana Nagara, Chikkamagaluru - KSPCB",25-03-2025 10:00,13.328028,75.797056,SO2,0,0,0
India,Karnataka,Davanagere,"Devaraj Urs Badavane, Davanagere - KSPCB",25-03-2025 10:00,14.4758,75.9052,PM10,0,0,0
India,Karnataka,Karwar,"KHB Colony, Karwar - KSPCB",25-03-2025 10:00,14.816666,74.141003,NO2,9,11,10
India,Karnataka,Koppal,"Diwator Nagar, Koppal - KSPCB",25-03-2025 10:00,15.34763,76.181767,CO,24,34,29
India,Karnataka,Madikeri,"Stuart Hill, Madikeri - KSPCB",25-03-2025 10:00,12.415911,75.73505,NH3,1,1,1
India,Karnataka,Mangalore,"Kadri, Mangalore - KSPCB",25-03-2025 10:00,12.88925,74.853,NH3,0,0,0
India,Karnataka,Mangalore,"Kadri, Mangalore - KSPCB",25-03-2025 10:00,12.88925,74.853,CO,0,0,0
India,Karnataka,Ramanagara,"Vijay Nagar, Ramanagara - KSPCB",25-03-2025 10:00,12.733409,77.298051,PM2.5,32,85,56
India,Karnataka,Ramanagara,"Vijay Nagar, Ramanagara - KSPCB",25-03-2025 10:00,12.733409,77.298051,NO2,2,9,4
India,Karnataka,Gadag,"Panchal Nagar, Gadag - KSPCB",25-03-2025 10:00,15.411456,75.638133,CO,42,46,44
India,Karnataka,Karwar,"KHB Colony, Karwar - KSPCB",25-03-2025 10:00,14.816666,74.141003,PM2.5,20,50,37
India,Karnataka,Davanagere,"Devaraj Urs Badavane, Davanagere - KSPCB",25-03-2025 10:00,14.4758,75.9052,SO2,6,21,8
India,Karnataka,Davanagere,"Devaraj Urs Badavane, Davanagere - KSPCB",25-03-2025 10:00,14.4758,75.9052,CO,26,35,32
India,Madhya Pradesh,Indore,"Chhoti Gwaltoli, Indore - MPPCB",25-03-2025 10:00,22.431,75.5213,NH3,5,7,6
India,Madhya Pradesh,Indore,"Chhoti Gwaltoli, Indore - MPPCB",25-03-2025 10:00,22.431,75.5213,SO2,8,21,10
India,Madhya Pradesh,Indore,"Regional Park, Indore - IMC",25-03-2025 10:00,22.678,75.8559,PM2.5,26,189,68
India,Madhya Pradesh,Indore,"Regional Park, Indore - IMC",25-03-2025 10:00,22.678,75.8559,PM10,24,107,54
India,Madhya Pradesh,Indore,"Regional Park, Indore - IMC",25-03-2025 10:00,22.678,75.8559,NO2,39,62,49
India,Madhya Pradesh,Indore,"Regional Park, Indore - IMC",25-03-2025 10:00,22.678,75.8559,OZONE,7,17,8
India,Madhya Pradesh,Indore,"Residency Area, Indore - IMC",25-03-2025 10:00,22.7084,75.8815,OZONE,9,19,10
India,Madhya Pradesh,Jabalpur,"Govindh Bhavan Colony, Jabalpur - JMC",25-03-2025 10:00,23.163174,79.973061,NO2,30,59,43
India,Madhya Pradesh,Jabalpur,"Govindh Bhavan Colony, Jabalpur - JMC",25-03-2025 10:00,23.163174,79.973061,NH3,2,2,2
India,Madhya Pradesh,Jabalpur,"Gupteshwar, Jabalpur - JMC",25-03-2025 10:00,23.142888,79.916147,NO2,16,136,56
India,Madhya Pradesh,Jabalpur,"Gupteshwar, Jabalpur - JMC",25-03-2025 10:00,23.142888,79.916147,CO,24,111,49
India,Maharashtra,Chandrapur,"Chauhan Colony, Chandrapur - MPCB",25-03-2025 10:00,19.9629,79.298714,NO2,22,87,38
India,Maharashtra,Chandrapur,"Chauhan Colony, Chandrapur - MPCB",25-03-2025 10:00,19.9629,79.298714,NH3,1,2,2
India,Maharashtra,Chandrapur,"MIDC Khutala, Chandrapur - MPCB",25-03-2025 10:00,19.9775302,79.2337086,SO2,0,0,0
India,Maharashtra,Chandrapur,"MIDC Khutala, Chandrapur - MPCB",25-03-2025 10:00,19.9775302,79.2337086,CO,12,18,14
India,Maharashtra,Chandrapur,"MIDC Khutala, Chandrapur - MPCB",25-03-2025 10:00,19.9775302,79.2337086,OZONE,11,144,40
India,Maharashtra,Dhule,"Deopur, Dhule - MPCB",25-03-2025 10:00,20.918946,74.776388,PM10,69,279,111
India,Maharashtra,Jalgaon,"Prabhat Colony, Jalgaon - MPCB",25-03-2025 10:00,21.001264,75.565602,SO2,6,61,20
India,Maharashtra,Badlapur,"Katrap, Badlapur - MPCB",25-03-2025 10:00,19.16485,73.23409,PM10,74,113,91
India,Maharashtra,Badlapur,"Katrap, Badlapur - MPCB",25-03-2025 10:00,19.16485,73.23409,NH3,3,9,5
India,Maharashtra,Belapur,"CBD Belapur, Belapur - MPCB",25-03-2025 10:00,19.0243902,73.0406721,SO2,6,9,7
India,Maharashtra,Belapur,"CBD Belapur, Belapur - MPCB",25-03-2025 10:00,19.0243902,73.0406721,OZONE,4,92,9
India,Maharashtra,Bhiwandi,"Gokul Nagar, Bhiwandi - MPCB",25-03-2025 10:00,19.309073,73.057223,PM10,98,171,117
India,Maharashtra,Boisar,"Khaira, Boisar - MPCB",25-03-2025 10:00,19.786089,72.757971,OZONE,0,0,0
India,Madhya Pradesh,Ratlam,"Shasthri Nagar, Ratlam - IPCA Lab",25-03-2025 10:00,23.331731,75.045981,PM10,31,196,138
India,Madhya Pradesh,Sagar,"Civil Lines, Sagar - MPPCB",25-03-2025 10:00,23.838586,78.759431,NH3,1,1,1
India,Madhya Pradesh,Sagar,"Civil Lines, Sagar - MPPCB",25-03-2025 10:00,23.838586,78.759431,SO2,4,15,8
India,Madhya Pradesh,Sagar,"Civil Lines, Sagar - MPPCB",25-03-2025 10:00,23.838586,78.759431,CO,18,51,31
India,Madhya Pradesh,Sagar,"Deen Dayal Nagar, Sagar - MPPCB",25-03-2025 10:00,23.8640158,78.80289321,PM10,18,82,50
India,Madhya Pradesh,Sagar,"Deen Dayal Nagar, Sagar - MPPCB",25-03-2025 10:00,23.8640158,78.80289321,CO,47,78,71
India,Maharashtra,Amravati,"Shri Shivaji Science College, Amaravati - MPCB",25-03-2025 10:00,20.939198,77.765701,PM2.5,0,0,0
India,Maharashtra,Aurangabad,"MIDC Chilkalthana, Aurangabad - MPCB",25-03-2025 10:00,19.87562,75.38731,PM2.5,43,103,65
India,Maharashtra,Aurangabad,"MIDC Chilkalthana, Aurangabad - MPCB",25-03-2025 10:00,19.87562,75.38731,NO2,12,160,45
India,Maharashtra,Aurangabad,"MIDC Chilkalthana, Aurangabad - MPCB",25-03-2025 10:00,19.87562,75.38731,NH3,1,3,2
India,Maharashtra,Aurangabad,"More Chowk Waluj, Aurangabad - MPCB",25-03-2025 10:00,19.8389439,75.244448,NO2,0,0,0
India,Maharashtra,Akola,"Ramdaspeth, Akola - MPCB",25-03-2025 10:00,20.719516,77.000253,OZONE,4,86,24
India,Maharashtra,Amravati,"Shivneri Colony, Amravati - MPCB",25-03-2025 10:00,20.9402359,77.7895248,PM10,58,140,89
India,Maharashtra,Amravati,"Shivneri Colony, Amravati - MPCB",25-03-2025 10:00,20.9402359,77.7895248,NH3,1,3,2
India,Maharashtra,Amravati,"Shivneri Colony, Amravati - MPCB",25-03-2025 10:00,20.9402359,77.7895248,OZONE,27,103,51
India,Madhya Pradesh,Mandideep,"Sector-D Industrial Area, Mandideep - MPPCB",25-03-2025 10:00,23.10844,77.511428,NO2,23,221,89
India,Madhya Pradesh,Mandideep,"Sector-D Industrial Area, Mandideep - MPPCB",25-03-2025 10:00,23.10844,77.511428,NH3,3,17,8
India,Madhya Pradesh,Mandideep,"Sector-D Industrial Area, Mandideep - MPPCB",25-03-2025 10:00,23.10844,77.511428,OZONE,24,38,37
India,Madhya Pradesh,Pithampur,"Sector-2 Industrial Area, Pithampur - MPPCB",25-03-2025 10:00,22.624758,75.675238,NH3,4,7,4
India,Madhya Pradesh,Jabalpur,"Suhagi, Jabalpur - JMC",25-03-2025 10:00,23.218135,79.95777,PM2.5,10,65,37
India,Maharashtra,Akola,"Ramdaspeth, Akola - MPCB",25-03-2025 10:00,20.719516,77.000253,SO2,4,15,8
India,Maharashtra,Kalyan,"Khadakpada, Kalyan - MPCB",25-03-2025 10:00,19.25292,73.142019,SO2,4,6,5
India,Maharashtra,Kalyan,"Khadakpada, Kalyan - MPCB",25-03-2025 10:00,19.25292,73.142019,CO,6,10,9
India,Maharashtra,Kalyan,"Pimpleshwar Mandir, Kalyan - MPCB",25-03-2025 10:00,19.192056,72.9585188,PM2.5,0,0,0
India,Maharashtra,Kolhapur,"Sinchan Bhavan, Kolhapur - MPCB",25-03-2025 10:00,16.7143745,74.2426398,PM10,0,0,0
India,Maharashtra,Kolhapur,"Sinchan Bhavan, Kolhapur - MPCB",25-03-2025 10:00,16.7143745,74.2426398,CO,0,0,0
India,Maharashtra,Kolhapur,"Sinchan Bhavan, Kolhapur - MPCB",25-03-2025 10:00,16.7143745,74.2426398,OZONE,0,0,0
India,Maharashtra,Latur,"Sawe Wadi, Latur - MPCB",25-03-2025 10:00,18.39963,76.57452,NH3,4,32,11
India,Maharashtra,Malegaon,"Mahesh Nagar, Malegaon - MPCB",25-03-2025 10:00,20.555712,74.529236,OZONE,21,120,42
India,Maharashtra,Mira-Bhayandar,"Bhayandar West, Mira-Bhayandar - MPCB",25-03-2025 10:00,19.296481,72.840923,PM2.5,0,0,0
India,Maharashtra,Mira-Bhayandar,"Bhayandar West, Mira-Bhayandar - MPCB",25-03-2025 10:00,19.296481,72.840923,NO2,0,0,0
India,Maharashtra,Mumbai,"Bandra Kurla Complex, Mumbai - MPCB",25-03-2025 10:00,19.065931,72.862131,CO,0,0,0
India,Maharashtra,Mumbai,"Borivali East, Mumbai - MPCB",25-03-2025 10:00,19.2243333,72.8658113,PM10,63,106,75
India,Maharashtra,Mumbai,"Kherwadi_Bandra East, Mumbai - MPCB",25-03-2025 10:00,19.0632143,72.8456324,CO,2,56,41
India,Maharashtra,Mumbai,"Malad West, Mumbai - IITM",25-03-2025 10:00,19.19709,72.82204,PM10,0,0,0
India,Maharashtra,Mumbai,"Malad West, Mumbai - IITM",25-03-2025 10:00,19.19709,72.82204,OZONE,0,0,0
India,Maharashtra,Mumbai,"Mindspace-Malad West, Mumbai - MPCB",25-03-2025 10:00,19.1878657,72.8304069,NH3,0,0,0
India,Maharashtra,Mumbai,"Mulund West, Mumbai - MPCB",25-03-2025 10:00,19.175,72.9419,PM10,0,0,0
India,Maharashtra,Mumbai,"Mulund West, Mumbai - MPCB",25-03-2025 10:00,19.175,72.9419,NO2,0,0,0
India,Maharashtra,Mumbai,"Ghatkopar, Mumbai - BMC",25-03-2025 10:00,19.083694,72.920967,PM2.5,46,129,81
India,Maharashtra,Mumbai,"Kandivali West, Mumbai - BMC",25-03-2025 10:00,19.215859,72.831718,PM2.5,32,114,66
India,Maharashtra,Mumbai,"Kherwadi_Bandra East, Mumbai - MPCB",25-03-2025 10:00,19.0632143,72.8456324,NO2,18,125,60
India,Maharashtra,Mumbai,"Kherwadi_Bandra East, Mumbai - MPCB",25-03-2025 10:00,19.0632143,72.8456324,SO2,0,0,0
India,Maharashtra,Mumbai,"Navy Nagar-Colaba, Mumbai - IITM",25-03-2025 10:00,18.897756,72.81332,SO2,3,66,27
India,Maharashtra,Mumbai,"Navy Nagar-Colaba, Mumbai - IITM",25-03-2025 10:00,18.897756,72.81332,OZONE,8,91,45
India,Maharashtra,Mumbai,"Sewri, Mumbai - BMC",25-03-2025 10:00,19.000084,72.85673,SO2,0,0,0
India,Maharashtra,Mumbai,"Sewri, Mumbai - BMC",25-03-2025 10:00,19.000084,72.85673,CO,9,70,45
India,Maharashtra,Mumbai,"Shivaji Nagar, Mumbai - BMC",25-03-2025 10:00,19.060498,72.923356,NH3,1,3,1
India,Maharashtra,Mumbai,"Shivaji Nagar, Mumbai - BMC",25-03-2025 10:00,19.060498,72.923356,CO,14,71,41
India,Maharashtra,Mumbai,"Siddharth Nagar-Worli, Mumbai - IITM",25-03-2025 10:00,19.000083,72.813993,PM2.5,10,93,53
India,Maharashtra,Mahad,"Kamble Tarf Birwadi, Mahad - MPCB",25-03-2025 10:00,18.1023399,73.4783687,NH3,2,8,4
India,Maharashtra,Malegaon,"Mahesh Nagar, Malegaon - MPCB",25-03-2025 10:00,20.555712,74.529236,NH3,9,10,10
India,Maharashtra,Mumbai,"Chembur, Mumbai - MPCB",25-03-2025 10:00,19.0364585,72.8954371,PM10,0,0,0
India,Maharashtra,Jalna,"Old MIDC, Jalna - MPCB",25-03-2025 10:00,19.854616,75.905894,SO2,2,3,3
India,Maharashtra,Nagpur,"Ambazari, Nagpur - MPCB",25-03-2025 10:00,21.121801,79.04952,PM10,77,133,105
India,Maharashtra,Nagpur,"Ambazari, Nagpur - MPCB",25-03-2025 10:00,21.121801,79.04952,CO,14,101,26
India,Maharashtra,Nagpur,"Mahal, Nagpur - MPCB",25-03-2025 10:00,21.14472,79.107595,PM10,98,166,128
India,Maharashtra,Nagpur,"Mahal, Nagpur - MPCB",25-03-2025 10:00,21.14472,79.107595,SO2,23,110,58
India,Maharashtra,Nagpur,"Opp GPO Civil Lines, Nagpur - MPCB",25-03-2025 10:00,21.152875,79.0517531,PM10,73,173,121
India,Maharashtra,Nagpur,"Ram Nagar, Nagpur - MPCB",25-03-2025 10:00,21.143383,79.048912,PM2.5,86,183,128
India,Maharashtra,Nagpur,"Ram Nagar, Nagpur - MPCB",25-03-2025 10:00,21.143383,79.048912,CO,17,66,31
India,Maharashtra,Pune,"Panchawati_Pashan, Pune - IITM",25-03-2025 10:00,18.536457,73.805454,NO2,6,23,13
India,Maharashtra,Pune,"Panchawati_Pashan, Pune - IITM",25-03-2025 10:00,18.536457,73.805454,OZONE,11,149,9
India,Maharashtra,Pune,"Revenue Colony-Shivajinagar, Pune - IITM",25-03-2025 10:00,18.530085,73.849598,PM10,0,0,0
India,Maharashtra,Pune,"Revenue Colony-Shivajinagar, Pune - IITM",25-03-2025 10:00,18.530085,73.849598,OZONE,0,0,0
India,Maharashtra,Pune,"Savitribai Phule Pune University, Pune - MPCB",25-03-2025 10:00,18.547056,73.826908,NH3,0,0,0
India,Maharashtra,Pune,"Savitribai Phule Pune University, Pune - MPCB",25-03-2025 10:00,18.547056,73.826908,OZONE,0,0,0
India,Maharashtra,Pune,"Transport Nagar-Nigdi, Pune - IITM",25-03-2025 10:00,18.664282,73.763966,PM2.5,0,0,0
India,Maharashtra,Nanded,"Sneh Nagar, Nanded - MPCB",25-03-2025 10:00,19.173852,77.296291,NH3,3,5,4
India,Maharashtra,Nashik,"Gangapur Road, Nashik - MPCB",25-03-2025 10:00,20.0073285,73.7762427,PM10,62,144,97
India,Maharashtra,Nashik,"Gangapur Road, Nashik - MPCB",25-03-2025 10:00,20.0073285,73.7762427,NO2,10,42,23
India,Maharashtra,Nashik,"Hirawadi, Nashik - MPCB",25-03-2025 10:00,20.021503,73.813844,PM2.5,62,176,118
India,Maharashtra,Nashik,"Hirawadi, Nashik - MPCB",25-03-2025 10:00,20.021503,73.813844,CO,10,86,32
India,Maharashtra,Nashik,"MIDC Ambad, Nashik - MPCB",25-03-2025 10:00,19.95022,73.73148,PM10,112,408,166
India,Maharashtra,Sangli,"Vijay Nagar, Sangli - MPCB",25-03-2025 10:00,16.5038,74.3623,OZONE,0,0,0
India,Maharashtra,Solapur,"Dnyaneshwar Nagar, Solapur - MPCB",25-03-2025 10:00,17.6336264,75.9132495,NH3,0,0,0
India,Maharashtra,Solapur,"Dnyaneshwar Nagar, Solapur - MPCB",25-03-2025 10:00,17.6336264,75.9132495,CO,0,0,0
India,Maharashtra,Solapur,"Ratandeep Housing Society, Solapur - MPCB",25-03-2025 10:00,17.65439,75.90649,PM10,0,0,0
India,Maharashtra,Solapur,"Ratandeep Housing Society, Solapur - MPCB",25-03-2025 10:00,17.65439,75.90649,NH3,0,0,0
India,Maharashtra,Solapur,"Ratandeep Housing Society, Solapur - MPCB",25-03-2025 10:00,17.65439,75.90649,OZONE,0,0,0
India,Maharashtra,Thane,"Kasarvadavali, Thane - MPCB",25-03-2025 10:00,19.26777,72.97182,NH3,4,14,8
India,Maharashtra,Navi Mumbai,"Sanpada, Navi Mumbai - MPCB",25-03-2025 10:00,19.0575752,73.0151367,OZONE,0,0,0
India,Maharashtra,Navi Mumbai,"Sector-2E Kalamboli, Navi Mumbai - MPCB",25-03-2025 10:00,19.02579,73.10297,NH3,0,0,0
India,Maharashtra,Navi Mumbai,"Sector-2E Kalamboli, Navi Mumbai - MPCB",25-03-2025 10:00,19.02579,73.10297,SO2,0,0,0
India,Maharashtra,Navi Mumbai,"Tondare-Taloja, Navi Mumbai - MPCB",25-03-2025 10:00,19.063,73.1209,CO,6,22,17
India,Maharashtra,Navi Mumbai,"Tondare-Taloja, Navi Mumbai - MPCB",25-03-2025 10:00,19.063,73.1209,OZONE,1,105,4
India,Maharashtra,Pune,"Bhosari, Pune - IITM",25-03-2025 10:00,18.640051,73.848956,OZONE,0,0,0
India,Maharashtra,Pune,"Bhumkar Nagar, Pune - IITM",25-03-2025 10:00,18.60577,73.749976,NO2,63,169,108
India,Maharashtra,Pune,"Hadapsar, Pune - IITM",25-03-2025 10:00,18.501793,73.927532,NO2,70,115,91
India,Maharashtra,Pune,"Mhada Colony, Pune - IITM",25-03-2025 10:00,18.57304,73.927715,PM10,115,178,152
India,Maharashtra,Nashik,"Pandav Nagari, Nashik - MPCB",25-03-2025 10:00,19.9591346,73.7788008,CO,0,0,0
India,Maharashtra,Navi Mumbai,"Kopripada-Vashi, Navi Mumbai - MPCB",25-03-2025 10:00,19.090337,73.014232,NH3,0,0,0
India,Maharashtra,Navi Mumbai,"Kopripada-Vashi, Navi Mumbai - MPCB",25-03-2025 10:00,19.090337,73.014232,OZONE,0,0,0
India,Maharashtra,Navi Mumbai,"Mahape, Navi Mumbai - MPCB",25-03-2025 10:00,19.1135051,73.008978,PM2.5,56,307,102
India,Maharashtra,Pimpri-Chinchwad,"Park Street Wakad, Pimpri Chinchwad - MPCB",25-03-2025 10:00,18.59051,73.77946,PM10,0,0,0
India,Maharashtra,Pimpri-Chinchwad,"Thergaon, Pimpri Chinchwad - MPCB",25-03-2025 10:00,18.616318,73.765797,CO,2,105,66
India,Maharashtra,Mumbai,"Vile Parle West, Mumbai - MPCB",25-03-2025 10:00,19.10861,72.83622,PM10,63,107,88
India,Maharashtra,Mumbai,"Vile Parle West, Mumbai - MPCB",25-03-2025 10:00,19.10861,72.83622,SO2,35,36,36
India,Mizoram,Aizawl,"Sikulpuikawn, Aizawl - Mizoram PCB",25-03-2025 10:00,23.7176342,92.7192841,OZONE,14,18,15
India,Nagaland,Kohima,"PWD Juction, Kohima - NPCB",25-03-2025 10:00,25.6635413,94.0989878,PM2.5,40,160,80
India,Nagaland,Kohima,"PWD Juction, Kohima - NPCB",25-03-2025 10:00,25.6635413,94.0989878,CO,8,22,11
India,Odisha,Angul,"Hakimapada, Angul - OSPCB",25-03-2025 10:00,20.832874,85.104082,OZONE,8,70,19
India,Odisha,Balasore,"Kalidaspur, Balasore - OSPCB",25-03-2025 10:00,21.51161,86.89088,PM10,39,109,76
India,Odisha,Balasore,"Kalidaspur, Balasore - OSPCB",25-03-2025 10:00,21.51161,86.89088,CO,37,110,49
India,Odisha,Barbil,"Forest Office, Barbil - OSPCB",25-03-2025 10:00,22.1166054,85.3945546,PM2.5,38,197,88
India,Odisha,Barbil,"Forest Office, Barbil - OSPCB",25-03-2025 10:00,22.1166054,85.3945546,PM10,63,309,150
India,Maharashtra,Ulhasnagar,"Sidhi Vinayak Nagar, Ulhasnagar - MPCB",25-03-2025 10:00,19.235581,73.159121,CO,6,44,34
India,Maharashtra,Virar,"Bolinj, Virar - MPCB",25-03-2025 10:00,19.445821,72.7988231,PM10,45,294,99
India,Maharashtra,Virar,"Bolinj, Virar - MPCB",25-03-2025 10:00,19.445821,72.7988231,OZONE,1,97,16
India,Meghalaya,Shillong,"JN Stadium, Shillong - Meghalaya PCB",25-03-2025 10:00,25.5803419,91.8942571,PM2.5,64,320,162
India,Meghalaya,Shillong,"JN Stadium, Shillong - Meghalaya PCB",25-03-2025 10:00,25.5803419,91.8942571,NO2,17,60,40
India,Meghalaya,Shillong,"Lumpyngngad, Shillong - Meghalaya PCB",25-03-2025 10:00,25.5586,91.8985,PM10,1,90,45
India,Meghalaya,Shillong,"Lumpyngngad, Shillong - Meghalaya PCB",25-03-2025 10:00,25.5586,91.8985,CO,8,30,15
India,Odisha,Cuttack,"CDA Area, Cuttack - OSPCB",25-03-2025 10:00,20.48891,85.84768,OZONE,2,141,20
India,Odisha,Nayagarh,"Dabuna, Nayagarh - OSPCB",25-03-2025 10:00,21.847279,85.416905,CO,18,28,26
India,Odisha,Rairangpur,"Divisional Forest Office, Rairangpur - OSPCB",25-03-2025 10:00,22.265816,86.174829,PM2.5,7,173,77
India,Odisha,Rairangpur,"Divisional Forest Office, Rairangpur - OSPCB",25-03-2025 10:00,22.265816,86.174829,PM10,20,102,62
India,Odisha,Brajrajnagar,"GM Office, Brajrajnagar - OSPCB",25-03-2025 10:00,21.8004996,83.8396977,NO2,10,11,10
India,Odisha,Brajrajnagar,"GM Office, Brajrajnagar - OSPCB",25-03-2025 10:00,21.8004996,83.8396977,OZONE,2,91,12
India,Odisha,Cuttack,"CDA Area, Cuttack - OSPCB",25-03-2025 10:00,20.48891,85.84768,NO2,11,64,29
India,Odisha,Cuttack,"CDA Area, Cuttack - OSPCB",25-03-2025 10:00,20.48891,85.84768,SO2,2,7,4
India,Odisha,Baripada,"Meher Colony, Baripada - OSPCB",25-03-2025 10:00,21.941841,86.728318,NO2,3,28,16
India,Odisha,Baripada,"Meher Colony, Baripada - OSPCB",25-03-2025 10:00,21.941841,86.728318,NH3,4,7,6
India,Odisha,Bhubaneswar,"Patia, Bhubaneswar - OSPCB",25-03-2025 10:00,20.34652,85.8163,SO2,1,4,2
India,Maharashtra,Thane,"Upvan Fort, Thane - MPCB",25-03-2025 10:00,19.222279,72.957979,NH3,1,4,3
India,Maharashtra,Thane,"Upvan Fort, Thane - MPCB",25-03-2025 10:00,19.222279,72.957979,SO2,6,29,13
India,Maharashtra,Ulhasnagar,"Sidhi Vinayak Nagar, Ulhasnagar - MPCB",25-03-2025 10:00,19.235581,73.159121,NH3,3,7,5
India,Odisha,Rairangpur,"Divisional Forest Office, Rairangpur - OSPCB",25-03-2025 10:00,22.265816,86.174829,NH3,0,0,0
India,Odisha,Rourkela,"Fertilizer Township, Rourkela - OSPCB",25-03-2025 10:00,22.18972222,84.86277778,PM10,91,97,93
India,Odisha,Rourkela,"Raghunathpali, Rourkela - OSPCB",25-03-2025 10:00,22.220833,84.809444,NO2,0,0,0
India,Odisha,Suakati,"OMC Colony, Suakati - OSPCB",25-03-2025 10:00,21.606865,85.510538,PM2.5,45,82,64
India,Odisha,Tensa,"Barsua Iron Ore Mines, Tensa - OSPCB",25-03-2025 10:00,21.869985,85.167016,NH3,0,0,0
India,Rajasthan,Bhiwadi,"Vasundhara Nagar_UIT, Bhiwadi - RSPCB",25-03-2025 10:00,28.207266,76.829265,CO,8,50,50
India,Rajasthan,Bhiwadi,"Vasundhara Nagar_UIT, Bhiwadi - RSPCB",25-03-2025 10:00,28.207266,76.829265,OZONE,32,209,86
India,Rajasthan,Bikaner,"MM Ground, Bikaner - RSPCB",25-03-2025 10:00,28.018792,73.292658,OZONE,1,136,66
India,Rajasthan,Bundi,"New Colony, Bundi - RSPCB",25-03-2025 10:00,25.435774,75.644272,PM10,0,0,0
India,Rajasthan,Bundi,"New Colony, Bundi - RSPCB",25-03-2025 10:00,25.435774,75.644272,NO2,0,0,0
India,Rajasthan,Chittorgarh,"Shastri Nagar, Chittorgarh - RSPCB",25-03-2025 10:00,24.892047,74.623527,PM2.5,23,351,98
India,Rajasthan,Churu,"Subash Chowk, Churu - RSPCB",25-03-2025 10:00,28.296139,74.961696,PM2.5,8,186,69
India,Rajasthan,Jaipur,"Police Commissionerate, Jaipur - RSPCB",25-03-2025 10:00,26.9164092,75.7994901,NH3,14,115,43
India,Rajasthan,Jaipur,"Police Commissionerate, Jaipur - RSPCB",25-03-2025 10:00,26.9164092,75.7994901,SO2,26,32,28
India,Rajasthan,Jaipur,"Police Commissionerate, Jaipur - RSPCB",25-03-2025 10:00,26.9164092,75.7994901,CO,1,106,30
India,Rajasthan,Jaipur,"RIICO Sitapura, Jaipur - RSPCB",25-03-2025 10:00,26.786682,75.827928,PM2.5,20,280,112
India,Rajasthan,Jaipur,"RIICO Sitapura, Jaipur - RSPCB",25-03-2025 10:00,26.786682,75.827928,PM10,59,197,125
India,Rajasthan,Jaipur,"Sector-2 Murlipura, Jaipur - RSPCB",25-03-2025 10:00,26.960669,75.771817,PM10,58,161,104
India,Rajasthan,Jaisalmer,"Sadar Bazar, Jaisalmer - RSPCB",25-03-2025 10:00,26.912329,70.909168,PM10,53,169,87
India,Rajasthan,Dholpur,"Raja Ganj, Dholpur - RSPCB",25-03-2025 10:00,26.699557,77.898881,CO,20,64,40
India,Rajasthan,Hanumangarh,"Housing Board, Hanumangarh - RSPCB",25-03-2025 10:00,29.61075,74.283608,NO2,0,0,0
India,Rajasthan,Jaipur,"Adarsh Nagar, Jaipur - RSPCB",25-03-2025 10:00,26.902909,75.836858,PM10,58,159,97
India,Rajasthan,Jaipur,"Adarsh Nagar, Jaipur - RSPCB",25-03-2025 10:00,26.902909,75.836858,OZONE,12,46,28
India,Rajasthan,Jaipur,"Mansarovar Sector-12, Jaipur - RSPCB",25-03-2025 10:00,26.843698,75.766894,PM2.5,66,333,177
India,Rajasthan,Jaipur,"Mansarovar Sector-12, Jaipur - RSPCB",25-03-2025 10:00,26.843698,75.766894,PM10,47,163,95
India,Rajasthan,Alwar,"Moti Doongri, Alwar - RSPCB",25-03-2025 10:00,27.554793,76.611536,PM10,42,105,73
India,Rajasthan,Alwar,"Moti Doongri, Alwar - RSPCB",25-03-2025 10:00,27.554793,76.611536,NH3,13,28,20
India,Rajasthan,Banswara,"Rati Talai, Banswara - RSPCB",25-03-2025 10:00,23.55519,74.44001,OZONE,3,140,71
India,Rajasthan,Baran,"Bamboliya, Baran - RSPCB",25-03-2025 10:00,25.106006,76.469948,NO2,7,113,33
India,Rajasthan,Baran,"Bamboliya, Baran - RSPCB",25-03-2025 10:00,25.106006,76.469948,NH3,3,6,4
India,Rajasthan,Baran,"Bamboliya, Baran - RSPCB",25-03-2025 10:00,25.106006,76.469948,CO,8,136,64
India,Rajasthan,Baran,"Bamboliya, Baran - RSPCB",25-03-2025 10:00,25.106006,76.469948,OZONE,14,147,58
India,Odisha,Tensa,"Barsua Iron Ore Mines, Tensa - OSPCB",25-03-2025 10:00,21.869985,85.167016,SO2,34,43,36
India,Odisha,Tensa,"Barsua Iron Ore Mines, Tensa - OSPCB",25-03-2025 10:00,21.869985,85.167016,CO,22,42,27
India,Punjab,Amritsar,"Golden Temple, Amritsar - PPCB",25-03-2025 10:00,31.62,74.876512,NH3,6,7,6
India,Punjab,Amritsar,"Golden Temple, Amritsar - PPCB",25-03-2025 10:00,31.62,74.876512,OZONE,52,69,61
India,Punjab,Bathinda,"Hardev Nagar, Bathinda - PPCB",25-03-2025 10:00,30.233011,74.907758,NO2,22,24,23
India,Punjab,Bathinda,"Hardev Nagar, Bathinda - PPCB",25-03-2025 10:00,30.233011,74.907758,SO2,4,25,14
India,Rajasthan,Bharatpur,"Krishna Nagar, Bharatpur - RSPCB",25-03-2025 10:00,27.215415,77.50873,NO2,19,165,49
India,Rajasthan,Bharatpur,"Krishna Nagar, Bharatpur - RSPCB",25-03-2025 10:00,27.215415,77.50873,NH3,2,4,3
India,Rajasthan,Bhilwara,"Pratap Nagar, Bhilwara - RSPCB",25-03-2025 10:00,25.339605,74.618883,NO2,6,114,50
India,Rajasthan,Bhilwara,"Pratap Nagar, Bhilwara - RSPCB",25-03-2025 10:00,25.339605,74.618883,NH3,5,8,6
India,Rajasthan,Bhilwara,"Pratap Nagar, Bhilwara - RSPCB",25-03-2025 10:00,25.339605,74.618883,SO2,19,80,39
India,Rajasthan,Bhiwadi,"RIICO Ind. Area III, Bhiwadi - RSPCB",25-03-2025 10:00,28.194909,76.862296,PM10,64,188,129
India,Rajasthan,Churu,"Subash Chowk, Churu - RSPCB",25-03-2025 10:00,28.296139,74.961696,OZONE,69,114,83
India,Rajasthan,Dausa,"Khatikan Mohalla, Dausa - RSPCB",25-03-2025 10:00,26.895552,76.334753,NO2,18,159,72
India,Rajasthan,Dausa,"Khatikan Mohalla, Dausa - RSPCB",25-03-2025 10:00,26.895552,76.334753,SO2,3,14,7
India,Rajasthan,Dholpur,"Raja Ganj, Dholpur - RSPCB",25-03-2025 10:00,26.699557,77.898881,PM2.5,12,127,55
India,Rajasthan,Dholpur,"Raja Ganj, Dholpur - RSPCB",25-03-2025 10:00,26.699557,77.898881,NH3,6,9,8
India,Punjab,Khanna,"Kalal Majra, Khanna - PPCB",25-03-2025 10:00,30.736056,76.209694,SO2,5,44,13
India,Punjab,Mandi Gobindgarh,"RIMT University, Mandi Gobindgarh - PPCB",25-03-2025 10:00,30.649961,76.331442,PM2.5,30,137,67
India,Punjab,Rupnagar,"Ratanpura, Rupnagar - Ambuja Cements",25-03-2025 10:00,31.0325454,76.5623046,PM10,43,268,104
India,Rajasthan,Tonk,"Shastri Nagar, Tonk - RSPCB",25-03-2025 10:00,26.159933,75.780517,SO2,6,25,9
India,Rajasthan,Tonk,"Shastri Nagar, Tonk - RSPCB",25-03-2025 10:00,26.159933,75.780517,CO,12,76,24
India,Rajasthan,Udaipur,"Ashok Nagar, Udaipur - RSPCB",25-03-2025 10:00,24.5886166,73.6321397,NO2,25,29,27
India,Rajasthan,Udaipur,"Ashok Nagar, Udaipur - RSPCB",25-03-2025 10:00,24.5886166,73.6321397,SO2,1,19,8
India,Rajasthan,Udaipur,"Ashok Nagar, Udaipur - RSPCB",25-03-2025 10:00,24.5886166,73.6321397,CO,5,121,34
India,Sikkim,Gangtok,"Zero Point GICI, Gangtok - SSPCB",25-03-2025 10:00,27.33853,88.614099,CO,2,30,12
India,TamilNadu,Ariyalur,"Keelapalur, Ariyalur - TNPCB",25-03-2025 10:00,11.06825,79.07033,PM10,0,0,0
India,TamilNadu,Ariyalur,"Keelapalur, Ariyalur - TNPCB",25-03-2025 10:00,11.06825,79.07033,NO2,0,0,0
India,TamilNadu,Ariyalur,"Keelapalur, Ariyalur - TNPCB",25-03-2025 10:00,11.06825,79.07033,NH3,0,0,0
India,TamilNadu,Ariyalur,"Keelapalur, Ariyalur - TNPCB",25-03-2025 10:00,11.06825,79.07033,SO2,0,0,0
India,Rajasthan,Sikar,"Radhakishan Pura, Sikar - RSPCB",25-03-2025 10:00,27.608912,75.153302,NH3,4,11,7
India,Rajasthan,Sirohi,"Vedhaynath Colony, Sirohi - RSPCB",25-03-2025 10:00,24.885261,72.857549,CO,4,42,25
India,Rajasthan,Sirohi,"Vedhaynath Colony, Sirohi - RSPCB",25-03-2025 10:00,24.885261,72.857549,OZONE,19,55,33
India,Rajasthan,Sri Ganganagar,"Old City, Sri Ganganagar - RSPCB",25-03-2025 10:00,29.931624,73.864511,PM2.5,28,290,104
India,Rajasthan,Sri Ganganagar,"Old City, Sri Ganganagar - RSPCB",25-03-2025 10:00,29.931624,73.864511,NO2,26,96,55
India,Rajasthan,Sri Ganganagar,"Old City, Sri Ganganagar - RSPCB",25-03-2025 10:00,29.931624,73.864511,SO2,3,19,13
India,Rajasthan,Tonk,"Shastri Nagar, Tonk - RSPCB",25-03-2025 10:00,26.159933,75.780517,NH3,4,9,6
India,Rajasthan,Jhalawar,"Rajlaxmi Nagar, Jhalawar - RSPCB",25-03-2025 10:00,24.588397,76.172782,SO2,2,14,7
India,Rajasthan,Jhunjhunu,"Indra Nagar, Jhunjhunu - RSPCB",25-03-2025 10:00,28.108988,75.386577,NH3,6,13,10
India,Rajasthan,Jodhpur,"Collectorate, Jodhpur - RSPCB",25-03-2025 10:00,26.268249,73.0193853,PM10,26,425,158
India,Rajasthan,Jodhpur,"Collectorate, Jodhpur - RSPCB",25-03-2025 10:00,26.268249,73.0193853,SO2,1,16,11
India,Rajasthan,Jodhpur,"Collectorate, Jodhpur - RSPCB",25-03-2025 10:00,26.268249,73.0193853,CO,6,120,33
India,Rajasthan,Jodhpur,"Digari Kalan, Jodhpur - RSPCB",25-03-2025 10:00,26.29581,73.082283,NO2,4,115,45
India,Rajasthan,Jodhpur,"Digari Kalan, Jodhpur - RSPCB",25-03-2025 10:00,26.29581,73.082283,NH3,2,5,4
India,Rajasthan,Pali,"Indira Colony Vistar, Pali - RSPCB",25-03-2025 10:00,25.771061,73.340227,PM2.5,38,300,129
India,Rajasthan,Pali,"Indira Colony Vistar, Pali - RSPCB",25-03-2025 10:00,25.771061,73.340227,OZONE,10,64,11
India,Rajasthan,Pratapgarh,"Pragati Nagar, Pratapgarh - RSPCB",25-03-2025 10:00,24.041198,74.780702,NO2,12,112,35
India,Rajasthan,Pratapgarh,"Pragati Nagar, Pratapgarh - RSPCB",25-03-2025 10:00,24.041198,74.780702,CO,11,35,20
India,Rajasthan,Rajsamand,"Dhoinda, Rajsamand - RSPCB",25-03-2025 10:00,25.03636,73.883502,PM2.5,7,154,56
India,Rajasthan,Rajsamand,"Dhoinda, Rajsamand - RSPCB",25-03-2025 10:00,25.03636,73.883502,PM10,26,172,76
India,Rajasthan,Rajsamand,"Dhoinda, Rajsamand - RSPCB",25-03-2025 10:00,25.03636,73.883502,NO2,3,79,25
India,Rajasthan,Kota,"Dhanmandi, Kota - RSPCB",25-03-2025 10:00,25.16409,75.858137,PM10,67,234,132
India,Rajasthan,Kota,"Dhanmandi, Kota - RSPCB",25-03-2025 10:00,25.16409,75.858137,CO,12,109,54
India,Rajasthan,Kota,"Nayapura, Kota - RSPCB",25-03-2025 10:00,25.196024,75.855668,NO2,15,102,50
India,Rajasthan,Kota,"Nayapura, Kota - RSPCB",25-03-2025 10:00,25.196024,75.855668,CO,16,70,53
India,Rajasthan,Kota,"Shrinath Puram, Kota - RSPCB",25-03-2025 10:00,25.14389,75.821256,CO,4,104,46
India,Rajasthan,Kota,"Shrinath Puram, Kota - RSPCB",25-03-2025 10:00,25.14389,75.821256,OZONE,7,42,28
India,Rajasthan,Jodhpur,"Mandor, Jodhpur - RSPCB",25-03-2025 10:00,26.358805,73.047444,SO2,4,30,8
India,Rajasthan,Jodhpur,"Samrat Ashok Udhyan, Jodhpur - RSPCB",25-03-2025 10:00,26.253384,72.976571,PM2.5,10,213,63
India,Rajasthan,Karauli,"Satyawati Vihar, Karauli - RSPCB",25-03-2025 10:00,26.506177,77.025989,NH3,2,9,5
India,TamilNadu,Chengalpattu,"Crescent University, Chengalpattu - TNPCB",25-03-2025 10:00,12.8777316,80.0834807,NH3,2,2,2
India,Rajasthan,Jodhpur,"Digari Kalan, Jodhpur - RSPCB",25-03-2025 10:00,26.29581,73.082283,OZONE,1,76,13
India,Rajasthan,Jaisalmer,"Sadar Bazar, Jaisalmer - RSPCB",25-03-2025 10:00,26.912329,70.909168,NH3,5,15,9
India,TamilNadu,Tirunelveli,"Municipal Corporation Office, Tirunelveli - TNPCB",25-03-2025 10:00,8.728442,77.6962,NO2,5,10,7
India,TamilNadu,Tirunelveli,"Municipal Corporation Office, Tirunelveli - TNPCB",25-03-2025 10:00,8.728442,77.6962,NH3,1,2,1
India,TamilNadu,Tirunelveli,"Municipal Corporation Office, Tirunelveli - TNPCB",25-03-2025 10:00,8.728442,77.6962,SO2,25,37,31
India,TamilNadu,Tirunelveli,"Municipal Corporation Office, Tirunelveli - TNPCB",25-03-2025 10:00,8.728442,77.6962,OZONE,6,7,6
India,TamilNadu,Tirupur,"Kumaran College, Tirupur - TNPCB",25-03-2025 10:00,11.0973603,77.3228673,PM2.5,8,45,20
India,TamilNadu,Tirupur,"Kumaran College, Tirupur - TNPCB",25-03-2025 10:00,11.0973603,77.3228673,NO2,3,28,10
India,TamilNadu,Vellore,"Vasanthapuram, Vellore - TNPCB",25-03-2025 10:00,12.909494,79.131861,PM2.5,39,68,49
India,TamilNadu,Vellore,"Vasanthapuram, Vellore - TNPCB",25-03-2025 10:00,12.909494,79.131861,NH3,1,1,1
India,Telangana,Hyderabad,"Bollaram Industrial Area, Hyderabad - TSPCB",25-03-2025 10:00,17.540891,78.358528,CO,22,42,34
India,TamilNadu,Perundurai,"SIPCOT Industrial Park, Perundurai - TNPCB",25-03-2025 10:00,11.258242,77.552761,NO2,4,36,12
India,TamilNadu,Perundurai,"SIPCOT Industrial Park, Perundurai - TNPCB",25-03-2025 10:00,11.258242,77.552761,OZONE,10,14,10
India,TamilNadu,Ramanathapuram,"Chalai Bazaar, Ramanathapuram - TNPCB",25-03-2025 10:00,9.36399,78.831977,PM2.5,32,60,48
India,TamilNadu,Ramanathapuram,"Chalai Bazaar, Ramanathapuram - TNPCB",25-03-2025 10:00,9.36399,78.831977,NO2,3,4,3
India,TamilNadu,Ramanathapuram,"Chalai Bazaar, Ramanathapuram - TNPCB",25-03-2025 10:00,9.36399,78.831977,SO2,11,33,14
India,TamilNadu,Ranipet,"VOC Nagar_SIPCOT, Ranipet - TNPCB",25-03-2025 10:00,12.952707,79.30394,NH3,8,9,8
India,TamilNadu,Salem,"Sona College of Technology, Salem - TNPCB",25-03-2025 10:00,11.679111,78.125052,PM10,44,124,72
India,TamilNadu,Chennai,"Manali, Chennai - CPCB",25-03-2025 10:00,13.164544,80.26285,OZONE,22,25,24
India,TamilNadu,Chennai,"Perungudi, Chennai - TNPCB",25-03-2025 10:00,12.9533,80.2357,NO2,1,18,7
India,TamilNadu,Chennai,"Perungudi, Chennai - TNPCB",25-03-2025 10:00,12.9533,80.2357,CO,29,48,36
India,TamilNadu,Chennai,"Velachery Res. Area, Chennai - CPCB",25-03-2025 10:00,13.0052189,80.2398125,PM2.5,19,51,35
India,TamilNadu,Chennai,"Velachery Res. Area, Chennai - CPCB",25-03-2025 10:00,13.0052189,80.2398125,NH3,5,5,5
India,TamilNadu,Coimbatore,"PSG College of Arts and Science, Coimbatore - TNPCB",25-03-2025 10:00,11.0328,77.0349,PM2.5,27,80,48
India,TamilNadu,Gummidipoondi,"Anthoni Pillai Nagar, Gummidipoondi - TNPCB",25-03-2025 10:00,13.4127,80.1081,PM10,0,0,0
India,TamilNadu,Gummidipoondi,"Anthoni Pillai Nagar, Gummidipoondi - TNPCB",25-03-2025 10:00,13.4127,80.1081,NH3,2,6,4
India,TamilNadu,Hosur,"SIPCOT Phase-1, Hosur - TNPCB",25-03-2025 10:00,12.746998,77.813811,NO2,1,2,2
India,TamilNadu,Hosur,"SIPCOT Phase-1, Hosur - TNPCB",25-03-2025 10:00,12.746998,77.813811,NH3,1,1,1
India,TamilNadu,Karur,"Kamadenu Nagar, Karur - TNPCB",25-03-2025 10:00,10.96782,78.080882,PM10,15,110,58
India,TamilNadu,Karur,"Kamadenu Nagar, Karur - TNPCB",25-03-2025 10:00,10.96782,78.080882,NO2,6,14,10
India,TamilNadu,Karur,"Kamadenu Nagar, Karur - TNPCB",25-03-2025 10:00,10.96782,78.080882,CO,8,19,14
India,TamilNadu,Salem,"Sona College of Technology, Salem - TNPCB",25-03-2025 10:00,11.679111,78.125052,CO,34,35,34
India,TamilNadu,Thanjavur,"Parisutham Nagar, Thanjavur - TNPCB",25-03-2025 10:00,10.7654824,79.1389968,OZONE,5,20,18
India,TamilNadu,Thoothukudi,"Meelavittan, Thoothukudi - TNPCB",25-03-2025 10:00,8.816428,78.099039,CO,4,85,31
India,TamilNadu,Tiruchirappalli,"St Joseph College, Tiruchirappalli - TNPCB",25-03-2025 10:00,10.830158,78.691849,PM10,37,65,46
India,TamilNadu,Chennai,"Alandur Bus Depot, Chennai - CPCB",25-03-2025 10:00,12.9099161,80.1076538,PM10,21,29,25
India,TamilNadu,Chennai,"Kodungaiyur, Chennai - TNPCB",25-03-2025 10:00,13.1278,80.2642,PM10,31,117,46
India,TamilNadu,Chennai,"Kodungaiyur, Chennai - TNPCB",25-03-2025 10:00,13.1278,80.2642,NH3,4,9,6
India,TamilNadu,Chennai,"Manali Village, Chennai - TNPCB",25-03-2025 10:00,13.1662,80.2584,PM10,19,186,62
India,TamilNadu,Coimbatore,"SIDCO Kurichi, Coimbatore - TNPCB",25-03-2025 10:00,10.942451,76.978996,NO2,13,30,21
India,TamilNadu,Coimbatore,"SIDCO Kurichi, Coimbatore - TNPCB",25-03-2025 10:00,10.942451,76.978996,SO2,19,20,19
India,TamilNadu,Cuddalore,"Kudikadu, Cuddalore - TNPCB",25-03-2025 10:00,11.6829898,79.7532099,PM10,0,0,0
India,TamilNadu,Cuddalore,"Kudikadu, Cuddalore - TNPCB",25-03-2025 10:00,11.6829898,79.7532099,SO2,0,0,0
India,Telangana,Hyderabad,"ECIL Kapra, Hyderabad - TSPCB",25-03-2025 10:00,17.470431,78.566959,SO2,9,17,16
India,Telangana,Hyderabad,"ECIL Kapra, Hyderabad - TSPCB",25-03-2025 10:00,17.470431,78.566959,OZONE,38,50,50
India,TamilNadu,Madurai,"Uchapatti, Madurai - TNPCB",25-03-2025 10:00,9.865935,78.022669,SO2,22,24,24
India,Uttar_Pradesh,Ghaziabad,"Vasundhara, Ghaziabad - UPPCB",25-03-2025 10:00,28.6603346,77.3572563,PM10,100,412,218
India,Uttar_Pradesh,Gorakhpur,"Madan Mohan Malaviya University of Technology, Gorakhpur - UPPCB",25-03-2025 10:00,26.730136,83.433859,PM2.5,32,236,79
India,Uttar_Pradesh,Gorakhpur,"Madan Mohan Malaviya University of Technology, Gorakhpur - UPPCB",25-03-2025 10:00,26.730136,83.433859,OZONE,8,22,10
India,Uttar_Pradesh,Greater Noida,"Knowledge Park - III, Greater Noida - UPPCB",25-03-2025 10:00,28.47272,77.482,NH3,6,12,9
India,Tripura,Agartala,"Bardowali, Agartala - Tripura SPCB",25-03-2025 10:00,23.8175497,91.2726974,PM10,27,70,51
India,Uttar_Pradesh,Agra,"Manoharpur, Agra - UPPCB",25-03-2025 10:00,27.23711,78.01936,PM2.5,12,169,67
India,Uttar_Pradesh,Agra,"Manoharpur, Agra - UPPCB",25-03-2025 10:00,27.23711,78.01936,OZONE,1,38,5
India,Uttar_Pradesh,Agra,"Rohta, Agra - UPPCB",25-03-2025 10:00,27.106972,78.000111,NO2,9,10,10
India,Uttar_Pradesh,Agra,"Rohta, Agra - UPPCB",25-03-2025 10:00,27.106972,78.000111,CO,20,39,32
India,Uttar_Pradesh,Baghpat,"Sardar Patel Inter College, Baghpat - UPPCB",25-03-2025 10:00,28.964949,77.278761,NH3,0,0,0
India,Uttar_Pradesh,Bareilly,"Civil Lines, Bareilly - UPPCB",25-03-2025 10:00,28.359581,79.414455,OZONE,15,21,16
India,Uttar_Pradesh,Bareilly,"Rajendra Nagar, Bareilly - UPPCB",25-03-2025 10:00,28.38910936,79.42963708,NH3,1,2,1
India,Uttar_Pradesh,Bulandshahr,"Yamunapuram, Bulandshahr - UPPCB",25-03-2025 10:00,28.406963,77.849831,NH3,11,29,15
India,Telangana,Hyderabad,"ICRISAT Patancheru, Hyderabad - TSPCB",25-03-2025 10:00,17.5184,78.278777,SO2,7,26,12
India,Telangana,Hyderabad,"ICRISAT Patancheru, Hyderabad - TSPCB",25-03-2025 10:00,17.5184,78.278777,CO,23,66,35
India,Telangana,Hyderabad,"IDA Pashamylaram, Hyderabad - TSPCB",25-03-2025 10:00,17.5316895,78.218939,PM10,64,139,98
India,Telangana,Hyderabad,"IDA Pashamylaram, Hyderabad - TSPCB",25-03-2025 10:00,17.5316895,78.218939,NH3,1,1,1
India,Telangana,Hyderabad,"IITH Kandi, Hyderabad - TSPCB",25-03-2025 10:00,17.585705,78.126199,PM2.5,56,73,67
India,Uttar_Pradesh,Firozabad,"Nagla Bhau, Firozabad - UPPCB",25-03-2025 10:00,27.168897,78.37696,SO2,17,27,23
India,Uttar_Pradesh,Firozabad,"Vibhab Nagar, Firozabad - UPPCB",25-03-2025 10:00,27.1594,78.3953,NH3,2,2,2
India,Uttar_Pradesh,Ghaziabad,"Indirapuram, Ghaziabad - UPPCB",25-03-2025 10:00,28.646233,77.358075,NH3,4,10,7
India,Uttar_Pradesh,Ghaziabad,"Indirapuram, Ghaziabad - UPPCB",25-03-2025 10:00,28.646233,77.358075,OZONE,12,209,30
India,Uttar_Pradesh,Agra,"Sector-3B Avas Vikas Colony, Agra - UPPCB",25-03-2025 10:00,27.19412,77.96237,PM10,17,139,66
India,Uttar_Pradesh,Agra,"Sector-3B Avas Vikas Colony, Agra - UPPCB",25-03-2025 10:00,27.19412,77.96237,SO2,18,22,20
India,Uttar_Pradesh,Agra,"Shahjahan Garden, Agra - UPPCB",25-03-2025 10:00,27.169338,78.03582,PM2.5,3,103,62
India,Uttar_Pradesh,Agra,"Shastripuram, Agra - UPPCB",25-03-2025 10:00,27.19862,77.92066,PM2.5,8,89,45
India,Telangana,Hyderabad,"Sanathnagar, Hyderabad - TSPCB",25-03-2025 10:00,17.4559458,78.4332152,NO2,8,30,26
India,Telangana,Hyderabad,"Somajiguda, Hyderabad - TSPCB",25-03-2025 10:00,17.417094,78.457437,CO,32,50,42
India,Telangana,Hyderabad,"Somajiguda, Hyderabad - TSPCB",25-03-2025 10:00,17.417094,78.457437,OZONE,12,35,16
India,Telangana,Hyderabad,"Nacharam_TSIIC IALA, Hyderabad - TSPCB",25-03-2025 10:00,17.429398,78.569354,CO,28,30,28
India,Telangana,Hyderabad,"New Malakpet, Hyderabad - TSPCB",25-03-2025 10:00,17.37206,78.50864,SO2,11,14,13
India,Uttar_Pradesh,Meerut,"Ganga Nagar, Meerut - UPPCB",25-03-2025 10:00,28.999264,77.7590354,PM2.5,184,423,349
India,Uttar_Pradesh,Meerut,"Ganga Nagar, Meerut - UPPCB",25-03-2025 10:00,28.999264,77.7590354,NO2,22,78,41
India,Uttar_Pradesh,Meerut,"Ganga Nagar, Meerut - UPPCB",25-03-2025 10:00,28.999264,77.7590354,SO2,19,48,31
India,Uttar_Pradesh,Meerut,"Ganga Nagar, Meerut - UPPCB",25-03-2025 10:00,28.999264,77.7590354,CO,26,84,68
India,Uttar_Pradesh,Meerut,"Ganga Nagar, Meerut - UPPCB",25-03-2025 10:00,28.999264,77.7590354,OZONE,14,186,38
India,Uttar_Pradesh,Meerut,"Jai Bhim Nagar, Meerut - UPPCB",25-03-2025 10:00,28.9535882,77.7622941,NH3,8,15,11
India,Uttar_Pradesh,Meerut,"Jai Bhim Nagar, Meerut - UPPCB",25-03-2025 10:00,28.9535882,77.7622941,OZONE,15,128,26
India,Uttar_Pradesh,Moradabad,"Buddhi Vihar, Moradabad - UPPCB",25-03-2025 10:00,28.83526,78.7446,NH3,4,4,4
India,Uttar_Pradesh,Kanpur,"NSI Kalyanpur, Kanpur - UPPCB",25-03-2025 10:00,26.509954,80.249612,OZONE,12,24,22
India,Uttar_Pradesh,Kanpur,"Nehru Nagar, Kanpur - UPPCB",25-03-2025 10:00,26.4703136,80.3229863,OZONE,6,70,21
India,Uttar_Pradesh,Khurja,"Kalindi Kunj, Khurja - UPPCB",25-03-2025 10:00,28.2348927,77.8683002,NO2,2,4,3
India,Uttar_Pradesh,Lucknow,"B R Ambedkar University, Lucknow - UPPCB",25-03-2025 10:00,26.766433,80.927299,PM2.5,47,324,167
India,Uttar_Pradesh,Lucknow,"B R Ambedkar University, Lucknow - UPPCB",25-03-2025 10:00,26.766433,80.927299,OZONE,11,122,41
India,Uttar_Pradesh,Lucknow,"Gomti Nagar, Lucknow - UPPCB",25-03-2025 10:00,26.86812,81.005119,NO2,8,11,9
India,Uttar_Pradesh,Lucknow,"Kukrail Picnic Spot-1, Lucknow - UPPCB",25-03-2025 10:00,26.90723,80.98579,NO2,22,23,23
India,Uttar_Pradesh,Lucknow,"Kukrail Picnic Spot-1, Lucknow - UPPCB",25-03-2025 10:00,26.90723,80.98579,NH3,4,4,4
India,Uttar_Pradesh,Lucknow,"Kukrail Picnic Spot-1, Lucknow - UPPCB",25-03-2025 10:00,26.90723,80.98579,CO,12,35,29
India,Uttar_Pradesh,Lucknow,"Lalbagh, Lucknow - CPCB",25-03-2025 10:00,26.8458805,80.9365541,PM10,122,287,199
India,Uttar_Pradesh,Lucknow,"Lalbagh, Lucknow - CPCB",25-03-2025 10:00,26.8458805,80.9365541,SO2,1,22,9
India,Uttar_Pradesh,Lucknow,"Lalbagh, Lucknow - CPCB",25-03-2025 10:00,26.8458805,80.9365541,CO,1,71,36
India,Uttar_Pradesh,Lucknow,"Talkatora District Industries Center, Lucknow - CPCB",25-03-2025 10:00,26.83399722,80.8917361,NH3,5,19,12
India,Uttar_Pradesh,Moradabad,"Jigar Colony, Moradabad - UPPCB",25-03-2025 10:00,28.856664,78.772638,NH3,6,13,6
India,Uttar_Pradesh,Moradabad,"Kashiram Nagar, Moradabad - UPPCB",25-03-2025 10:00,28.849399,78.742362,SO2,35,57,46
India,Uttar_Pradesh,Moradabad,"Transport Nagar, Moradabad - UPPCB",25-03-2025 10:00,28.802625,78.753728,PM2.5,22,136,76
India,Uttar_Pradesh,Moradabad,"Transport Nagar, Moradabad - UPPCB",25-03-2025 10:00,28.802625,78.753728,NO2,26,27,27
India,Uttar_Pradesh,Moradabad,"Transport Nagar, Moradabad - UPPCB",25-03-2025 10:00,28.802625,78.753728,CO,0,0,0
India,Uttar_Pradesh,Noida,"Sector - 125, Noida - UPPCB",25-03-2025 10:00,28.5447608,77.3231257,SO2,21,89,33
India,Uttar_Pradesh,Greater Noida,"Knowledge Park - V, Greater Noida - UPPCB",25-03-2025 10:00,28.557054,77.453663,NO2,21,192,104
India,Uttar_Pradesh,Greater Noida,"Knowledge Park - V, Greater Noida - UPPCB",25-03-2025 10:00,28.557054,77.453663,NH3,6,15,11
India,Uttar_Pradesh,Hapur,"Anand Vihar, Hapur - UPPCB",25-03-2025 10:00,28.725645,77.749675,OZONE,1,169,4
India,Uttar_Pradesh,Jhansi,"Shivaji Nagar, Jhansi - UPPCB",25-03-2025 10:00,25.4547,78.6039,CO,7,24,13
India,Uttar_Pradesh,Noida,"Sector - 125, Noida - UPPCB",25-03-2025 10:00,28.5447608,77.3231257,OZONE,1,148,9
India,Uttar_Pradesh,Noida,"Sector - 62, Noida - IMD",25-03-2025 10:00,28.6245479,77.3577104,PM10,91,257,165
India,Uttar_Pradesh,Noida,"Sector-1, Noida - UPPCB",25-03-2025 10:00,28.5898,77.3101,SO2,13,116,42
India,Uttar_Pradesh,Moradabad,"Eco Herbal Park, Moradabad - UPPCB",25-03-2025 10:00,28.840739,78.697531,NH3,5,12,8
India,Uttar_Pradesh,Moradabad,"Employment Office, Moradabad - UPPCB",25-03-2025 10:00,28.88528,78.7388,SO2,27,35,30
India,Uttar_Pradesh,Lucknow,"Kendriya Vidyalaya, Lucknow - CPCB",25-03-2025 10:00,26.906111,80.948222,NO2,31,48,40
India,Uttar_Pradesh,Lucknow,"Kendriya Vidyalaya, Lucknow - CPCB",25-03-2025 10:00,26.906111,80.948222,OZONE,6,46,11
India,Uttar_Pradesh,Prayagraj,"Motilal Nehru NIT, Prayagraj - UPPCB",25-03-2025 10:00,25.494,81.863,NH3,6,6,6
India,Uttar_Pradesh,Prayagraj,"Motilal Nehru NIT, Prayagraj - UPPCB",25-03-2025 10:00,25.494,81.863,SO2,16,23,20
India,West_Bengal,Asansol,"Mahabir Colliery, Asansol - WBPCB",25-03-2025 10:00,23.618183,87.105718,OZONE,8,118,21
India,West_Bengal,Barrackpore,"SVSPA Campus, Barrackpore - WBPCB",25-03-2025 10:00,22.7605581,88.3617589,PM2.5,63,285,166
India,West_Bengal,Barrackpore,"SVSPA Campus, Barrackpore - WBPCB",25-03-2025 10:00,22.7605581,88.3617589,PM10,93,217,152
India,West_Bengal,Barrackpore,"SVSPA Campus, Barrackpore - WBPCB",25-03-2025 10:00,22.7605581,88.3617589,NO2,9,58,29
India,West_Bengal,Barrackpore,"SVSPA Campus, Barrackpore - WBPCB",25-03-2025 10:00,22.7605581,88.3617589,OZONE,3,85,13
India,West_Bengal,Durgapur,"Mahishkapur Road_B-Zone, Durgapur - WBPCB",25-03-2025 10:00,23.567923,87.306843,NO2,4,27,14
India,West_Bengal,Durgapur,"PCBL Residential Complex, Durgapur - WBPCB",25-03-2025 10:00,23.508764,87.35444,NH3,2,5,2
India,West_Bengal,Durgapur,"PCBL Residential Complex, Durgapur - WBPCB",25-03-2025 10:00,23.508764,87.35444,OZONE,5,84,25
India,Uttarakhand,Rishikesh,"Shivaji Nagar, Rishikesh - UKPCB",25-03-2025 10:00,30.075911,78.2859547,NH3,0,0,0
India,West_Bengal,Asansol,"Asansol Court Area, Asansol - WBPCB",25-03-2025 10:00,23.685297,86.945968,CO,22,98,74
India,West_Bengal,Asansol,"Asansol Court Area, Asansol - WBPCB",25-03-2025 10:00,23.685297,86.945968,OZONE,7,67,17
India,West_Bengal,Asansol,"Evelyn Lodge, Asansol - WBPCB",25-03-2025 10:00,23.697936,86.944395,PM10,94,247,148
India,West_Bengal,Asansol,"Evelyn Lodge, Asansol - WBPCB",25-03-2025 10:00,23.697936,86.944395,NO2,14,55,33
India,Uttar_Pradesh,Varanasi,"Bhelupur, Varanasi - UPPCB",25-03-2025 10:00,25.301778,82.996789,OZONE,1,25,1
India,Uttar_Pradesh,Varanasi,"IESD Banaras Hindu University, Varanasi - UPPCB",25-03-2025 10:00,25.262326,82.995408,PM2.5,19,76,47
India,Uttar_Pradesh,Varanasi,"IESD Banaras Hindu University, Varanasi - UPPCB",25-03-2025 10:00,25.262326,82.995408,NO2,2,3,2
India,Uttar_Pradesh,Varanasi,"Maldahiya, Varanasi - UPPCB",25-03-2025 10:00,25.32393,82.99687,NO2,1,2,2
India,Uttar_Pradesh,Varanasi,"Maldahiya, Varanasi - UPPCB",25-03-2025 10:00,25.32393,82.99687,NH3,1,1,1
India,West_Bengal,Kolkata,"Bidhannagar, Kolkata - WBPCB",25-03-2025 10:00,22.58157048,88.41002457,CO,8,26,17
India,West_Bengal,Kolkata,"Jadavpur, Kolkata - WBPCB",25-03-2025 10:00,22.49929,88.36917,NO2,19,152,50
India,West_Bengal,Kolkata,"Jadavpur, Kolkata - WBPCB",25-03-2025 10:00,22.49929,88.36917,NH3,6,28,12
India,West_Bengal,Kolkata,"Rabindra Bharati University, Kolkata - WBPCB",25-03-2025 10:00,22.627847,88.380669,PM2.5,65,167,105
India,Uttar_Pradesh,Vrindavan,"Omex Eternity, Vrindavan - UPPCB",25-03-2025 10:00,27.571409,77.655757,NO2,12,12,12
India,Uttar_Pradesh,Vrindavan,"Omex Eternity, Vrindavan - UPPCB",25-03-2025 10:00,27.571409,77.655757,NH3,1,2,2
India,Uttar_Pradesh,Vrindavan,"Omex Eternity, Vrindavan - UPPCB",25-03-2025 10:00,27.571409,77.655757,OZONE,10,13,12
India,Uttarakhand,Kashipur,"Govt. Girls Inter College, Kashipur - UKPCB",25-03-2025 10:00,29.2124114,78.9611753,PM2.5,77,300,189
India,West_Bengal,Kolkata,"Rabindra Bharati University, Kolkata - WBPCB",25-03-2025 10:00,22.627847,88.380669,SO2,4,17,11
India,West_Bengal,Kolkata,"Rabindra Bharati University, Kolkata - WBPCB",25-03-2025 10:00,22.627847,88.380669,OZONE,8,83,23
India,West_Bengal,Kolkata,"Rabindra Sarobar, Kolkata - WBPCB",25-03-2025 10:00,22.51106,88.35142,NO2,28,173,90
India,West_Bengal,Kolkata,"Rabindra Sarobar, Kolkata - WBPCB",25-03-2025 10:00,22.51106,88.35142,NH3,4,16,9
India,West_Bengal,Haldia,"Priyambada Housing Estate, Haldia - WBPCB",25-03-2025 10:00,22.06047,88.109737,NO2,14,48,27
India,West_Bengal,Howrah,"Belur Math, Howrah - WBPCB",25-03-2025 10:00,22.629801,88.352017,PM2.5,48,162,96
India,West_Bengal,Howrah,"Belur Math, Howrah - WBPCB",25-03-2025 10:00,22.629801,88.352017,SO2,7,10,9
India,West_Bengal,Kolkata,"Ballygunge, Kolkata - WBPCB",25-03-2025 10:00,22.5367507,88.3638022,PM2.5,8,249,158
India,Uttar_Pradesh,Varanasi,"Maldahiya, Varanasi - UPPCB",25-03-2025 10:00,25.32393,82.99687,CO,22,108,61
India,West_Bengal,Kolkata,"Rabindra Sarobar, Kolkata - WBPCB",25-03-2025 10:00,22.51106,88.35142,OZONE,5,141,34
India,West_Bengal,Kolkata,"Victoria, Kolkata - WBPCB",25-03-2025 10:00,22.5448082,88.3403691,NH3,5,8,6
India,West_Bengal,Siliguri,"Ward-32 Bapupara, Siliguri - WBPCB",25-03-2025 10:00,26.6879226,88.4152495,NH3,12,18,15
India,West_Bengal,Siliguri,"Ward-32 Bapupara, Siliguri - WBPCB",25-03-2025 10:00,26.6879226,88.4152495,OZONE,13,17,15
India,Andhra_Pradesh,Anantapur,"Gulzarpet, Anantapur - APPCB",25-03-2025 10:00,14.675886,77.593027,NO2,24,43,31
India,Andhra_Pradesh,Anantapur,"Gulzarpet, Anantapur - APPCB",25-03-2025 10:00,14.675886,77.593027,NH3,5,12,7
India,Andhra_Pradesh,Chittoor,"Gangineni Cheruvu, Chittoor - APPCB",25-03-2025 10:00,13.20488,79.097889,PM2.5,39,137,79
India,Andhra_Pradesh,Chittoor,"Gangineni Cheruvu, Chittoor - APPCB",25-03-2025 10:00,13.20488,79.097889,PM10,35,105,70
India,Andhra_Pradesh,Chittoor,"Gangineni Cheruvu, Chittoor - APPCB",25-03-2025 10:00,13.20488,79.097889,OZONE,25,44,36
India,Andhra_Pradesh,Rajamahendravaram,"Anand Kala Kshetram, Rajamahendravaram - APPCB",25-03-2025 10:00,16.9872867,81.7363176,PM2.5,30,51,37
India,Andhra_Pradesh,Rajamahendravaram,"Anand Kala Kshetram, Rajamahendravaram - APPCB",25-03-2025 10:00,16.9872867,81.7363176,NH3,4,7,5
India,Andhra_Pradesh,Rajamahendravaram,"Anand Kala Kshetram, Rajamahendravaram - APPCB",25-03-2025 10:00,16.9872867,81.7363176,CO,17,44,22
India,Andhra_Pradesh,Rajamahendravaram,"Anand Kala Kshetram, Rajamahendravaram - APPCB",25-03-2025 10:00,16.9872867,81.7363176,OZONE,6,7,6
India,Andhra_Pradesh,Tirumala,"Toll Gate, Tirumala - APPCB (Formerly known as Tirumala, Tirupati - APPCB)",25-03-2025 10:00,13.67,79.35,PM2.5,40,98,75
India,Andhra_Pradesh,Tirumala,"Toll Gate, Tirumala - APPCB (Formerly known as Tirumala, Tirupati - APPCB)",25-03-2025 10:00,13.67,79.35,NO2,14,22,19
India,Andhra_Pradesh,Tirumala,"Toll Gate, Tirumala - APPCB (Formerly known as Tirumala, Tirupati - APPCB)",25-03-2025 10:00,13.67,79.35,SO2,1,9,5
India,Andhra_Pradesh,Tirumala,"Toll Gate, Tirumala - APPCB (Formerly known as Tirumala, Tirupati - APPCB)",25-03-2025 10:00,13.67,79.35,OZONE,14,56,28
India,Andhra_Pradesh,Vijayawada,"HB Colony, Vijayawada - APPCB",25-03-2025 10:00,16.536107,80.594233,SO2,5,10,6
India,Andhra_Pradesh,Vijayawada,"HB Colony, Vijayawada - APPCB",25-03-2025 10:00,16.536107,80.594233,CO,19,34,19
India,Andhra_Pradesh,Vijayawada,"Kanuru, Vijayawada - APPCB",25-03-2025 10:00,16.486692,80.699436,SO2,2,6,3
India,Andhra_Pradesh,Vijayawada,"Rajiv Gandhi Park, Vijayawada - APPCB",25-03-2025 10:00,16.509717,80.612222,PM2.5,57,88,75
India,Andhra_Pradesh,Vijayawada,"Rajiv Gandhi Park, Vijayawada - APPCB",25-03-2025 10:00,16.509717,80.612222,PM10,60,90,78
India,Andaman and Nicobar,Sri Vijaya Puram,"Police Line, Sri Vijaya Puram - ANPCC",25-03-2025 10:00,11.654054,92.734055,PM10,46,102,66
India,Andaman and Nicobar,Sri Vijaya Puram,"Police Line, Sri Vijaya Puram - ANPCC",25-03-2025 10:00,11.654054,92.734055,SO2,4,34,20
India,Andaman and Nicobar,Sri Vijaya Puram,"Police Line, Sri Vijaya Puram - ANPCC",25-03-2025 10:00,11.654054,92.734055,OZONE,4,74,6
India,Andhra_Pradesh,Amaravati,"Secretariat, Amaravati - APPCB",25-03-2025 10:00,16.5150833,80.5181667,SO2,12,15,14
India,Andhra_Pradesh,Amaravati,"Secretariat, Amaravati - APPCB",25-03-2025 10:00,16.5150833,80.5181667,CO,4,124,62
India,Andhra_Pradesh,Anantapur,"Gulzarpet, Anantapur - APPCB",25-03-2025 10:00,14.675886,77.593027,PM2.5,26,254,62
India,Assam,Silchar,"Tarapur, Silchar - PCBA",25-03-2025 10:00,24.82827,92.79525,NO2,7,11,9
India,Assam,Silchar,"Tarapur, Silchar - PCBA",25-03-2025 10:00,24.82827,92.79525,CO,12,20,18
India,Assam,Silchar,"Tarapur, Silchar - PCBA",25-03-2025 10:00,24.82827,92.79525,OZONE,1,14,2
India,Assam,Sivasagar,"Girls College, Sivasagar - PCBA",25-03-2025 10:00,26.987634,94.636574,OZONE,1,6,1
India,Bihar,Araria,"Kharahiya Basti, Araria - BSPCB",25-03-2025 10:00,26.146529,87.454184,NH3,10,14,11
India,Bihar,Arrah,"New DM Office, Arrah - BSPCB",25-03-2025 10:00,25.5626095,84.663264,SO2,9,10,10
India,Bihar,Begusarai,"Lohiyanagar, Begusarai - BSPCB",25-03-2025 10:00,25.42742023,86.13886079,PM10,71,242,137
India,Bihar,Begusarai,"Lohiyanagar, Begusarai - BSPCB",25-03-2025 10:00,25.42742023,86.13886079,SO2,4,44,11
India,Bihar,Begusarai,"Lohiyanagar, Begusarai - BSPCB",25-03-2025 10:00,25.42742023,86.13886079,CO,33,72,40
India,Bihar,Begusarai,"Lohiyanagar, Begusarai - BSPCB",25-03-2025 10:00,25.42742023,86.13886079,OZONE,1,11,4
India,Bihar,Bettiah,"Kamalnath Nagar, Bettiah - BSPCB",25-03-2025 10:00,26.80365,84.51954,PM2.5,28,243,126
India,Bihar,Bettiah,"Kamalnath Nagar, Bettiah - BSPCB",25-03-2025 10:00,26.80365,84.51954,NO2,26,29,28
India,Assam,Byrnihat,"Central Academy for SFS, Byrnihat - PCBA",25-03-2025 10:00,26.071318,91.87488,NH3,0,0,0
India,Assam,Guwahati,"Pan Bazaar, Guwahati - PCBA",25-03-2025 10:00,26.1875,91.744194,PM10,113,182,145
India,Assam,Guwahati,"Pan Bazaar, Guwahati - PCBA",25-03-2025 10:00,26.1875,91.744194,CO,16,105,72
India,Assam,Nagaon,"Christianpatty, Nagaon - PCBA",25-03-2025 10:00,26.349082,92.68449,OZONE,25,43,31
India,Assam,Nalbari,"Bata Chowk, Nalbari - PCBA",25-03-2025 10:00,26.446912,91.439057,NO2,2,8,4
India,Assam,Nalbari,"Bata Chowk, Nalbari - PCBA",25-03-2025 10:00,26.446912,91.439057,CO,10,56,31
India,Andhra_Pradesh,Vijayawada,"Rajiv Nagar, Vijayawada - APPCB",25-03-2025 10:00,16.554731,80.64911,SO2,18,22,20
India,Andhra_Pradesh,Visakhapatnam,"GVM Corporation, Visakhapatnam - APPCB",25-03-2025 10:00,17.72,83.3,NO2,38,59,49
India,Assam,Byrnihat,"Central Academy for SFS, Byrnihat - PCBA",25-03-2025 10:00,26.071318,91.87488,PM10,0,0,0
India,Assam,Nagaon,"Christianpatty, Nagaon - PCBA",25-03-2025 10:00,26.349082,92.68449,PM2.5,17,260,86
India,Bihar,Gaya,"SFTI Kusdihra, Gaya - BSPCB",25-03-2025 10:00,24.762518,84.982348,PM2.5,20,71,47
India,Bihar,Hajipur,"Industrial Area, Hajipur - BSPCB",25-03-2025 10:00,25.697189,85.2459,PM10,93,207,146
India,Bihar,Hajipur,"Industrial Area, Hajipur - BSPCB",25-03-2025 10:00,25.697189,85.2459,NO2,14,39,26
India,Bihar,Hajipur,"Industrial Area, Hajipur - BSPCB",25-03-2025 10:00,25.697189,85.2459,OZONE,10,126,32
India,Bihar,Katihar,"Mirchaibari, Katihar - BSPCB",25-03-2025 10:00,25.560083,87.553265,PM10,22,97,54
India,Bihar,Katihar,"Mirchaibari, Katihar - BSPCB",25-03-2025 10:00,25.560083,87.553265,CO,4,28,22
India,Bihar,Kishanganj,"SDM Office_Khagra, Kishanganj - BSPCB",25-03-2025 10:00,26.0881305,87.93840336,NO2,23,28,25
India,Bihar,Muzaffarpur,"MIT-Daudpur Kothi, Muzaffarpur - BSPCB",25-03-2025 10:00,26.1403345,85.3650192,SO2,4,5,5
India,Bihar,Patna,"DRM Office Danapur, Patna - BSPCB",25-03-2025 10:00,25.586562,85.043586,NH3,2,3,3
India,Bihar,Patna,"DRM Office Danapur, Patna - BSPCB",25-03-2025 10:00,25.586562,85.043586,SO2,2,6,4
India,Bihar,Patna,"DRM Office Danapur, Patna - BSPCB",25-03-2025 10:00,25.586562,85.043586,CO,17,129,48
India,Bihar,Patna,"Govt. High School Shikarpur, Patna - BSPCB",25-03-2025 10:00,25.592539,85.227158,PM10,129,207,176
India,Bihar,Patna,"Govt. High School Shikarpur, Patna - BSPCB",25-03-2025 10:00,25.592539,85.227158,NO2,5,18,12
India,Bihar,Bihar Sharif,"D M Colony, Bihar Sharif - BSPCB",25-03-2025 10:00,25.204762,85.51496,PM2.5,33,140,78
India,Bihar,Chhapra,"Darshan Nagar, Chhapra - BSPCB",25-03-2025 10:00,25.7808257,84.7446768,PM10,38,161,95
India,Bihar,Chhapra,"Darshan Nagar, Chhapra - BSPCB",25-03-2025 10:00,25.7808257,84.7446768,NO2,2,24,11
India,Bihar,Chhapra,"Darshan Nagar, Chhapra - BSPCB",25-03-2025 10:00,25.7808257,84.7446768,CO,7,20,13
India,Bihar,Gaya,"Collectorate, Gaya - BSPCB",25-03-2025 10:00,24.7955,84.9994,PM2.5,40,309,186
India,Bihar,Gaya,"Collectorate, Gaya - BSPCB",25-03-2025 10:00,24.7955,84.9994,SO2,12,14,14
India,Bihar,Patna,"IGSC Planetarium Complex, Patna - BSPCB",25-03-2025 10:00,25.610369,85.132568,OZONE,41,44,43
India,Bihar,Patna,"Muradpur, Patna - BSPCB",25-03-2025 10:00,25.619651,85.147382,NH3,1,9,4
India,Bihar,Patna,"Rajbansi Nagar, Patna - BSPCB",25-03-2025 10:00,25.599486,85.113666,NO2,13,104,48
India,Bihar,Patna,"Rajbansi Nagar, Patna - BSPCB",25-03-2025 10:00,25.599486,85.113666,CO,9,148,33
India,Bihar,Purnia,"Mariam Nagar, Purnia - BSPCB",25-03-2025 10:00,25.366336,87.117468,NO2,17,20,18
India,Bihar,Saharsa,"Police Line, Saharsa - BSPCB",25-03-2025 10:00,25.892357,86.590325,PM2.5,22,322,181
India,Bihar,Saharsa,"Police Line, Saharsa - BSPCB",25-03-2025 10:00,25.892357,86.590325,NH3,4,4,4
India,Bihar,Saharsa,"Police Line, Saharsa - BSPCB",25-03-2025 10:00,25.892357,86.590325,SO2,9,17,13
India,Bihar,Motihari,"Gandak Colony, Motihari - BSPCB",25-03-2025 10:00,26.63086,84.90051,PM2.5,8,354,169
India,Bihar,Motihari,"Gandak Colony, Motihari - BSPCB",25-03-2025 10:00,26.63086,84.90051,CO,32,82,55
India,Bihar,Munger,"Town Hall, Munger - BSPCB",25-03-2025 10:00,25.376776,86.471523,SO2,0,0,0
India,Bihar,Samastipur,"DM Office_Kasipur, Samastipur - BSPCB",25-03-2025 10:00,25.859655,85.77944,SO2,5,27,21
India,Bihar,Samastipur,"DM Office_Kasipur, Samastipur - BSPCB",25-03-2025 10:00,25.859655,85.77944,OZONE,7,9,8
India,Bihar,Gaya,"Kareemganj, Gaya - BSPCB",25-03-2025 10:00,24.792403,84.992416,PM2.5,35,354,165
India,Bihar,Gaya,"Kareemganj, Gaya - BSPCB",25-03-2025 10:00,24.792403,84.992416,SO2,16,18,17
India,Bihar,Siwan,"Chitragupta Nagar, Siwan - BSPCB",25-03-2025 10:00,26.2271665,84.3570427,PM10,47,386,150
India,Delhi,Delhi,"Alipur, Delhi - DPCC",25-03-2025 10:00,28.815329,77.15301,SO2,16,70,26
India,Delhi,Delhi,"Anand Vihar, Delhi - DPCC",25-03-2025 10:00,28.647622,77.315809,NO2,58,154,119
India,Delhi,Delhi,"Anand Vihar, Delhi - DPCC",25-03-2025 10:00,28.647622,77.315809,NH3,8,12,10
India,Delhi,Delhi,"Anand Vihar, Delhi - DPCC",25-03-2025 10:00,28.647622,77.315809,OZONE,4,56,8
India,Delhi,Delhi,"Ashok Vihar, Delhi - DPCC",25-03-2025 10:00,28.695381,77.181665,PM10,108,375,227
India,Delhi,Delhi,"Ashok Vihar, Delhi - DPCC",25-03-2025 10:00,28.695381,77.181665,OZONE,3,238,23
India,Delhi,Delhi,"Aya Nagar, Delhi - IMD",25-03-2025 10:00,28.4706914,77.1099364,PM2.5,18,337,206
India,Delhi,Delhi,"Aya Nagar, Delhi - IMD",25-03-2025 10:00,28.4706914,77.1099364,CO,30,106,96
India,Delhi,Delhi,"Bawana, Delhi - DPCC",25-03-2025 10:00,28.7762,77.051074,NO2,6,74,38
India,Chhattisgarh,Korba,"Rampur, Korba - CECB",25-03-2025 10:00,22.368195,82.746431,OZONE,4,20,4
India,Chhattisgarh,Korba,"Urja Nagar, Korba - CECB",25-03-2025 10:00,22.348441,82.549611,SO2,8,10,9
India,Chhattisgarh,Kunjemura,"OP Jindal School, Kunjemura - CECB",25-03-2025 10:00,22.12665,83.483212,PM10,0,0,0
India,Chhattisgarh,Kunjemura,"OP Jindal School, Kunjemura - CECB",25-03-2025 10:00,22.12665,83.483212,NH3,0,0,0
India,Chhattisgarh,Milupara,"Govt. Higher Secondary School, Milupara - CECB",25-03-2025 10:00,22.1910172,83.5197009,OZONE,0,0,0
India,Delhi,Delhi,"Bawana, Delhi - DPCC",25-03-2025 10:00,28.7762,77.051074,OZONE,6,199,15
India,Delhi,Delhi,"Burari Crossing, Delhi - IMD",25-03-2025 10:00,28.7256504,77.2011573,PM2.5,44,427,219
India,Delhi,Delhi,"Burari Crossing, Delhi - IMD",25-03-2025 10:00,28.7256504,77.2011573,OZONE,4,96,7
India,Delhi,Delhi,"CRRI Mathura Road, Delhi - IMD",25-03-2025 10:00,28.5512005,77.2735737,PM2.5,32,370,219
India,Delhi,Delhi,"Chandni Chowk, Delhi - IITM",25-03-2025 10:00,28.656756,77.227234,PM10,78,254,147
India,Bihar,Siwan,"Chitragupta Nagar, Siwan - BSPCB",25-03-2025 10:00,26.2271665,84.3570427,SO2,3,7,5
India,Chandigarh,Chandigarh,"Sector 22, Chandigarh - CPCC",25-03-2025 10:00,30.735567,76.775714,PM2.5,60,170,100
India,Chandigarh,Chandigarh,"Sector-25, Chandigarh - CPCC",25-03-2025 10:00,30.751462,76.762879,PM10,111,152,131
India,Chandigarh,Chandigarh,"Sector-25, Chandigarh - CPCC",25-03-2025 10:00,30.751462,76.762879,OZONE,1,97,18
India,Delhi,Delhi,"Dr. Karni Singh Shooting Range, Delhi - DPCC",25-03-2025 10:00,28.498571,77.26484,CO,18,108,92
India,Delhi,Delhi,"Dr. Karni Singh Shooting Range, Delhi - DPCC",25-03-2025 10:00,28.498571,77.26484,OZONE,6,171,30
India,Delhi,Delhi,"IGI Airport (T3), Delhi - IMD",25-03-2025 10:00,28.5627763,77.1180053,PM10,58,366,188
India,Delhi,Delhi,"IHBAS, Dilshad Garden, Delhi - CPCB",25-03-2025 10:00,28.6811736,77.3025234,PM2.5,52,323,163
India,Chhattisgarh,Raipur,"AIIMS, Raipur - CECB",25-03-2025 10:00,21.258815,81.578979,SO2,6,39,12
India,Chhattisgarh,Raipur,"AIIMS, Raipur - CECB",25-03-2025 10:00,21.258815,81.578979,OZONE,4,52,4
India,Chhattisgarh,Raipur,"Bhatagaon New ISBT, Raipur - CECB",25-03-2025 10:00,21.219665,81.630094,PM2.5,16,63,37
India,Chhattisgarh,Raipur,"Bhatagaon New ISBT, Raipur - CECB",25-03-2025 10:00,21.219665,81.630094,CO,25,104,49
India,Chhattisgarh,Raipur,"Krishak Nagar, Raipur - CECB",25-03-2025 10:00,21.237755,81.705301,PM2.5,25,69,42
India,Chhattisgarh,Bhilai,"32Bungalows, Bhilai - CECB",25-03-2025 10:00,21.194815,81.31477,NH3,1,6,4
India,Chhattisgarh,Bhilai,"Civic Center, Bhilai - Bhilai Steel Plant",25-03-2025 10:00,21.185571,81.343175,PM10,37,157,80
India,Chhattisgarh,Bhilai,"Civic Center, Bhilai - Bhilai Steel Plant",25-03-2025 10:00,21.185571,81.343175,NH3,2,2,2
India,Chhattisgarh,Raipur,"Krishak Nagar, Raipur - CECB",25-03-2025 10:00,21.237755,81.705301,CO,26,48,45
India,Chhattisgarh,Tumidih,"OP Jindal Industrial Park, Tumidih - CECB",25-03-2025 10:00,22.06631475,83.33820077,PM10,0,0,0
India,Delhi,Delhi,"ITO, Delhi - CPCB",25-03-2025 10:00,28.628624,77.24106,OZONE,1,82,2
India,Delhi,Delhi,"Lodhi Road, Delhi - IITM",25-03-2025 10:00,28.588333,77.221667,SO2,8,50,28
India,Gujarat,Ahmedabad,"Rakhial, Ahmedabad - IITM",25-03-2025 10:00,23.016834,72.625775,NH3,0,0,0
India,Gujarat,Ahmedabad,"Rakhial, Ahmedabad - IITM",25-03-2025 10:00,23.016834,72.625775,SO2,0,0,0
India,Gujarat,Ahmedabad,"Rakhial, Ahmedabad - IITM",25-03-2025 10:00,23.016834,72.625775,OZONE,104,277,104
India,Gujarat,Ahmedabad,"SVPI Airport Hansol, Ahmedabad - IITM",25-03-2025 10:00,23.076793,72.627874,PM10,0,0,0
India,Gujarat,Ahmedabad,"Sardar Vallabhbhai Patel Stadium, Ahmedabad - IITM",25-03-2025 10:00,23.04307,72.562968,PM2.5,0,0,0
India,Gujarat,Ahmedabad,"Sardar Vallabhbhai Patel Stadium, Ahmedabad - IITM",25-03-2025 10:00,23.04307,72.562968,OZONE,0,0,0
India,Gujarat,Ankleshwar,"GIDC, Ankleshwar - GPCB",25-03-2025 10:00,21.613267,73.010555,PM2.5,0,0,0
India,Gujarat,Ankleshwar,"GIDC, Ankleshwar - GPCB",25-03-2025 10:00,21.613267,73.010555,NO2,50,50,50
India,Gujarat,Ankleshwar,"GIDC, Ankleshwar - GPCB",25-03-2025 10:00,21.613267,73.010555,NH3,5,5,5
India,Gujarat,Ankleshwar,"GIDC, Ankleshwar - GPCB",25-03-2025 10:00,21.613267,73.010555,SO2,45,45,45
India,Delhi,Delhi,"Punjabi Bagh, Delhi - DPCC",25-03-2025 10:00,28.674045,77.131023,PM2.5,33,402,214
India,Delhi,Delhi,"Punjabi Bagh, Delhi - DPCC",25-03-2025 10:00,28.674045,77.131023,NH3,4,10,7
India,Delhi,Delhi,"Punjabi Bagh, Delhi - DPCC",25-03-2025 10:00,28.674045,77.131023,CO,22,80,56
India,Delhi,Delhi,"Pusa, Delhi - DPCC",25-03-2025 10:00,28.639652,77.146275,PM2.5,38,322,146
India,Delhi,Delhi,"Pusa, Delhi - DPCC",25-03-2025 10:00,28.639652,77.146275,NO2,75,136,99
India,Delhi,Delhi,"Pusa, Delhi - DPCC",25-03-2025 10:00,28.639652,77.146275,NH3,5,13,10
India,Delhi,Delhi,"R K Puram, Delhi - DPCC",25-03-2025 10:00,28.563262,77.186937,PM2.5,47,369,216
India,Delhi,Delhi,"Rohini, Delhi - DPCC",25-03-2025 10:00,28.732528,77.11992,PM2.5,57,393,221
India,Delhi,Delhi,"Mandir Marg, Delhi - DPCC",25-03-2025 10:00,28.636429,77.201067,OZONE,1,11,6
India,Delhi,Delhi,"Mundka, Delhi - DPCC",25-03-2025 10:00,28.684678,77.076574,SO2,8,18,12
India,Delhi,Delhi,"NSIT Dwarka, Delhi - CPCB",25-03-2025 10:00,28.60909,77.0325413,PM2.5,55,262,159
India,Delhi,Delhi,"NSIT Dwarka, Delhi - CPCB",25-03-2025 10:00,28.60909,77.0325413,CO,17,100,23
India,Delhi,Delhi,"Najafgarh, Delhi - DPCC",25-03-2025 10:00,28.570173,76.933762,PM2.5,30,322,159
India,Delhi,Delhi,"Narela, Delhi - DPCC",25-03-2025 10:00,28.822836,77.101981,PM10,83,428,246
India,Delhi,Delhi,"Nehru Nagar, Delhi - DPCC",25-03-2025 10:00,28.56789,77.250515,SO2,10,44,22
India,Delhi,Delhi,"North Campus, DU, Delhi - IMD",25-03-2025 10:00,28.6573814,77.1585447,OZONE,29,212,40
India,Delhi,Delhi,"Okhla Phase-2, Delhi - DPCC",25-03-2025 10:00,28.530785,77.271255,PM2.5,37,431,226
India,Delhi,Delhi,"Okhla Phase-2, Delhi - DPCC",25-03-2025 10:00,28.530785,77.271255,PM10,100,500,259
India,Delhi,Delhi,"Patparganj, Delhi - DPCC",25-03-2025 10:00,28.623763,77.287209,PM2.5,48,382,206
India,Delhi,Delhi,"Patparganj, Delhi - DPCC",25-03-2025 10:00,28.623763,77.287209,CO,26,84,67
India,Delhi,Delhi,"Wazirpur, Delhi - DPCC",25-03-2025 10:00,28.699793,77.165453,SO2,6,56,23
India,Delhi,Delhi,"Wazirpur, Delhi - DPCC",25-03-2025 10:00,28.699793,77.165453,OZONE,8,304,22
India,Gujarat,Ahmedabad,"Chandkheda, Ahmedabad - IITM",25-03-2025 10:00,23.107969,72.574648,PM2.5,0,0,0
India,Gujarat,Ahmedabad,"Chandkheda, Ahmedabad - IITM",25-03-2025 10:00,23.107969,72.574648,PM10,0,0,0
India,Gujarat,Ahmedabad,"Chandkheda, Ahmedabad - IITM",25-03-2025 10:00,23.107969,72.574648,OZONE,0,0,0
India,Gujarat,Ahmedabad,"Gyaspur, Ahmedabad - IITM",25-03-2025 10:00,22.977134,72.553024,CO,0,0,0
India,Gujarat,Ahmedabad,"Gyaspur, Ahmedabad - IITM",25-03-2025 10:00,22.977134,72.553024,OZONE,0,0,0
India,Gujarat,Ahmedabad,"Maninagar, Ahmedabad - GPCB",25-03-2025 10:00,23.002657,72.591912,PM2.5,0,0,0
India,Gujarat,Ahmedabad,"Maninagar, Ahmedabad - GPCB",25-03-2025 10:00,23.002657,72.591912,PM10,0,0,0
India,Gujarat,Ahmedabad,"Maninagar, Ahmedabad - GPCB",25-03-2025 10:00,23.002657,72.591912,CO,11,72,24
India,Gujarat,Ahmedabad,"Raikhad, Ahmedabad - IITM",25-03-2025 10:00,23.020509,72.579261,SO2,14,44,20
India,Gujarat,Ahmedabad,"Raikhad, Ahmedabad - IITM",25-03-2025 10:00,23.020509,72.579261,OZONE,13,289,34
India,Delhi,Delhi,"Lodhi Road, Delhi - IMD",25-03-2025 10:00,28.5918245,77.2273074,CO,16,66,54
India,Delhi,Delhi,"Major Dhyan Chand National Stadium, Delhi - DPCC",25-03-2025 10:00,28.611281,77.237738,OZONE,2,274,14
India,Delhi,Delhi,"Sri Aurobindo Marg, Delhi - DPCC",25-03-2025 10:00,28.531346,77.190156,SO2,16,35,20
India,Delhi,Delhi,"Vivek Vihar, Delhi - DPCC",25-03-2025 10:00,28.672342,77.31526,NH3,2,5,3
India,Himachal Pradesh,Baddi,"HIMUDA Complex Phase-1, Baddi - HPPCB",25-03-2025 10:00,30.943887,76.801991,PM2.5,58,190,89
India,Himachal Pradesh,Baddi,"HIMUDA Complex Phase-1, Baddi - HPPCB",25-03-2025 10:00,30.943887,76.801991,NO2,12,48,22
India,Himachal Pradesh,Baddi,"HIMUDA Complex Phase-1, Baddi - HPPCB",25-03-2025 10:00,30.943887,76.801991,OZONE,86,224,158
India,Jammu_and_Kashmir,Srinagar,"Rajbagh, Srinagar - JKSPCB",25-03-2025 10:00,34.066206,74.81982,NO2,21,21,21
India,Jammu_and_Kashmir,Srinagar,"Rajbagh, Srinagar - JKSPCB",25-03-2025 10:00,34.066206,74.81982,SO2,3,3,3
India,Jammu_and_Kashmir,Srinagar,"Rajbagh, Srinagar - JKSPCB",25-03-2025 10:00,34.066206,74.81982,CO,12,20,13
India,Karnataka,Belgaum,"Ramteerth Nagar, Belgaum - KSPCB",25-03-2025 10:00,15.888653,74.541751,PM10,33,61,43
India,Karnataka,Belgaum,"Ramteerth Nagar, Belgaum - KSPCB",25-03-2025 10:00,15.888653,74.541751,NH3,4,7,5
India,Gujarat,Surat,"Science Center, Surat - SMC",25-03-2025 10:00,21.170046,72.795405,CO,54,88,63
India,Gujarat,Vapi,"Phase-1 GIDC, Vapi - GPCB",25-03-2025 10:00,20.362421,72.918013,OZONE,2,2,2
India,Gujarat,Vatva,"Phase-4 GIDC, Vatva - GPCB",25-03-2025 10:00,22.969611,72.6435,PM2.5,51,305,146
India,Gujarat,Vatva,"Phase-4 GIDC, Vatva - GPCB",25-03-2025 10:00,22.969611,72.6435,NH3,1,11,5
India,Gujarat,Vatva,"Phase-4 GIDC, Vatva - GPCB",25-03-2025 10:00,22.969611,72.6435,SO2,29,47,39
India,Gujarat,Vatva,"Phase-4 GIDC, Vatva - GPCB",25-03-2025 10:00,22.969611,72.6435,CO,44,103,92
India,Haryana,Charkhi Dadri,"Mini Secretariat, Charkhi Dadri - HSPCB",25-03-2025 10:00,28.593883,76.270653,PM10,56,277,138
India,Karnataka,Bengaluru,"Peenya, Bengaluru - CPCB",25-03-2025 10:00,13.0270199,77.494094,CO,1,54,28
India,Karnataka,Bengaluru,"RVCE-Mailasandra, Bengaluru - KSPCB",25-03-2025 10:00,12.921418,77.502466,PM2.5,55,58,56
India,Karnataka,Bengaluru,"RVCE-Mailasandra, Bengaluru - KSPCB",25-03-2025 10:00,12.921418,77.502466,NH3,2,2,2
India,Karnataka,Bengaluru,"Shivapura_Peenya, Bengaluru - KSPCB",25-03-2025 10:00,13.0246342,77.5080115,OZONE,30,31,30
India,Karnataka,Bengaluru,"Silk Board, Bengaluru - KSPCB",25-03-2025 10:00,12.917348,77.622813,CO,3,52,20
India,Karnataka,Bengaluru,"Bapuji Nagar, Bengaluru - KSPCB",25-03-2025 10:00,12.951913,77.539784,PM2.5,33,100,64
India,Karnataka,Bengaluru,"Bapuji Nagar, Bengaluru - KSPCB",25-03-2025 10:00,12.951913,77.539784,SO2,17,36,26
India,Karnataka,Bengaluru,"City Railway Station, Bengaluru - KSPCB",25-03-2025 10:00,12.9756843,77.5660749,PM10,88,101,94
India,Karnataka,Bengaluru,"Hebbal, Bengaluru - KSPCB",25-03-2025 10:00,13.029152,77.585901,PM2.5,30,68,49
India,Karnataka,Bengaluru,"Hebbal, Bengaluru - KSPCB",25-03-2025 10:00,13.029152,77.585901,NH3,1,3,1
India,Haryana,Charkhi Dadri,"Mini Secretariat, Charkhi Dadri - HSPCB",25-03-2025 10:00,28.593883,76.270653,CO,9,25,14
India,Haryana,Faridabad,"New Industrial Town, Faridabad - HSPCB",25-03-2025 10:00,28.39072,77.30059,CO,12,64,60
India,Haryana,Faridabad,"Sector 11, Faridabad - HSPCB",25-03-2025 10:00,28.376058,77.315741,PM10,54,55,54
India,Haryana,Faridabad,"Sector 30, Faridabad - HSPCB",25-03-2025 10:00,28.4417,77.3217,PM2.5,41,43,42
India,Karnataka,Bengaluru,"Jayanagar 5th Block, Bengaluru - KSPCB",25-03-2025 10:00,12.920984,77.584908,PM2.5,38,68,52
India,Karnataka,Bengaluru,"Jayanagar 5th Block, Bengaluru - KSPCB",25-03-2025 10:00,12.920984,77.584908,NH3,1,1,1
India,Karnataka,Bengaluru,"Jigani, Bengaluru - KSPCB",25-03-2025 10:00,12.7816279,77.6299145,SO2,22,29,22
India,Karnataka,Bengaluru,"Kasturi Nagar, Bengaluru - KSPCB",25-03-2025 10:00,13.003872,77.664217,SO2,8,9,9
India,Gujarat,Gandhinagar,"IIPHG Lekawada, Gandhinagar - IITM",25-03-2025 10:00,23.243639,72.68994,PM2.5,0,0,0
India,Gujarat,Gandhinagar,"IIPHG Lekawada, Gandhinagar - IITM",25-03-2025 10:00,23.243639,72.68994,NH3,0,0,0
India,Gujarat,Gandhinagar,"Sector-10, Gandhinagar - GPCB",25-03-2025 10:00,23.221714,72.654328,CO,0,0,0
India,Gujarat,Nandesari,"GIDC, Nandesari - Nandesari Ind. Association",25-03-2025 10:00,22.410802,73.097923,NO2,1,101,31
India,Haryana,Gurugram,"NISE Gwal Pahari, Gurugram - IMD",25-03-2025 10:00,28.422681,77.148944,PM10,9,255,142
India,Haryana,Gurugram,"NISE Gwal Pahari, Gurugram - IMD",25-03-2025 10:00,28.422681,77.148944,CO,8,57,42
India,Haryana,Gurugram,"Teri Gram, Gurugram - HSPCB",25-03-2025 10:00,28.4275,77.1465,PM2.5,0,0,0
India,Haryana,Gurugram,"Teri Gram, Gurugram - HSPCB",25-03-2025 10:00,28.4275,77.1465,NH3,0,0,0
India,Karnataka,Bengaluru,"BTM Layout, Bengaluru - CPCB",25-03-2025 10:00,12.9135218,77.5950804,SO2,5,13,9
India,Karnataka,Bengaluru,"BTM Layout, Bengaluru - CPCB",25-03-2025 10:00,12.9135218,77.5950804,CO,20,32,28
India,Kerala,Eloor,"Udyogamandal, Eloor - Kerala PCB",25-03-2025 10:00,10.073232,76.302765,CO,8,86,25
India,Kerala,Kannur,"Thavakkara, Kannur - Kerala PCB",25-03-2025 10:00,11.875,75.3732,SO2,6,7,7
India,Kerala,Kollam,"Polayathode, Kollam - Kerala PCB",25-03-2025 10:00,8.8787,76.6073,CO,14,18,16
India,Kerala,Thiruvananthapuram,"Kariavattom, Thiruvananthapuram - Kerala PCB",25-03-2025 10:00,8.5637,76.8865,PM10,68,79,73
India,Kerala,Thiruvananthapuram,"Plammoodu, Thiruvananthapuram - Kerala PCB",25-03-2025 10:00,8.5149093,76.9435879,PM2.5,7,77,52
India,Kerala,Thiruvananthapuram,"Plammoodu, Thiruvananthapuram - Kerala PCB",25-03-2025 10:00,8.5149093,76.9435879,PM10,3,82,56
India,Karnataka,Koppal,"Diwator Nagar, Koppal - KSPCB",25-03-2025 10:00,15.34763,76.181767,PM2.5,12,46,33
India,Karnataka,Koppal,"Diwator Nagar, Koppal - KSPCB",25-03-2025 10:00,15.34763,76.181767,PM10,28,65,45
India,Karnataka,Koppal,"Diwator Nagar, Koppal - KSPCB",25-03-2025 10:00,15.34763,76.181767,SO2,14,30,21
India,Karnataka,Mangalore,"Kadri, Mangalore - KSPCB",25-03-2025 10:00,12.88925,74.853,SO2,0,0,0
India,Karnataka,Mysuru,"Hebbal 1st Stage, Mysuru - KSPCB",25-03-2025 10:00,12.21041,76.37376,PM2.5,31,65,43
India,Karnataka,Mysuru,"Hebbal 1st Stage, Mysuru - KSPCB",25-03-2025 10:00,12.21041,76.37376,NH3,3,6,5
India,Madhya Pradesh,Bhopal,"Paryavaran Parisar, Bhopal - MPPCB",25-03-2025 10:00,23.210494,77.425409,CO,4,72,19
India,Madhya Pradesh,Bhopal,"T T Nagar, Bhopal - MPPCB",25-03-2025 10:00,23.233584,77.400574,SO2,10,39,24
India,Madhya Pradesh,Damoh,"Shrivastav Colony, Damoh - MPPCB",25-03-2025 10:00,23.81748678,79.446246,CO,16,26,25
India,Madhya Pradesh,Dewas,"Bhopal Chauraha, Dewas - MPPCB",25-03-2025 10:00,22.9682591,76.064118,SO2,16,92,68
India,Karnataka,Davanagere,"Devaraj Urs Badavane, Davanagere - KSPCB",25-03-2025 10:00,14.4758,75.9052,NO2,10,16,13
India,Karnataka,Dharwad,"Kalabhavan, Dharwad - KSPCB",25-03-2025 10:00,15.459706,75.008381,NO2,19,24,21
India,Karnataka,Dharwad,"Kalabhavan, Dharwad - KSPCB",25-03-2025 10:00,15.459706,75.008381,CO,32,106,66
India,Karnataka,Gadag,"Panchal Nagar, Gadag - KSPCB",25-03-2025 10:00,15.411456,75.638133,PM2.5,7,17,10
India,Karnataka,Chamarajanagar,"Urban, Chamarajanagar - KSPCB",25-03-2025 10:00,11.55358,76.55521,PM2.5,18,48,29
India,Karnataka,Chamarajanagar,"Urban, Chamarajanagar - KSPCB",25-03-2025 10:00,11.55358,76.55521,NO2,14,40,24
India,Karnataka,Davanagere,"Devaraj Urs Badavane, Davanagere - KSPCB",25-03-2025 10:00,14.4758,75.9052,PM2.5,34,93,58
India,Karnataka,Gadag,"Panchal Nagar, Gadag - KSPCB",25-03-2025 10:00,15.411456,75.638133,NH3,1,3,2
India,Karnataka,Gadag,"Panchal Nagar, Gadag - KSPCB",25-03-2025 10:00,15.411456,75.638133,SO2,15,24,18
India,Karnataka,Kalaburagi,"Mahatma Basaveswar Colony, Kalaburgi - KSPCB",25-03-2025 10:00,17.336318,76.847397,SO2,3,8,4
India,Karnataka,Mysuru,"Hebbal 1st Stage, Mysuru - KSPCB",25-03-2025 10:00,12.21041,76.37376,CO,12,12,12
India,Karnataka,Mysuru,"Hebbal 1st Stage, Mysuru - KSPCB",25-03-2025 10:00,12.21041,76.37376,OZONE,12,91,22
India,Karnataka,Ramanagara,"Vijay Nagar, Ramanagara - KSPCB",25-03-2025 10:00,12.733409,77.298051,PM10,34,70,54
India,Madhya Pradesh,Bhopal,"Idgah Hills, Bhopal - MPPCB",25-03-2025 10:00,23.264759,77.381568,PM2.5,17,67,39
India,Madhya Pradesh,Bhopal,"Idgah Hills, Bhopal - MPPCB",25-03-2025 10:00,23.264759,77.381568,CO,21,52,30
India,Karnataka,Yadgir,"Collector Office, Yadgir - KSPCB",25-03-2025 10:00,16.7602,77.1428,NH3,1,2,2
India,Madhya Pradesh,Satna,"Bandhavgar Colony, Satna - Birla Cement",25-03-2025 10:00,24.58434363,80.8549414,PM2.5,41,43,42
India,Madhya Pradesh,Satna,"Bandhavgar Colony, Satna - Birla Cement",25-03-2025 10:00,24.58434363,80.8549414,NO2,75,75,75
India,Madhya Pradesh,Singrauli,"Suryakiran Bhawan NCL, Singrauli - MPPCB",25-03-2025 10:00,24.10897,82.64558,PM2.5,38,318,130
India,Madhya Pradesh,Singrauli,"Suryakiran Bhawan NCL, Singrauli - MPPCB",25-03-2025 10:00,24.10897,82.64558,SO2,30,138,66
India,Madhya Pradesh,Ujjain,"Mahakaleshwar Temple, Ujjain - MPPCB",25-03-2025 10:00,23.182719,75.768218,PM2.5,27,64,44
India,Madhya Pradesh,Ujjain,"Mahakaleshwar Temple, Ujjain - MPPCB",25-03-2025 10:00,23.182719,75.768218,NO2,14,48,32
India,Madhya Pradesh,Indore,"Vijay Nagar Scheme-78, Indore - Glenmark",25-03-2025 10:00,22.76726,75.8871,NO2,27,28,27
India,Madhya Pradesh,Jabalpur,"Govindh Bhavan Colony, Jabalpur - JMC",25-03-2025 10:00,23.163174,79.973061,PM2.5,10,55,26
India,Madhya Pradesh,Jabalpur,"Govindh Bhavan Colony, Jabalpur - JMC",25-03-2025 10:00,23.163174,79.973061,PM10,23,82,43
India,Madhya Pradesh,Jabalpur,"Gupteshwar, Jabalpur - JMC",25-03-2025 10:00,23.142888,79.916147,PM2.5,8,87,36
India,Madhya Pradesh,Jabalpur,"Marhatal, Jabalpur - MPPCB",25-03-2025 10:00,23.168606,79.932247,NH3,1,3,2
India,Madhya Pradesh,Ujjain,"Mahakaleshwar Temple, Ujjain - MPPCB",25-03-2025 10:00,23.182719,75.768218,NH3,3,5,3
India,Maharashtra,Ahmednagar,"Tarakpur, Ahmednagar - MPCB",25-03-2025 10:00,19.10122,74.73339,NO2,24,149,77
India,Maharashtra,Akola,"Ramdaspeth, Akola - MPCB",25-03-2025 10:00,20.719516,77.000253,PM10,55,109,78
India,Maharashtra,Akola,"Ramdaspeth, Akola - MPCB",25-03-2025 10:00,20.719516,77.000253,NO2,13,41,20
India,Maharashtra,Akola,"Ramdaspeth, Akola - MPCB",25-03-2025 10:00,20.719516,77.000253,NH3,4,9,6
India,Madhya Pradesh,Pithampur,"Sector-2 Industrial Area, Pithampur - MPPCB",25-03-2025 10:00,22.624758,75.675238,OZONE,46,157,98
India,Madhya Pradesh,Ratlam,"Shasthri Nagar, Ratlam - IPCA Lab",25-03-2025 10:00,23.331731,75.045981,NO2,30,31,31
India,Madhya Pradesh,Sagar,"Civil Lines, Sagar - MPPCB",25-03-2025 10:00,23.838586,78.759431,OZONE,35,74,58
India,Madhya Pradesh,Jabalpur,"Suhagi, Jabalpur - JMC",25-03-2025 10:00,23.218135,79.95777,CO,30,118,55
India,Madhya Pradesh,Jabalpur,"Suhagi, Jabalpur - JMC",25-03-2025 10:00,23.218135,79.95777,OZONE,5,72,20
India,Madhya Pradesh,Katni,"Gole Bazar, Katni - MPPCB",25-03-2025 10:00,23.50016,80.23284,PM2.5,15,94,49
India,Madhya Pradesh,Katni,"Gole Bazar, Katni - MPPCB",25-03-2025 10:00,23.50016,80.23284,OZONE,6,130,50
India,Madhya Pradesh,Maihar,"Sahilara, Maihar - KJS Cements",25-03-2025 10:00,24.2613009,80.7231783,PM10,11,74,40
India,Madhya Pradesh,Maihar,"Sahilara, Maihar - KJS Cements",25-03-2025 10:00,24.2613009,80.7231783,CO,20,34,30
India,Madhya Pradesh,Mandideep,"Sector-D Industrial Area, Mandideep - MPPCB",25-03-2025 10:00,23.10844,77.511428,PM10,89,436,209
India,Madhya Pradesh,Indore,"Residency Area, Indore - IMC",25-03-2025 10:00,22.7084,75.8815,PM10,32,131,75
India,Madhya Pradesh,Indore,"Residency Area, Indore - IMC",25-03-2025 10:00,22.7084,75.8815,CO,14,24,20
India,Maharashtra,Amravati,"Shivneri Colony, Amravati - MPCB",25-03-2025 10:00,20.9402359,77.7895248,PM2.5,45,115,66
India,Madhya Pradesh,Gwalior,"Maharaj Bada, Gwalior - MPPCB",25-03-2025 10:00,26.200388,78.147714,SO2,10,28,18
India,Maharashtra,Badlapur,"Katrap, Badlapur - MPCB",25-03-2025 10:00,19.16485,73.23409,SO2,10,39,20
India,Maharashtra,Bhiwandi,"Gokul Nagar, Bhiwandi - MPCB",25-03-2025 10:00,19.309073,73.057223,NH3,3,8,4
India,Maharashtra,Boisar,"Khaira, Boisar - MPCB",25-03-2025 10:00,19.786089,72.757971,SO2,0,0,0
India,Maharashtra,Chandrapur,"Chauhan Colony, Chandrapur - MPCB",25-03-2025 10:00,19.9629,79.298714,SO2,18,59,22
India,Maharashtra,Chandrapur,"Chauhan Colony, Chandrapur - MPCB",25-03-2025 10:00,19.9629,79.298714,OZONE,21,67,29
India,Maharashtra,Aurangabad,"MIDC Chilkalthana, Aurangabad - MPCB",25-03-2025 10:00,19.87562,75.38731,SO2,5,21,10
India,Maharashtra,Aurangabad,"More Chowk Waluj, Aurangabad - MPCB",25-03-2025 10:00,19.8389439,75.244448,PM10,0,0,0
India,Maharashtra,Aurangabad,"Rachnakar Colony, Aurangabad - MPCB",25-03-2025 10:00,19.863756,75.321188,PM2.5,63,212,108
India,Maharashtra,Badlapur,"Katrap, Badlapur - MPCB",25-03-2025 10:00,19.16485,73.23409,PM2.5,60,108,82
India,Maharashtra,Jalna,"Old MIDC, Jalna - MPCB",25-03-2025 10:00,19.854616,75.905894,OZONE,30,146,32
India,Maharashtra,Kalyan,"Khadakpada, Kalyan - MPCB",25-03-2025 10:00,19.25292,73.142019,NO2,5,8,6
India,Maharashtra,Kalyan,"Pimpleshwar Mandir, Kalyan - MPCB",25-03-2025 10:00,19.192056,72.9585188,CO,0,0,0
India,Maharashtra,Kolhapur,"Sinchan Bhavan, Kolhapur - MPCB",25-03-2025 10:00,16.7143745,74.2426398,PM2.5,0,0,0
India,Maharashtra,Mira-Bhayandar,"Bhayandar West, Mira-Bhayandar - MPCB",25-03-2025 10:00,19.296481,72.840923,CO,0,0,0
India,Maharashtra,Mumbai,"Bandra Kurla Complex, Mumbai - MPCB",25-03-2025 10:00,19.065931,72.862131,SO2,0,0,0
India,Maharashtra,Mumbai,"Borivali East, Mumbai - IITM",25-03-2025 10:00,19.23241,72.86895,PM2.5,0,0,0
India,Maharashtra,Mumbai,"Borivali East, Mumbai - IITM",25-03-2025 10:00,19.23241,72.86895,PM10,0,0,0
India,Maharashtra,Latur,"Sawe Wadi, Latur - MPCB",25-03-2025 10:00,18.39963,76.57452,NO2,13,106,37
India,Maharashtra,Latur,"Sawe Wadi, Latur - MPCB",25-03-2025 10:00,18.39963,76.57452,CO,4,86,40
India,Maharashtra,Latur,"Sawe Wadi, Latur - MPCB",25-03-2025 10:00,18.39963,76.57452,OZONE,2,82,29
India,Maharashtra,Malegaon,"Mahesh Nagar, Malegaon - MPCB",25-03-2025 10:00,20.555712,74.529236,NO2,4,24,9
India,Maharashtra,Chandrapur,"MIDC Khutala, Chandrapur - MPCB",25-03-2025 10:00,19.9775302,79.2337086,NO2,28,35,33
India,Maharashtra,Chandrapur,"MIDC Khutala, Chandrapur - MPCB",25-03-2025 10:00,19.9775302,79.2337086,NH3,1,1,1
India,Maharashtra,Dhule,"Deopur, Dhule - MPCB",25-03-2025 10:00,20.918946,74.776388,NO2,34,43,39
India,Maharashtra,Amravati,"Shivneri Colony, Amravati - MPCB",25-03-2025 10:00,20.9402359,77.7895248,CO,19,38,27
India,Maharashtra,Amravati,"Shri Shivaji Science College, Amaravati - MPCB",25-03-2025 10:00,20.939198,77.765701,OZONE,83,107,83
India,Maharashtra,Mumbai,"Byculla, Mumbai - BMC",25-03-2025 10:00,18.9767,72.838,CO,11,74,45
India,Maharashtra,Mumbai,"Chakala-Andheri East, Mumbai - IITM",25-03-2025 10:00,19.11074,72.86084,PM2.5,0,0,0
India,Maharashtra,Mumbai,"Chakala-Andheri East, Mumbai - IITM",25-03-2025 10:00,19.11074,72.86084,CO,0,0,0
India,Maharashtra,Mumbai,"Borivali East, Mumbai - MPCB",25-03-2025 10:00,19.2243333,72.8658113,PM2.5,39,54,46
India,Maharashtra,Mumbai,"Borivali East, Mumbai - MPCB",25-03-2025 10:00,19.2243333,72.8658113,NO2,13,46,27
India,Maharashtra,Mumbai,"Borivali East, Mumbai - MPCB",25-03-2025 10:00,19.2243333,72.8658113,NH3,1,8,4
India,Maharashtra,Mumbai,"Kandivali West, Mumbai - BMC",25-03-2025 10:00,19.215859,72.831718,NH3,1,9,5
India,Maharashtra,Mumbai,"Kandivali West, Mumbai - BMC",25-03-2025 10:00,19.215859,72.831718,CO,4,60,29
India,Maharashtra,Mumbai,"Kandivali West, Mumbai - BMC",25-03-2025 10:00,19.215859,72.831718,OZONE,1,64,16
India,Maharashtra,Mumbai,"Kherwadi_Bandra East, Mumbai - MPCB",25-03-2025 10:00,19.0632143,72.8456324,PM2.5,42,173,102
India,Maharashtra,Mumbai,"Kherwadi_Bandra East, Mumbai - MPCB",25-03-2025 10:00,19.0632143,72.8456324,OZONE,2,105,16
India,Maharashtra,Mumbai,"Kurla, Mumbai - MPCB",25-03-2025 10:00,19.0863,72.8888,NO2,4,7,5
India,Maharashtra,Mumbai,"Kurla, Mumbai - MPCB",25-03-2025 10:00,19.0863,72.8888,NH3,1,2,1
India,Maharashtra,Mumbai,"Kurla, Mumbai - MPCB",25-03-2025 10:00,19.0863,72.8888,SO2,36,37,36
India,Maharashtra,Mumbai,"Malad West, Mumbai - IITM",25-03-2025 10:00,19.19709,72.82204,NH3,0,0,0
India,Maharashtra,Mumbai,"Malad West, Mumbai - IITM",25-03-2025 10:00,19.19709,72.82204,SO2,0,0,0
India,Maharashtra,Mumbai,"Mazgaon, Mumbai - IITM",25-03-2025 10:00,18.96702,72.84214,PM10,0,0,0
India,Maharashtra,Mumbai,"Mazgaon, Mumbai - IITM",25-03-2025 10:00,18.96702,72.84214,CO,0,0,0
India,Maharashtra,Mumbai,"Mazgaon, Mumbai - IITM",25-03-2025 10:00,18.96702,72.84214,OZONE,0,0,0
India,Maharashtra,Mumbai,"Mindspace-Malad West, Mumbai - MPCB",25-03-2025 10:00,19.1878657,72.8304069,PM2.5,0,0,0
India,Maharashtra,Nagpur,"Ambazari, Nagpur - MPCB",25-03-2025 10:00,21.121801,79.04952,OZONE,26,140,50
India,Maharashtra,Nagpur,"Mahal, Nagpur - MPCB",25-03-2025 10:00,21.14472,79.107595,PM2.5,93,226,153
India,Maharashtra,Nagpur,"Mahal, Nagpur - MPCB",25-03-2025 10:00,21.14472,79.107595,OZONE,14,93,30
India,Maharashtra,Nagpur,"Ram Nagar, Nagpur - MPCB",25-03-2025 10:00,21.143383,79.048912,PM10,97,149,120
India,Maharashtra,Nagpur,"Ram Nagar, Nagpur - MPCB",25-03-2025 10:00,21.143383,79.048912,NO2,9,68,27
India,Maharashtra,Nagpur,"Ram Nagar, Nagpur - MPCB",25-03-2025 10:00,21.143383,79.048912,SO2,11,100,37
India,Maharashtra,Nagpur,"Ram Nagar, Nagpur - MPCB",25-03-2025 10:00,21.143383,79.048912,OZONE,12,159,23
India,Maharashtra,Nanded,"Sneh Nagar, Nanded - MPCB",25-03-2025 10:00,19.173852,77.296291,SO2,11,13,12
India,Maharashtra,Nashik,"Gangapur Road, Nashik - MPCB",25-03-2025 10:00,20.0073285,73.7762427,PM2.5,65,127,96
India,Maharashtra,Nashik,"Gangapur Road, Nashik - MPCB",25-03-2025 10:00,20.0073285,73.7762427,NH3,3,9,5
India,Maharashtra,Nashik,"Gangapur Road, Nashik - MPCB",25-03-2025 10:00,20.0073285,73.7762427,OZONE,23,98,48
India,Maharashtra,Nashik,"Hirawadi, Nashik - MPCB",25-03-2025 10:00,20.021503,73.813844,NO2,2,48,15
India,Maharashtra,Nashik,"Hirawadi, Nashik - MPCB",25-03-2025 10:00,20.021503,73.813844,NH3,1,3,1
India,Maharashtra,Nashik,"MIDC Ambad, Nashik - MPCB",25-03-2025 10:00,19.95022,73.73148,PM2.5,44,244,124
India,Maharashtra,Nashik,"Pandav Nagari, Nashik - MPCB",25-03-2025 10:00,19.9591346,73.7788008,SO2,0,0,0
India,Maharashtra,Mumbai,"Chhatrapati Shivaji Intl. Airport (T2), Mumbai - MPCB",25-03-2025 10:00,19.10078,72.87462,SO2,17,24,20
India,Maharashtra,Mumbai,"Colaba, Mumbai - MPCB",25-03-2025 10:00,18.91,72.82,NH3,3,3,3
India,Maharashtra,Mumbai,"Colaba, Mumbai - MPCB",25-03-2025 10:00,18.91,72.82,OZONE,9,14,11
India,Maharashtra,Mumbai,"Ghatkopar, Mumbai - BMC",25-03-2025 10:00,19.083694,72.920967,OZONE,4,69,6
India,Maharashtra,Mumbai,"Kandivali East, Mumbai - MPCB",25-03-2025 10:00,19.2058,72.8682,PM10,0,0,0
India,Maharashtra,Mumbai,"Sion, Mumbai - MPCB",25-03-2025 10:00,19.047,72.8746,PM2.5,74,135,95
India,Maharashtra,Mumbai,"Sion, Mumbai - MPCB",25-03-2025 10:00,19.047,72.8746,NH3,5,7,6
India,Maharashtra,Mumbai,"Vile Parle West, Mumbai - MPCB",25-03-2025 10:00,19.10861,72.83622,OZONE,6,8,7
India,Maharashtra,Mumbai,"Worli, Mumbai - MPCB",25-03-2025 10:00,18.9936162,72.8128113,PM2.5,65,81,71
India,Maharashtra,Mumbai,"Worli, Mumbai - MPCB",25-03-2025 10:00,18.9936162,72.8128113,NO2,0,0,0
India,Maharashtra,Mumbai,"Worli, Mumbai - MPCB",25-03-2025 10:00,18.9936162,72.8128113,OZONE,25,25,25
India,Maharashtra,Mumbai,"Mindspace-Malad West, Mumbai - MPCB",25-03-2025 10:00,19.1878657,72.8304069,SO2,0,0,0
India,Maharashtra,Mumbai,"Navy Nagar-Colaba, Mumbai - IITM",25-03-2025 10:00,18.897756,72.81332,PM2.5,27,96,64
India,Maharashtra,Mumbai,"Navy Nagar-Colaba, Mumbai - IITM",25-03-2025 10:00,18.897756,72.81332,NO2,18,124,42
India,Maharashtra,Mumbai,"Powai, Mumbai - MPCB",25-03-2025 10:00,19.1375,72.915056,PM2.5,31,41,35
India,Maharashtra,Mumbai,"Powai, Mumbai - MPCB",25-03-2025 10:00,19.1375,72.915056,NO2,11,15,12
India,Maharashtra,Mumbai,"Sewri, Mumbai - BMC",25-03-2025 10:00,19.000084,72.85673,PM2.5,29,87,50
India,Maharashtra,Navi Mumbai,"Kopripada-Vashi, Navi Mumbai - MPCB",25-03-2025 10:00,19.090337,73.014232,PM2.5,0,0,0
India,Maharashtra,Mumbai,"Shivaji Nagar, Mumbai - BMC",25-03-2025 10:00,19.060498,72.923356,PM2.5,49,109,74
India,Maharashtra,Pune,"Panchawati_Pashan, Pune - IITM",25-03-2025 10:00,18.536457,73.805454,PM10,34,94,74
India,Maharashtra,Pune,"Panchawati_Pashan, Pune - IITM",25-03-2025 10:00,18.536457,73.805454,CO,10,107,43
India,Maharashtra,Pune,"Revenue Colony-Shivajinagar, Pune - IITM",25-03-2025 10:00,18.530085,73.849598,CO,0,0,0
India,Maharashtra,Pune,"Savitribai Phule Pune University, Pune - MPCB",25-03-2025 10:00,18.547056,73.826908,PM10,0,0,0
India,Maharashtra,Pune,"Savitribai Phule Pune University, Pune - MPCB",25-03-2025 10:00,18.547056,73.826908,CO,0,0,0
India,Maharashtra,Pune,"Transport Nagar-Nigdi, Pune - IITM",25-03-2025 10:00,18.664282,73.763966,OZONE,0,0,0
India,Maharashtra,Sangli,"Vijay Nagar, Sangli - MPCB",25-03-2025 10:00,16.5038,74.3623,PM10,0,0,0
India,Maharashtra,Sangli,"Vijay Nagar, Sangli - MPCB",25-03-2025 10:00,16.5038,74.3623,NO2,0,0,0
India,Maharashtra,Sangli,"Vijay Nagar, Sangli - MPCB",25-03-2025 10:00,16.5038,74.3623,NH3,0,0,0
India,Odisha,Baripada,"Meher Colony, Baripada - OSPCB",25-03-2025 10:00,21.941841,86.728318,SO2,18,36,28
India,Odisha,Bhubaneswar,"Lingraj Mandir, Bhubaneswar - OSPCB",25-03-2025 10:00,20.24079,85.836784,NH3,5,7,6
India,Odisha,Bhubaneswar,"Lingraj Mandir, Bhubaneswar - OSPCB",25-03-2025 10:00,20.24079,85.836784,CO,42,84,62
India,Odisha,Bhubaneswar,"Patia, Bhubaneswar - OSPCB",25-03-2025 10:00,20.34652,85.8163,NH3,1,3,2
India,Odisha,Bhubaneswar,"Patia, Bhubaneswar - OSPCB",25-03-2025 10:00,20.34652,85.8163,OZONE,5,123,21
India,Odisha,Bileipada,"Tata Township, Bileipada - OSPCB",25-03-2025 10:00,22.06156703,85.47409613,PM2.5,30,73,59
India,Odisha,Bileipada,"Tata Township, Bileipada - OSPCB",25-03-2025 10:00,22.06156703,85.47409613,SO2,7,10,9
India,Odisha,Bileipada,"Tata Township, Bileipada - OSPCB",25-03-2025 10:00,22.06156703,85.47409613,CO,19,58,49
India,Maharashtra,Ulhasnagar,"Sidhi Vinayak Nagar, Ulhasnagar - MPCB",25-03-2025 10:00,19.235581,73.159121,OZONE,2,150,10
India,Maharashtra,Virar,"Bolinj, Virar - MPCB",25-03-2025 10:00,19.445821,72.7988231,NO2,8,80,38
India,Maharashtra,Virar,"Bolinj, Virar - MPCB",25-03-2025 10:00,19.445821,72.7988231,NH3,1,4,2
India,Maharashtra,Virar,"Bolinj, Virar - MPCB",25-03-2025 10:00,19.445821,72.7988231,SO2,1,6,2
India,Meghalaya,Shillong,"Lumpyngngad, Shillong - Meghalaya PCB",25-03-2025 10:00,25.5586,91.8985,NO2,0,0,0
India,Mizoram,Aizawl,"Sikulpuikawn, Aizawl - Mizoram PCB",25-03-2025 10:00,23.7176342,92.7192841,PM10,37,90,61
India,Maharashtra,Navi Mumbai,"Mahape, Navi Mumbai - MPCB",25-03-2025 10:00,19.1135051,73.008978,SO2,23,23,23
India,Maharashtra,Navi Mumbai,"Mahape, Navi Mumbai - MPCB",25-03-2025 10:00,19.1135051,73.008978,CO,30,43,39
India,Maharashtra,Navi Mumbai,"Sanpada, Navi Mumbai - MPCB",25-03-2025 10:00,19.0575752,73.0151367,NH3,0,0,0
India,Maharashtra,Navi Mumbai,"Sector-2E Kalamboli, Navi Mumbai - MPCB",25-03-2025 10:00,19.02579,73.10297,PM10,0,0,0
India,Maharashtra,Navi Mumbai,"Sector-2E Kalamboli, Navi Mumbai - MPCB",25-03-2025 10:00,19.02579,73.10297,CO,0,0,0
India,Maharashtra,Pimpri-Chinchwad,"Gavalinagar, Pimpri Chinchwad - MPCB",25-03-2025 10:00,18.63673,73.82487,NO2,0,0,0
India,Mizoram,Aizawl,"Sikulpuikawn, Aizawl - Mizoram PCB",25-03-2025 10:00,23.7176342,92.7192841,NH3,1,1,1
India,Odisha,Angul,"Hakimapada, Angul - OSPCB",25-03-2025 10:00,20.832874,85.104082,SO2,12,122,60
India,Odisha,Balasore,"Kalidaspur, Balasore - OSPCB",25-03-2025 10:00,21.51161,86.89088,OZONE,13,104,29
India,Maharashtra,Pune,"Bhumkar Nagar, Pune - IITM",25-03-2025 10:00,18.60577,73.749976,PM2.5,56,149,88
India,Maharashtra,Pune,"Bhumkar Nagar, Pune - IITM",25-03-2025 10:00,18.60577,73.749976,PM10,102,147,121
India,Maharashtra,Pune,"Karve Road, Pune - MPCB",25-03-2025 10:00,18.5011743,73.8165527,CO,60,74,62
India,Maharashtra,Solapur,"Ratandeep Housing Society, Solapur - MPCB",25-03-2025 10:00,17.65439,75.90649,PM2.5,0,0,0
India,Maharashtra,Solapur,"Ratandeep Housing Society, Solapur - MPCB",25-03-2025 10:00,17.65439,75.90649,SO2,0,0,0
India,Maharashtra,Thane,"Kasarvadavali, Thane - MPCB",25-03-2025 10:00,19.26777,72.97182,PM10,96,181,115
India,Maharashtra,Pimpri-Chinchwad,"Savta Mali Nagar, Pimpri-Chinchwad - IITM",25-03-2025 10:00,18.614767,73.799516,NO2,0,0,0
India,Maharashtra,Pune,"Bhosari, Pune - IITM",25-03-2025 10:00,18.640051,73.848956,PM10,0,0,0
India,Maharashtra,Thane,"Upvan Fort, Thane - MPCB",25-03-2025 10:00,19.222279,72.957979,PM10,60,102,79
India,Rajasthan,Ajmer,"Civil Lines,  Ajmer - RSPCB",25-03-2025 10:00,26.470859,74.646594,SO2,6,19,9
India,Rajasthan,Alwar,"Moti Doongri, Alwar - RSPCB",25-03-2025 10:00,27.554793,76.611536,SO2,4,41,16
India,Rajasthan,Banswara,"Rati Talai, Banswara - RSPCB",25-03-2025 10:00,23.55519,74.44001,NO2,8,119,36
India,Rajasthan,Banswara,"Rati Talai, Banswara - RSPCB",25-03-2025 10:00,23.55519,74.44001,NH3,3,11,6
India,Rajasthan,Baran,"Bamboliya, Baran - RSPCB",25-03-2025 10:00,25.106006,76.469948,PM2.5,9,316,56
India,Rajasthan,Baran,"Bamboliya, Baran - RSPCB",25-03-2025 10:00,25.106006,76.469948,SO2,5,89,13
India,Rajasthan,Barmer,"Railway Colony, Barmer - RSPCB",25-03-2025 10:00,25.747299,71.393989,PM2.5,6,244,37
India,Punjab,Mandi Gobindgarh,"RIMT University, Mandi Gobindgarh - PPCB",25-03-2025 10:00,30.649961,76.331442,OZONE,45,52,48
India,Punjab,Patiala,"Model Town, Patiala - PPCB",25-03-2025 10:00,30.349388,76.366642,PM2.5,65,174,111
India,Punjab,Patiala,"Model Town, Patiala - PPCB",25-03-2025 10:00,30.349388,76.366642,NO2,19,57,30
India,Punjab,Rupnagar,"Ratanpura, Rupnagar - Ambuja Cements",25-03-2025 10:00,31.0325454,76.5623046,NO2,13,21,16
India,Rajasthan,Ajmer,"Civil Lines,  Ajmer - RSPCB",25-03-2025 10:00,26.470859,74.646594,PM2.5,50,191,90
India,Rajasthan,Ajmer,"Civil Lines,  Ajmer - RSPCB",25-03-2025 10:00,26.470859,74.646594,PM10,64,182,104
India,Puducherry,Puducherry,"Jawahar Nagar, Puducherry - PPCC",25-03-2025 10:00,11.9309,79.8027,PM2.5,17,186,39
India,Punjab,Amritsar,"Golden Temple, Amritsar - PPCB",25-03-2025 10:00,31.62,74.876512,NO2,5,16,11
India,Punjab,Jalandhar,"Civil Line, Jalandhar - PPCB",25-03-2025 10:00,31.321907,75.578914,PM2.5,42,157,86
India,Odisha,Brajrajnagar,"GM Office, Brajrajnagar - OSPCB",25-03-2025 10:00,21.8004996,83.8396977,NH3,7,7,7
India,Odisha,Brajrajnagar,"GM Office, Brajrajnagar - OSPCB",25-03-2025 10:00,21.8004996,83.8396977,SO2,10,14,14
India,Odisha,Byasanagar,"Ferro Chrome Colony, Byasanagar - OSPCB",25-03-2025 10:00,20.94185,86.1151,PM10,15,127,67
India,Odisha,Byasanagar,"Ferro Chrome Colony, Byasanagar - OSPCB",25-03-2025 10:00,20.94185,86.1151,SO2,1,50,9
India,Punjab,Jalandhar,"Civil Line, Jalandhar - PPCB",25-03-2025 10:00,31.321907,75.578914,PM10,58,164,106
India,Punjab,Jalandhar,"Civil Line, Jalandhar - PPCB",25-03-2025 10:00,31.321907,75.578914,CO,31,38,34
India,Punjab,Khanna,"Kalal Majra, Khanna - PPCB",25-03-2025 10:00,30.736056,76.209694,NO2,26,31,28
India,Punjab,Khanna,"Kalal Majra, Khanna - PPCB",25-03-2025 10:00,30.736056,76.209694,NH3,7,7,7
India,Odisha,Rourkela,"Raghunathpali, Rourkela - OSPCB",25-03-2025 10:00,22.220833,84.809444,CO,52,106,66
India,Odisha,Rourkela,"Raghunathpali, Rourkela - OSPCB",25-03-2025 10:00,22.220833,84.809444,OZONE,3,92,18
India,Odisha,Rourkela,"Sector-2, Rourkela - OSPCB",25-03-2025 10:00,22.245,84.88111111,PM2.5,17,129,50
India,Odisha,Rairangpur,"Divisional Forest Office, Rairangpur - OSPCB",25-03-2025 10:00,22.265816,86.174829,SO2,2,28,12
India,Odisha,Rourkela,"Fertilizer Township, Rourkela - OSPCB",25-03-2025 10:00,22.18972222,84.86277778,PM2.5,87,118,95
India,Odisha,Suakati,"OMC Colony, Suakati - OSPCB",25-03-2025 10:00,21.606865,85.510538,PM10,58,269,91
India,Odisha,Suakati,"OMC Colony, Suakati - OSPCB",25-03-2025 10:00,21.606865,85.510538,CO,30,34,31
India,Odisha,Suakati,"OMC Colony, Suakati - OSPCB",25-03-2025 10:00,21.606865,85.510538,OZONE,1,44,9
India,Odisha,Nayagarh,"Dabuna, Nayagarh - OSPCB",25-03-2025 10:00,21.847279,85.416905,NO2,1,53,6
India,Rajasthan,Bharatpur,"Krishna Nagar, Bharatpur - RSPCB",25-03-2025 10:00,27.215415,77.50873,PM2.5,23,212,83
India,Rajasthan,Bhilwara,"Pratap Nagar, Bhilwara - RSPCB",25-03-2025 10:00,25.339605,74.618883,PM2.5,4,229,86
India,Rajasthan,Bhiwadi,"RIICO Ind. Area III, Bhiwadi - RSPCB",25-03-2025 10:00,28.194909,76.862296,SO2,2,48,17
India,Rajasthan,Bhiwadi,"RIICO Ind. Area III, Bhiwadi - RSPCB",25-03-2025 10:00,28.194909,76.862296,OZONE,12,71,21
India,Rajasthan,Bhiwadi,"Vasundhara Nagar_UIT, Bhiwadi - RSPCB",25-03-2025 10:00,28.207266,76.829265,PM10,0,0,0
India,Rajasthan,Bhiwadi,"Vasundhara Nagar_UIT, Bhiwadi - RSPCB",25-03-2025 10:00,28.207266,76.829265,NO2,0,0,0
India,Rajasthan,Bikaner,"MM Ground, Bikaner - RSPCB",25-03-2025 10:00,28.018792,73.292658,PM10,55,414,138
India,Rajasthan,Hanumangarh,"Housing Board, Hanumangarh - RSPCB",25-03-2025 10:00,29.61075,74.283608,OZONE,0,0,0
India,Rajasthan,Jaipur,"Adarsh Nagar, Jaipur - RSPCB",25-03-2025 10:00,26.902909,75.836858,PM2.5,28,271,82
India,Rajasthan,Jaipur,"Adarsh Nagar, Jaipur - RSPCB",25-03-2025 10:00,26.902909,75.836858,NO2,21,132,67
India,Rajasthan,Jaipur,"Adarsh Nagar, Jaipur - RSPCB",25-03-2025 10:00,26.902909,75.836858,SO2,13,86,28
India,Rajasthan,Jaipur,"Mansarovar Sector-12, Jaipur - RSPCB",25-03-2025 10:00,26.843698,75.766894,CO,14,104,49
India,Rajasthan,Jaipur,"Police Commissionerate, Jaipur - RSPCB",25-03-2025 10:00,26.9164092,75.7994901,NO2,19,76,38
India,Rajasthan,Jaipur,"RIICO Sitapura, Jaipur - RSPCB",25-03-2025 10:00,26.786682,75.827928,CO,7,110,50
India,Rajasthan,Bundi,"New Colony, Bundi - RSPCB",25-03-2025 10:00,25.435774,75.644272,SO2,0,0,0
India,Rajasthan,Bundi,"New Colony, Bundi - RSPCB",25-03-2025 10:00,25.435774,75.644272,CO,0,0,0
India,Rajasthan,Chittorgarh,"Shastri Nagar, Chittorgarh - RSPCB",25-03-2025 10:00,24.892047,74.623527,SO2,5,27,10
India,Rajasthan,Churu,"Subash Chowk, Churu - RSPCB",25-03-2025 10:00,28.296139,74.961696,PM10,54,160,94
India,Rajasthan,Churu,"Subash Chowk, Churu - RSPCB",25-03-2025 10:00,28.296139,74.961696,NO2,7,39,18
India,Rajasthan,Churu,"Subash Chowk, Churu - RSPCB",25-03-2025 10:00,28.296139,74.961696,CO,6,20,16
India,Rajasthan,Jalore,"Mudtra Sili, Jalore - RSPCB",25-03-2025 10:00,25.344694,72.626208,PM2.5,23,142,50
India,Rajasthan,Jalore,"Mudtra Sili, Jalore - RSPCB",25-03-2025 10:00,25.344694,72.626208,NH3,7,10,8
India,Rajasthan,Jhalawar,"Rajlaxmi Nagar, Jhalawar - RSPCB",25-03-2025 10:00,24.588397,76.172782,NH3,2,7,3
India,Rajasthan,Jhalawar,"Rajlaxmi Nagar, Jhalawar - RSPCB",25-03-2025 10:00,24.588397,76.172782,OZONE,1,115,27
India,Rajasthan,Jhunjhunu,"Indra Nagar, Jhunjhunu - RSPCB",25-03-2025 10:00,28.108988,75.386577,SO2,3,16,10
India,Rajasthan,Jodhpur,"Samrat Ashok Udhyan, Jodhpur - RSPCB",25-03-2025 10:00,26.253384,72.976571,OZONE,7,124,71
India,Rajasthan,Kota,"Dhanmandi, Kota - RSPCB",25-03-2025 10:00,25.16409,75.858137,NH3,4,8,6
India,Rajasthan,Kota,"Dhanmandi, Kota - RSPCB",25-03-2025 10:00,25.16409,75.858137,SO2,5,104,27
India,Rajasthan,Kota,"Nayapura, Kota - RSPCB",25-03-2025 10:00,25.196024,75.855668,PM10,64,272,127
India,Rajasthan,Jodhpur,"Jhalamand, Jodhpur - RSPCB",25-03-2025 10:00,26.215415,73.070156,CO,8,70,35
India,Rajasthan,Jodhpur,"Mandor, Jodhpur - RSPCB",25-03-2025 10:00,26.358805,73.047444,NH3,5,10,7
India,Rajasthan,Jodhpur,"Mandor, Jodhpur - RSPCB",25-03-2025 10:00,26.358805,73.047444,OZONE,5,106,52
India,Rajasthan,Jodhpur,"Samrat Ashok Udhyan, Jodhpur - RSPCB",25-03-2025 10:00,26.253384,72.976571,PM10,29,225,101
India,Rajasthan,Dausa,"Khatikan Mohalla, Dausa - RSPCB",25-03-2025 10:00,26.895552,76.334753,PM2.5,15,203,76
India,Rajasthan,Dausa,"Khatikan Mohalla, Dausa - RSPCB",25-03-2025 10:00,26.895552,76.334753,CO,12,117,37
India,Rajasthan,Dungarpur,"Bhoiwada, Dungarpur - RSPCB",25-03-2025 10:00,23.837789,73.714926,NH3,6,9,7
India,Rajasthan,Dungarpur,"Bhoiwada, Dungarpur - RSPCB",25-03-2025 10:00,23.837789,73.714926,SO2,1,6,4
India,Rajasthan,Jaipur,"Sector-2 Murlipura, Jaipur - RSPCB",25-03-2025 10:00,26.960669,75.771817,CO,10,124,42
India,Rajasthan,Jaipur,"Sector-2 Murlipura, Jaipur - RSPCB",25-03-2025 10:00,26.960669,75.771817,OZONE,1,53,10
India,Rajasthan,Jaipur,"Shastri Nagar, Jaipur - RSPCB",25-03-2025 10:00,26.9502929,75.730943,PM2.5,47,180,89
India,Rajasthan,Jaipur,"Shastri Nagar, Jaipur - RSPCB",25-03-2025 10:00,26.9502929,75.730943,NH3,5,25,11
India,Rajasthan,Jodhpur,"Collectorate, Jodhpur - RSPCB",25-03-2025 10:00,26.268249,73.0193853,OZONE,6,83,20
India,Rajasthan,Jodhpur,"Digari Kalan, Jodhpur - RSPCB",25-03-2025 10:00,26.29581,73.082283,PM10,32,203,105
India,Rajasthan,Jodhpur,"Digari Kalan, Jodhpur - RSPCB",25-03-2025 10:00,26.29581,73.082283,SO2,3,24,9
India,Rajasthan,Kota,"Nayapura, Kota - RSPCB",25-03-2025 10:00,25.196024,75.855668,SO2,3,25,10
India,Rajasthan,Kota,"Shrinath Puram, Kota - RSPCB",25-03-2025 10:00,25.14389,75.821256,PM10,66,187,115
India,Rajasthan,Kota,"Shrinath Puram, Kota - RSPCB",25-03-2025 10:00,25.14389,75.821256,NO2,14,34,20
India,Rajasthan,Nagaur,"Karni Colony, Nagaur - RSPCB",25-03-2025 10:00,27.213494,73.734444,PM2.5,10,91,40
India,Rajasthan,Nagaur,"Karni Colony, Nagaur - RSPCB",25-03-2025 10:00,27.213494,73.734444,PM10,73,199,125
India,Rajasthan,Nagaur,"Karni Colony, Nagaur - RSPCB",25-03-2025 10:00,27.213494,73.734444,NO2,8,70,27
India,Rajasthan,Nagaur,"Karni Colony, Nagaur - RSPCB",25-03-2025 10:00,27.213494,73.734444,NH3,5,10,7
India,Rajasthan,Pali,"Indira Colony Vistar, Pali - RSPCB",25-03-2025 10:00,25.771061,73.340227,PM10,67,200,126
India,Rajasthan,Pali,"Indira Colony Vistar, Pali - RSPCB",25-03-2025 10:00,25.771061,73.340227,NO2,22,50,33
India,Rajasthan,Pali,"Indira Colony Vistar, Pali - RSPCB",25-03-2025 10:00,25.771061,73.340227,NH3,2,7,4
India,Rajasthan,Pratapgarh,"Pragati Nagar, Pratapgarh - RSPCB",25-03-2025 10:00,24.041198,74.780702,PM2.5,28,152,49
India,TamilNadu,Kanchipuram,"Kilambi, Kanchipuram - TNPCB",25-03-2025 10:00,12.864618,79.659968,SO2,0,0,0
India,TamilNadu,Kanchipuram,"Kilambi, Kanchipuram - TNPCB",25-03-2025 10:00,12.864618,79.659968,CO,5,16,15
India,TamilNadu,Kanchipuram,"Kilambi, Kanchipuram - TNPCB",25-03-2025 10:00,12.864618,79.659968,OZONE,8,53,38
India,TamilNadu,Karur,"Kamadenu Nagar, Karur - TNPCB",25-03-2025 10:00,10.96782,78.080882,OZONE,9,38,14
India,TamilNadu,Madurai,"Uchapatti, Madurai - TNPCB",25-03-2025 10:00,9.865935,78.022669,OZONE,6,6,6
India,TamilNadu,Nagapattinam,"Velippalayam, Nagapattinam - TNPCB",25-03-2025 10:00,10.798548,79.838212,PM2.5,29,45,37
India,TamilNadu,Nagapattinam,"Velippalayam, Nagapattinam - TNPCB",25-03-2025 10:00,10.798548,79.838212,CO,12,23,16
India,TamilNadu,Namakkal,"Ponnusamy Nagar, Namakkal - TNPCB",25-03-2025 10:00,11.273992,78.163545,NH3,2,2,2
India,TamilNadu,Namakkal,"Ponnusamy Nagar, Namakkal - TNPCB",25-03-2025 10:00,11.273992,78.163545,OZONE,5,11,9
India,TamilNadu,Chengalpattu,"Crescent University, Chengalpattu - TNPCB",25-03-2025 10:00,12.8777316,80.0834807,NO2,13,14,14
India,TamilNadu,Chennai,"Alandur Bus Depot, Chennai - CPCB",25-03-2025 10:00,12.9099161,80.1076538,NO2,16,21,17
India,TamilNadu,Chennai,"Alandur Bus Depot, Chennai - CPCB",25-03-2025 10:00,12.9099161,80.1076538,NH3,5,6,6
India,TamilNadu,Chennai,"Alandur Bus Depot, Chennai - CPCB",25-03-2025 10:00,12.9099161,80.1076538,SO2,15,16,15
India,TamilNadu,Chennai,"Alandur Bus Depot, Chennai - CPCB",25-03-2025 10:00,12.9099161,80.1076538,CO,24,34,30
India,TamilNadu,Chennai,"Alandur Bus Depot, Chennai - CPCB",25-03-2025 10:00,12.9099161,80.1076538,OZONE,42,115,60
India,TamilNadu,Chennai,"Kodungaiyur, Chennai - TNPCB",25-03-2025 10:00,13.1278,80.2642,PM2.5,20,83,31
India,TamilNadu,Chennai,"Kodungaiyur, Chennai - TNPCB",25-03-2025 10:00,13.1278,80.2642,SO2,1,6,3
India,TamilNadu,Chennai,"Manali Village, Chennai - TNPCB",25-03-2025 10:00,13.1662,80.2584,SO2,17,19,18
India,TamilNadu,Cuddalore,"Semmandalam, Cuddalore - TNPCB",25-03-2025 10:00,11.7637683,79.7499835,PM10,0,0,0
India,TamilNadu,Dindigul,"Mendonsa Colony, Dindigul - TNPCB",25-03-2025 10:00,10.358535,77.984321,PM10,58,107,72
India,TamilNadu,Dindigul,"Mendonsa Colony, Dindigul - TNPCB",25-03-2025 10:00,10.358535,77.984321,SO2,19,23,21
India,TamilNadu,Dindigul,"Mendonsa Colony, Dindigul - TNPCB",25-03-2025 10:00,10.358535,77.984321,OZONE,8,56,8
India,TamilNadu,Hosur,"SIPCOT Phase-1, Hosur - TNPCB",25-03-2025 10:00,12.746998,77.813811,PM2.5,51,131,72
India,TamilNadu,Hosur,"SIPCOT Phase-1, Hosur - TNPCB",25-03-2025 10:00,12.746998,77.813811,PM10,63,123,85
India,TamilNadu,Kanchipuram,"Kilambi, Kanchipuram - TNPCB",25-03-2025 10:00,12.864618,79.659968,PM2.5,0,0,0
India,Rajasthan,Sikar,"Radhakishan Pura, Sikar - RSPCB",25-03-2025 10:00,27.608912,75.153302,PM2.5,13,193,53
India,Rajasthan,Sikar,"Radhakishan Pura, Sikar - RSPCB",25-03-2025 10:00,27.608912,75.153302,OZONE,9,91,79
India,Rajasthan,Sirohi,"Vedhaynath Colony, Sirohi - RSPCB",25-03-2025 10:00,24.885261,72.857549,PM2.5,17,133,43
India,Rajasthan,Sirohi,"Vedhaynath Colony, Sirohi - RSPCB",25-03-2025 10:00,24.885261,72.857549,PM10,53,204,89
India,TamilNadu,Chennai,"Manali Village, Chennai - TNPCB",25-03-2025 10:00,13.1662,80.2584,CO,4,130,68
India,TamilNadu,Chennai,"Perungudi, Chennai - TNPCB",25-03-2025 10:00,12.9533,80.2357,SO2,4,11,7
India,TamilNadu,Chennai,"Velachery Res. Area, Chennai - CPCB",25-03-2025 10:00,13.0052189,80.2398125,NO2,15,16,15
India,Rajasthan,Tonk,"Shastri Nagar, Tonk - RSPCB",25-03-2025 10:00,26.159933,75.780517,PM10,68,280,135
India,Rajasthan,Tonk,"Shastri Nagar, Tonk - RSPCB",25-03-2025 10:00,26.159933,75.780517,NO2,11,96,38
India,Rajasthan,Udaipur,"Ashok Nagar, Udaipur - RSPCB",25-03-2025 10:00,24.5886166,73.6321397,OZONE,3,72,17
India,TamilNadu,Coimbatore,"PSG College of Arts and Science, Coimbatore - TNPCB",25-03-2025 10:00,11.0328,77.0349,NO2,9,14,10
India,TamilNadu,Coimbatore,"PSG College of Arts and Science, Coimbatore - TNPCB",25-03-2025 10:00,11.0328,77.0349,SO2,2,107,13
India,TamilNadu,Coimbatore,"PSG College of Arts and Science, Coimbatore - TNPCB",25-03-2025 10:00,11.0328,77.0349,OZONE,3,9,6
India,TamilNadu,Chengalpattu,"Crescent University, Chengalpattu - TNPCB",25-03-2025 10:00,12.8777316,80.0834807,PM2.5,30,76,52
India,TamilNadu,Ooty,"Bombay Castel, Ooty - TNPCB",25-03-2025 10:00,11.4068288,76.7138973,PM2.5,50,155,87
India,TamilNadu,Ooty,"Bombay Castel, Ooty - TNPCB",25-03-2025 10:00,11.4068288,76.7138973,PM10,63,356,140
India,TamilNadu,Ooty,"Bombay Castel, Ooty - TNPCB",25-03-2025 10:00,11.4068288,76.7138973,CO,24,26,26
India,TamilNadu,Palkalaiperur,"Bharathidasan University, Palkalaiperur - TNPCB",25-03-2025 10:00,10.681158,78.741746,PM2.5,27,48,32
India,TamilNadu,Palkalaiperur,"Bharathidasan University, Palkalaiperur - TNPCB",25-03-2025 10:00,10.681158,78.741746,NO2,10,10,10
India,TamilNadu,Perundurai,"SIPCOT Industrial Park, Perundurai - TNPCB",25-03-2025 10:00,11.258242,77.552761,PM10,40,90,55
India,Telangana,Hyderabad,"Kokapet, Hyderabad - TSPCB",25-03-2025 10:00,17.393559,78.339194,NH3,3,3,3
India,Telangana,Hyderabad,"Kompally Municipal Office, Hyderabad - TSPCB",25-03-2025 10:00,17.544899,78.486949,NO2,9,11,10
India,Telangana,Hyderabad,"Kompally Municipal Office, Hyderabad - TSPCB",25-03-2025 10:00,17.544899,78.486949,NH3,3,5,5
India,Telangana,Hyderabad,"Nacharam_TSIIC IALA, Hyderabad - TSPCB",25-03-2025 10:00,17.429398,78.569354,OZONE,35,54,53
India,Telangana,Hyderabad,"New Malakpet, Hyderabad - TSPCB",25-03-2025 10:00,17.37206,78.50864,CO,16,69,32
India,Telangana,Hyderabad,"New Malakpet, Hyderabad - TSPCB",25-03-2025 10:00,17.37206,78.50864,OZONE,1,20,6
India,TamilNadu,Tiruchirappalli,"St Joseph College, Tiruchirappalli - TNPCB",25-03-2025 10:00,10.830158,78.691849,PM2.5,29,50,36
India,TamilNadu,Tiruchirappalli,"St Joseph College, Tiruchirappalli - TNPCB",25-03-2025 10:00,10.830158,78.691849,NH3,2,50,5
India,TamilNadu,Tirunelveli,"Municipal Corporation Office, Tirunelveli - TNPCB",25-03-2025 10:00,8.728442,77.6962,PM10,19,36,28
India,TamilNadu,Vellore,"Vasanthapuram, Vellore - TNPCB",25-03-2025 10:00,12.909494,79.131861,NO2,13,17,14
India,TamilNadu,Salem,"Sona College of Technology, Salem - TNPCB",25-03-2025 10:00,11.679111,78.125052,OZONE,16,16,16
India,TamilNadu,Thanjavur,"Parisutham Nagar, Thanjavur - TNPCB",25-03-2025 10:00,10.7654824,79.1389968,PM2.5,36,65,52
India,TamilNadu,Ramanathapuram,"Chalai Bazaar, Ramanathapuram - TNPCB",25-03-2025 10:00,9.36399,78.831977,OZONE,13,14,14
India,TamilNadu,Ranipet,"VOC Nagar_SIPCOT, Ranipet - TNPCB",25-03-2025 10:00,12.952707,79.30394,PM2.5,33,73,49
India,Telangana,Hyderabad,"Sanathnagar, Hyderabad - TSPCB",25-03-2025 10:00,17.4559458,78.4332152,SO2,5,13,9
India,Telangana,Hyderabad,"Somajiguda, Hyderabad - TSPCB",25-03-2025 10:00,17.417094,78.457437,PM2.5,57,84,71
India,Telangana,Hyderabad,"Central University, Hyderabad - TSPCB",25-03-2025 10:00,17.460103,78.334361,OZONE,14,18,16
India,Telangana,Hyderabad,"ICRISAT Patancheru, Hyderabad - TSPCB",25-03-2025 10:00,17.5184,78.278777,NO2,8,24,13
India,Telangana,Hyderabad,"IDA Pashamylaram, Hyderabad - TSPCB",25-03-2025 10:00,17.5316895,78.218939,CO,30,51,35
India,Telangana,Hyderabad,"Kokapet, Hyderabad - TSPCB",25-03-2025 10:00,17.393559,78.339194,PM10,0,0,0
India,Telangana,Hyderabad,"Bollaram Industrial Area, Hyderabad - TSPCB",25-03-2025 10:00,17.540891,78.358528,NH3,0,0,0
India,Telangana,Hyderabad,"Somajiguda, Hyderabad - TSPCB",25-03-2025 10:00,17.417094,78.457437,PM10,71,82,75
India,Telangana,Hyderabad,"Somajiguda, Hyderabad - TSPCB",25-03-2025 10:00,17.417094,78.457437,SO2,7,9,8
India,Telangana,Hyderabad,"Zoo Park, Hyderabad - TSPCB",25-03-2025 10:00,17.349694,78.451437,NO2,78,121,102
India,Telangana,Hyderabad,"Zoo Park, Hyderabad - TSPCB",25-03-2025 10:00,17.349694,78.451437,CO,1,14,6
India,Tripura,Agartala,"Bardowali, Agartala - Tripura SPCB",25-03-2025 10:00,23.8175497,91.2726974,NO2,7,71,27
India,Tripura,Agartala,"Bardowali, Agartala - Tripura SPCB",25-03-2025 10:00,23.8175497,91.2726974,SO2,20,26,22
India,Tripura,Agartala,"Bardowali, Agartala - Tripura SPCB",25-03-2025 10:00,23.8175497,91.2726974,CO,12,62,33
India,Tripura,Agartala,"Bardowali, Agartala - Tripura SPCB",25-03-2025 10:00,23.8175497,91.2726974,OZONE,5,167,29
India,Uttar_Pradesh,Agra,"Manoharpur, Agra - UPPCB",25-03-2025 10:00,27.23711,78.01936,PM10,18,162,86
India,Uttar_Pradesh,Ghaziabad,"Vasundhara, Ghaziabad - UPPCB",25-03-2025 10:00,28.6603346,77.3572563,NO2,44,107,65
India,Uttar_Pradesh,Ghaziabad,"Vasundhara, Ghaziabad - UPPCB",25-03-2025 10:00,28.6603346,77.3572563,CO,34,103,76
India,Uttar_Pradesh,Ghaziabad,"Vasundhara, Ghaziabad - UPPCB",25-03-2025 10:00,28.6603346,77.3572563,OZONE,17,110,24
India,Uttar_Pradesh,Gorakhpur,"Madan Mohan Malaviya University of Technology, Gorakhpur - UPPCB",25-03-2025 10:00,26.730136,83.433859,PM10,68,164,104
India,Uttar_Pradesh,Greater Noida,"Knowledge Park - III, Greater Noida - UPPCB",25-03-2025 10:00,28.47272,77.482,SO2,10,86,30
India,Uttar_Pradesh,Greater Noida,"Knowledge Park - III, Greater Noida - UPPCB",25-03-2025 10:00,28.47272,77.482,CO,14,103,59
India,Uttar_Pradesh,Greater Noida,"Knowledge Park - III, Greater Noida - UPPCB",25-03-2025 10:00,28.47272,77.482,OZONE,13,78,26
India,Uttar_Pradesh,Greater Noida,"Knowledge Park - V, Greater Noida - UPPCB",25-03-2025 10:00,28.557054,77.453663,SO2,7,43,22
India,Uttar_Pradesh,Bareilly,"Civil Lines, Bareilly - UPPCB",25-03-2025 10:00,28.359581,79.414455,CO,2,62,45
India,Uttar_Pradesh,Bareilly,"Rajendra Nagar, Bareilly - UPPCB",25-03-2025 10:00,28.38910936,79.42963708,CO,7,73,40
India,Uttar_Pradesh,Bulandshahr,"Yamunapuram, Bulandshahr - UPPCB",25-03-2025 10:00,28.406963,77.849831,CO,21,97,79
India,Uttar_Pradesh,Bulandshahr,"Yamunapuram, Bulandshahr - UPPCB",25-03-2025 10:00,28.406963,77.849831,OZONE,1,55,15
India,Uttar_Pradesh,Firozabad,"Nagla Bhau, Firozabad - UPPCB",25-03-2025 10:00,27.168897,78.37696,PM2.5,17,93,50
India,Uttar_Pradesh,Firozabad,"Nagla Bhau, Firozabad - UPPCB",25-03-2025 10:00,27.168897,78.37696,PM10,41,145,87
India,Uttar_Pradesh,Firozabad,"Nagla Bhau, Firozabad - UPPCB",25-03-2025 10:00,27.168897,78.37696,NO2,17,17,17
India,Uttar_Pradesh,Firozabad,"Nagla Bhau, Firozabad - UPPCB",25-03-2025 10:00,27.168897,78.37696,OZONE,4,7,6
India,Uttar_Pradesh,Ghaziabad,"Indirapuram, Ghaziabad - UPPCB",25-03-2025 10:00,28.646233,77.358075,NO2,15,152,62
India,Uttar_Pradesh,Ghaziabad,"Indirapuram, Ghaziabad - UPPCB",25-03-2025 10:00,28.646233,77.358075,CO,4,106,7
India,Uttar_Pradesh,Ghaziabad,"Loni, Ghaziabad - UPPCB",25-03-2025 10:00,28.757294,77.278792,NO2,96,137,117
India,Uttar_Pradesh,Ghaziabad,"Loni, Ghaziabad - UPPCB",25-03-2025 10:00,28.757294,77.278792,NH3,8,14,11
India,Uttar_Pradesh,Ghaziabad,"Sanjay Nagar, Ghaziabad - UPPCB",25-03-2025 10:00,28.685382,77.453839,NO2,29,145,92
India,Uttar_Pradesh,Ghaziabad,"Vasundhara, Ghaziabad - UPPCB",25-03-2025 10:00,28.6603346,77.3572563,PM2.5,49,383,245
India,Uttar_Pradesh,Agra,"Rohta, Agra - UPPCB",25-03-2025 10:00,27.106972,78.000111,OZONE,11,13,12
India,Uttar_Pradesh,Agra,"Sanjay Palace, Agra - UPPCB",25-03-2025 10:00,27.19865833,78.00598056,PM2.5,22,305,126
India,Uttar_Pradesh,Agra,"Sanjay Palace, Agra - UPPCB",25-03-2025 10:00,27.19865833,78.00598056,NO2,15,98,35
India,Uttar_Pradesh,Agra,"Sanjay Palace, Agra - UPPCB",25-03-2025 10:00,27.19865833,78.00598056,OZONE,29,120,70
India,Uttar_Pradesh,Agra,"Sector-3B Avas Vikas Colony, Agra - UPPCB",25-03-2025 10:00,27.19412,77.96237,PM2.5,16,161,62
India,Uttar_Pradesh,Hapur,"Anand Vihar, Hapur - UPPCB",25-03-2025 10:00,28.725645,77.749675,CO,33,80,75
India,Uttar_Pradesh,Jhansi,"Shivaji Nagar, Jhansi - UPPCB",25-03-2025 10:00,25.4547,78.6039,PM10,19,135,67
India,Uttar_Pradesh,Kanpur,"FTI Kidwai Nagar, Kanpur - UPPCB",25-03-2025 10:00,26.428282,80.327067,NO2,22,23,22
India,Uttar_Pradesh,Kanpur,"FTI Kidwai Nagar, Kanpur - UPPCB",25-03-2025 10:00,26.428282,80.327067,SO2,27,30,28
India,Uttar_Pradesh,Agra,"Sector-3B Avas Vikas Colony, Agra - UPPCB",25-03-2025 10:00,27.19412,77.96237,NO2,18,18,18
India,Uttar_Pradesh,Agra,"Shahjahan Garden, Agra - UPPCB",25-03-2025 10:00,27.169338,78.03582,NO2,16,30,18
India,Uttar_Pradesh,Agra,"Shahjahan Garden, Agra - UPPCB",25-03-2025 10:00,27.169338,78.03582,CO,6,54,24
India,Uttar_Pradesh,Agra,"Shastripuram, Agra - UPPCB",25-03-2025 10:00,27.19862,77.92066,NO2,29,41,30
India,Uttar_Pradesh,Agra,"Shastripuram, Agra - UPPCB",25-03-2025 10:00,27.19862,77.92066,NH3,0,0,0
India,Uttar_Pradesh,Baghpat,"Sardar Patel Inter College, Baghpat - UPPCB",25-03-2025 10:00,28.964949,77.278761,PM10,0,0,0
India,Uttar_Pradesh,Baghpat,"Sardar Patel Inter College, Baghpat - UPPCB",25-03-2025 10:00,28.964949,77.278761,SO2,0,0,0
India,Uttar_Pradesh,Kanpur,"NSI Kalyanpur, Kanpur - UPPCB",25-03-2025 10:00,26.509954,80.249612,NH3,2,2,2
India,Uttar_Pradesh,Meerut,"Jai Bhim Nagar, Meerut - UPPCB",25-03-2025 10:00,28.9535882,77.7622941,SO2,6,22,11
India,Uttar_Pradesh,Meerut,"Pallavpuram Phase 2, Meerut - UPPCB",25-03-2025 10:00,29.06351,77.709723,PM2.5,48,311,148
India,Uttar_Pradesh,Meerut,"Pallavpuram Phase 2, Meerut - UPPCB",25-03-2025 10:00,29.06351,77.709723,OZONE,3,64,10
India,Uttar_Pradesh,Moradabad,"Buddhi Vihar, Moradabad - UPPCB",25-03-2025 10:00,28.83526,78.7446,PM10,39,135,92
India,Uttar_Pradesh,Moradabad,"Buddhi Vihar, Moradabad - UPPCB",25-03-2025 10:00,28.83526,78.7446,SO2,17,20,18
India,Uttar_Pradesh,Moradabad,"Buddhi Vihar, Moradabad - UPPCB",25-03-2025 10:00,28.83526,78.7446,CO,24,74,60
India,Uttar_Pradesh,Moradabad,"Eco Herbal Park, Moradabad - UPPCB",25-03-2025 10:00,28.840739,78.697531,SO2,3,85,19
India,Uttar_Pradesh,Moradabad,"Eco Herbal Park, Moradabad - UPPCB",25-03-2025 10:00,28.840739,78.697531,OZONE,1,158,20
India,Uttar_Pradesh,Moradabad,"Employment Office, Moradabad - UPPCB",25-03-2025 10:00,28.88528,78.7388,PM2.5,31,179,85
India,Uttar_Pradesh,Moradabad,"Employment Office, Moradabad - UPPCB",25-03-2025 10:00,28.88528,78.7388,PM10,47,153,104
India,Uttar_Pradesh,Moradabad,"Jigar Colony, Moradabad - UPPCB",25-03-2025 10:00,28.856664,78.772638,NO2,17,25,25
India,Uttar_Pradesh,Moradabad,"Kashiram Nagar, Moradabad - UPPCB",25-03-2025 10:00,28.849399,78.742362,PM10,38,200,108
India,Uttar_Pradesh,Moradabad,"Transport Nagar, Moradabad - UPPCB",25-03-2025 10:00,28.802625,78.753728,OZONE,17,86,25
India,Uttar_Pradesh,Muzaffarnagar,"New Mandi, Muzaffarnagar - UPPCB",25-03-2025 10:00,29.4723508,77.7194031,NH3,7,15,11
India,Uttar_Pradesh,Noida,"Sector-116, Noida - UPPCB",25-03-2025 10:00,28.56923,77.393848,CO,24,158,129
India,Uttar_Pradesh,Prayagraj,"Jhunsi, Prayagraj - UPPCB",25-03-2025 10:00,25.425602,81.917152,NH3,5,5,5
India,Uttar_Pradesh,Prayagraj,"Jhunsi, Prayagraj - UPPCB",25-03-2025 10:00,25.425602,81.917152,OZONE,4,106,8
India,Uttar_Pradesh,Prayagraj,"Nagar Nigam, Prayagraj - UPPCB",25-03-2025 10:00,25.44919916,81.82735986,PM2.5,45,304,125
India,Uttar_Pradesh,Prayagraj,"Nagar Nigam, Prayagraj - UPPCB",25-03-2025 10:00,25.44919916,81.82735986,CO,5,42,35
India,Uttar_Pradesh,Khurja,"Kalindi Kunj, Khurja - UPPCB",25-03-2025 10:00,28.2348927,77.8683002,PM2.5,22,103,61
India,Uttar_Pradesh,Khurja,"Kalindi Kunj, Khurja - UPPCB",25-03-2025 10:00,28.2348927,77.8683002,PM10,61,181,119
India,Uttar_Pradesh,Khurja,"Kalindi Kunj, Khurja - UPPCB",25-03-2025 10:00,28.2348927,77.8683002,SO2,34,86,53
India,Uttar_Pradesh,Khurja,"Kalindi Kunj, Khurja - UPPCB",25-03-2025 10:00,28.2348927,77.8683002,OZONE,5,15,6
India,Uttar_Pradesh,Lucknow,"Kendriya Vidyalaya, Lucknow - CPCB",25-03-2025 10:00,26.906111,80.948222,NH3,3,20,14
India,Uttar_Pradesh,Noida,"Sector - 125, Noida - UPPCB",25-03-2025 10:00,28.5447608,77.3231257,PM2.5,32,342,139
India,Uttar_Pradesh,Noida,"Sector - 62, Noida - IMD",25-03-2025 10:00,28.6245479,77.3577104,CO,38,102,86
India,Uttar_Pradesh,Noida,"Sector-116, Noida - UPPCB",25-03-2025 10:00,28.56923,77.393848,PM10,81,341,219
India,Uttar_Pradesh,Noida,"Sector-116, Noida - UPPCB",25-03-2025 10:00,28.56923,77.393848,NO2,41,290,134
India,Uttar_Pradesh,Lucknow,"Lalbagh, Lucknow - CPCB",25-03-2025 10:00,26.8458805,80.9365541,NO2,44,96,67
India,Uttar_Pradesh,Meerut,"Ganga Nagar, Meerut - UPPCB",25-03-2025 10:00,28.999264,77.7590354,NH3,8,12,10
India,Uttar_Pradesh,Varanasi,"Maldahiya, Varanasi - UPPCB",25-03-2025 10:00,25.32393,82.99687,SO2,27,28,28
India,Uttar_Pradesh,Varanasi,"Maldahiya, Varanasi - UPPCB",25-03-2025 10:00,25.32393,82.99687,OZONE,1,14,1
India,Uttar_Pradesh,Varanasi,"Bhelupur, Varanasi - UPPCB",25-03-2025 10:00,25.301778,82.996789,CO,9,103,43
India,Uttar_Pradesh,Varanasi,"Bhelupur, Varanasi - UPPCB",25-03-2025 10:00,25.301778,82.996789,NO2,7,8,8
India,Uttar_Pradesh,Vrindavan,"Omex Eternity, Vrindavan - UPPCB",25-03-2025 10:00,27.571409,77.655757,SO2,26,38,30
India,Uttar_Pradesh,Vrindavan,"Omex Eternity, Vrindavan - UPPCB",25-03-2025 10:00,27.571409,77.655757,CO,20,51,45
India,Uttarakhand,Dehradun,"Doon University, Dehradun - UKPCB",25-03-2025 10:00,30.269444,78.044167,PM10,83,152,109
India,Uttarakhand,Dehradun,"Doon University, Dehradun - UKPCB",25-03-2025 10:00,30.269444,78.044167,NO2,1,4,2
India,Uttarakhand,Dehradun,"Doon University, Dehradun - UKPCB",25-03-2025 10:00,30.269444,78.044167,OZONE,28,123,40
India,Uttarakhand,Kashipur,"Govt. Girls Inter College, Kashipur - UKPCB",25-03-2025 10:00,29.2124114,78.9611753,PM10,75,163,124
India,Uttarakhand,Kashipur,"Govt. Girls Inter College, Kashipur - UKPCB",25-03-2025 10:00,29.2124114,78.9611753,NO2,18,43,29
India,Uttarakhand,Rishikesh,"Shivaji Nagar, Rishikesh - UKPCB",25-03-2025 10:00,30.075911,78.2859547,CO,0,0,0
India,Uttarakhand,Rishikesh,"Shivaji Nagar, Rishikesh - UKPCB",25-03-2025 10:00,30.075911,78.2859547,OZONE,0,0,0
India,West_Bengal,Asansol,"Asansol Court Area, Asansol - WBPCB",25-03-2025 10:00,23.685297,86.945968,PM2.5,71,314,194
India,West_Bengal,Asansol,"Asansol Court Area, Asansol - WBPCB",25-03-2025 10:00,23.685297,86.945968,PM10,65,198,138
India,West_Bengal,Asansol,"Asansol Court Area, Asansol - WBPCB",25-03-2025 10:00,23.685297,86.945968,NH3,5,9,8
India,West_Bengal,Asansol,"Asansol Court Area, Asansol - WBPCB",25-03-2025 10:00,23.685297,86.945968,SO2,6,28,12
India,West_Bengal,Barrackpore,"SVSPA Campus, Barrackpore - WBPCB",25-03-2025 10:00,22.7605581,88.3617589,NH3,6,9,8
India,West_Bengal,Barrackpore,"SVSPA Campus, Barrackpore - WBPCB",25-03-2025 10:00,22.7605581,88.3617589,SO2,14,23,17
India,West_Bengal,Durgapur,"Mahishkapur Road_B-Zone, Durgapur - WBPCB",25-03-2025 10:00,23.567923,87.306843,NH3,1,1,1
India,West_Bengal,Durgapur,"PCBL Residential Complex, Durgapur - WBPCB",25-03-2025 10:00,23.508764,87.35444,NO2,11,122,71
India,West_Bengal,Haldia,"Priyambada Housing Estate, Haldia - WBPCB",25-03-2025 10:00,22.06047,88.109737,PM10,41,128,94
India,West_Bengal,Haldia,"Priyambada Housing Estate, Haldia - WBPCB",25-03-2025 10:00,22.06047,88.109737,CO,28,52,44
India,West_Bengal,Howrah,"Botanical Garden, Howrah - WBPCB",25-03-2025 10:00,22.554954,88.292568,SO2,5,20,8
India,West_Bengal,Howrah,"Botanical Garden, Howrah - WBPCB",25-03-2025 10:00,22.554954,88.292568,CO,91,115,107
India,West_Bengal,Howrah,"Dasnagar, Howrah - WBPCB",25-03-2025 10:00,22.6025571,88.3105664,PM2.5,76,260,150
India,West_Bengal,Howrah,"Dasnagar, Howrah - WBPCB",25-03-2025 10:00,22.6025571,88.3105664,NO2,9,134,70
India,West_Bengal,Howrah,"Ghusuri, Howrah - WBPCB",25-03-2025 10:00,22.611968,88.347422,SO2,7,11,9
India,West_Bengal,Howrah,"Padmapukur, Howrah - WBPCB",25-03-2025 10:00,22.5687319,88.2797276,NO2,14,56,29
India,West_Bengal,Kolkata,"Victoria, Kolkata - WBPCB",25-03-2025 10:00,22.5448082,88.3403691,PM2.5,118,302,192
India,West_Bengal,Kolkata,"Victoria, Kolkata - WBPCB",25-03-2025 10:00,22.5448082,88.3403691,CO,47,109,67
India,West_Bengal,Kolkata,"Victoria, Kolkata - WBPCB",25-03-2025 10:00,22.5448082,88.3403691,OZONE,7,82,16
India,West_Bengal,Siliguri,"Ward-32 Bapupara, Siliguri - WBPCB",25-03-2025 10:00,26.6879226,88.4152495,PM2.5,29,308,116
India,West_Bengal,Kolkata,"Bidhannagar, Kolkata - WBPCB",25-03-2025 10:00,22.58157048,88.41002457,OZONE,13,48,21
India,West_Bengal,Kolkata,"Jadavpur, Kolkata - WBPCB",25-03-2025 10:00,22.49929,88.36917,PM2.5,93,310,178
India,West_Bengal,Kolkata,"Jadavpur, Kolkata - WBPCB",25-03-2025 10:00,22.49929,88.36917,SO2,3,11,6
India,West_Bengal,Asansol,"Evelyn Lodge, Asansol - WBPCB",25-03-2025 10:00,23.697936,86.944395,CO,2,58,43
India,West_Bengal,Asansol,"Mahabir Colliery, Asansol - WBPCB",25-03-2025 10:00,23.618183,87.105718,PM10,95,256,143
India,West_Bengal,Asansol,"Mahabir Colliery, Asansol - WBPCB",25-03-2025 10:00,23.618183,87.105718,CO,46,110,96
India,West_Bengal,Asansol,"Trivenidevi Bhalotia College, Asansol - WBPCB",25-03-2025 10:00,23.616515,87.119133,NO2,18,100,50
India,West_Bengal,Asansol,"Trivenidevi Bhalotia College, Asansol - WBPCB",25-03-2025 10:00,23.616515,87.119133,CO,12,98,67
India,West_Bengal,Asansol,"Trivenidevi Bhalotia College, Asansol - WBPCB",25-03-2025 10:00,23.616515,87.119133,OZONE,5,176,30
India,West_Bengal,Kolkata,"Ballygunge, Kolkata - WBPCB",25-03-2025 10:00,22.5367507,88.3638022,NH3,8,29,13
India,West_Bengal,Kolkata,"Bidhannagar, Kolkata - WBPCB",25-03-2025 10:00,22.58157048,88.41002457,NH3,6,15,10
India,Uttar_Pradesh,Vrindavan,"Omex Eternity, Vrindavan - UPPCB",25-03-2025 10:00,27.571409,77.655757,PM2.5,10,52,26
India,Andhra_Pradesh,Tirumala,"Toll Gate, Tirumala - APPCB (Formerly known as Tirumala, Tirupati - APPCB)",25-03-2025 10:00,13.67,79.35,PM10,44,102,66
India,Andhra_Pradesh,Tirumala,"Toll Gate, Tirumala - APPCB (Formerly known as Tirumala, Tirupati - APPCB)",25-03-2025 10:00,13.67,79.35,NH3,1,2,2
India,Andhra_Pradesh,Vijayawada,"HB Colony, Vijayawada - APPCB",25-03-2025 10:00,16.536107,80.594233,PM10,46,88,69
India,Andhra_Pradesh,Vijayawada,"HB Colony, Vijayawada - APPCB",25-03-2025 10:00,16.536107,80.594233,OZONE,4,32,8
India,Andhra_Pradesh,Vijayawada,"Kanuru, Vijayawada - APPCB",25-03-2025 10:00,16.486692,80.699436,PM10,53,99,74
India,Andhra_Pradesh,Vijayawada,"Kanuru, Vijayawada - APPCB",25-03-2025 10:00,16.486692,80.699436,NO2,12,264,61
India,Andhra_Pradesh,Vijayawada,"Kanuru, Vijayawada - APPCB",25-03-2025 10:00,16.486692,80.699436,NH3,4,6,5
India,Andhra_Pradesh,Vijayawada,"Kanuru, Vijayawada - APPCB",25-03-2025 10:00,16.486692,80.699436,CO,13,26,21
India,Andhra_Pradesh,Vijayawada,"Rajiv Gandhi Park, Vijayawada - APPCB",25-03-2025 10:00,16.509717,80.612222,NO2,0,0,0
India,Assam,Nalbari,"Bata Chowk, Nalbari - PCBA",25-03-2025 10:00,26.446912,91.439057,OZONE,5,17,10
India,Assam,Silchar,"Tarapur, Silchar - PCBA",25-03-2025 10:00,24.82827,92.79525,NH3,1,2,2
India,Assam,Silchar,"Tarapur, Silchar - PCBA",25-03-2025 10:00,24.82827,92.79525,SO2,1,12,6
India,Assam,Sivasagar,"Girls College, Sivasagar - PCBA",25-03-2025 10:00,26.987634,94.636574,PM2.5,7,86,52
India,Bihar,Araria,"Kharahiya Basti, Araria - BSPCB",25-03-2025 10:00,26.146529,87.454184,NO2,7,7,7
India,Bihar,Arrah,"New DM Office, Arrah - BSPCB",25-03-2025 10:00,25.5626095,84.663264,PM2.5,17,67,45
India,Bihar,Arrah,"New DM Office, Arrah - BSPCB",25-03-2025 10:00,25.5626095,84.663264,CO,15,32,20
India,Bihar,Arrah,"New DM Office, Arrah - BSPCB",25-03-2025 10:00,25.5626095,84.663264,OZONE,2,141,42
India,Andhra_Pradesh,Chittoor,"Gangineni Cheruvu, Chittoor - APPCB",25-03-2025 10:00,13.20488,79.097889,NH3,3,5,4
India,Andhra_Pradesh,Kadapa,"Yerramukkapalli, Kadapa - APPCB",25-03-2025 10:00,14.465052,78.824187,PM2.5,24,60,43
India,Andhra_Pradesh,Kadapa,"Yerramukkapalli, Kadapa - APPCB",25-03-2025 10:00,14.465052,78.824187,NO2,10,19,12
India,Andhra_Pradesh,Kadapa,"Yerramukkapalli, Kadapa - APPCB",25-03-2025 10:00,14.465052,78.824187,SO2,15,16,15
India,Andhra_Pradesh,Kadapa,"Yerramukkapalli, Kadapa - APPCB",25-03-2025 10:00,14.465052,78.824187,CO,30,34,34
India,Andhra_Pradesh,Kadapa,"Yerramukkapalli, Kadapa - APPCB",25-03-2025 10:00,14.465052,78.824187,OZONE,9,9,9
India,Andaman and Nicobar,Sri Vijaya Puram,"Police Line, Sri Vijaya Puram - ANPCC",25-03-2025 10:00,11.654054,92.734055,PM2.5,10,27,18
India,Andhra_Pradesh,Amaravati,"Secretariat, Amaravati - APPCB",25-03-2025 10:00,16.5150833,80.5181667,PM10,33,65,48
India,Andhra_Pradesh,Amaravati,"Secretariat, Amaravati - APPCB",25-03-2025 10:00,16.5150833,80.5181667,NO2,4,13,8
India,Andhra_Pradesh,Amaravati,"Secretariat, Amaravati - APPCB",25-03-2025 10:00,16.5150833,80.5181667,OZONE,11,63,20
India,Andhra_Pradesh,Visakhapatnam,"GVM Corporation, Visakhapatnam - APPCB",25-03-2025 10:00,17.72,83.3,CO,4,38,16
India,Andhra_Pradesh,Visakhapatnam,"GVM Corporation, Visakhapatnam - APPCB",25-03-2025 10:00,17.72,83.3,OZONE,7,321,10
India,Arunachal_Pradesh,Naharlagun,"Naharlagun, Naharlagun - APSPCB",25-03-2025 10:00,27.103358,93.679645,CO,8,58,14
India,Arunachal_Pradesh,Naharlagun,"Naharlagun, Naharlagun - APSPCB",25-03-2025 10:00,27.103358,93.679645,OZONE,3,4,4
India,Andhra_Pradesh,Vijayawada,"Rajiv Nagar, Vijayawada - APPCB",25-03-2025 10:00,16.554731,80.64911,PM10,26,73,45
India,Andhra_Pradesh,Vijayawada,"Rajiv Nagar, Vijayawada - APPCB",25-03-2025 10:00,16.554731,80.64911,CO,12,38,29
India,Andhra_Pradesh,Visakhapatnam,"GVM Corporation, Visakhapatnam - APPCB",25-03-2025 10:00,17.72,83.3,PM2.5,28,112,49
India,Andhra_Pradesh,Visakhapatnam,"GVM Corporation, Visakhapatnam - APPCB",25-03-2025 10:00,17.72,83.3,PM10,46,177,90
India,Assam,Byrnihat,"Central Academy for SFS, Byrnihat - PCBA",25-03-2025 10:00,26.071318,91.87488,SO2,0,0,0
India,Assam,Byrnihat,"Central Academy for SFS, Byrnihat - PCBA",25-03-2025 10:00,26.071318,91.87488,CO,0,0,0
India,Assam,Guwahati,"Pan Bazaar, Guwahati - PCBA",25-03-2025 10:00,26.1875,91.744194,OZONE,17,17,17
India,Bihar,Aurangabad,"Gurdeo Nagar, Aurangabad - BSPCB",25-03-2025 10:00,24.75746,84.366208,NH3,1,1,1
India,Bihar,Begusarai,"Lohiyanagar, Begusarai - BSPCB",25-03-2025 10:00,25.42742023,86.13886079,NO2,32,123,75
India,Assam,Nalbari,"Bata Chowk, Nalbari - PCBA",25-03-2025 10:00,26.446912,91.439057,PM2.5,58,387,263
India,Assam,Nagaon,"Christianpatty, Nagaon - PCBA",25-03-2025 10:00,26.349082,92.68449,PM10,18,163,80
India,Bihar,Manguraha,"Forest Rest House, Manguraha - BSPCB",25-03-2025 10:00,27.308328,84.531742,NH3,1,1,1
India,Bihar,Motihari,"Gandak Colony, Motihari - BSPCB",25-03-2025 10:00,26.63086,84.90051,NH3,3,3,3
India,Bihar,Munger,"Town Hall, Munger - BSPCB",25-03-2025 10:00,25.376776,86.471523,NH3,5,7,6
India,Bihar,Munger,"Town Hall, Munger - BSPCB",25-03-2025 10:00,25.376776,86.471523,CO,18,36,25
India,Bihar,Muzaffarpur,"Buddha Colony, Muzaffarpur - BSPCB",25-03-2025 10:00,26.11442,85.39813,PM10,110,215,152
India,Bihar,Muzaffarpur,"Buddha Colony, Muzaffarpur - BSPCB",25-03-2025 10:00,26.11442,85.39813,SO2,3,16,8
India,Bihar,Muzaffarpur,"MIT-Daudpur Kothi, Muzaffarpur - BSPCB",25-03-2025 10:00,26.1403345,85.3650192,NO2,10,10,10
India,Bihar,Patna,"DRM Office Danapur, Patna - BSPCB",25-03-2025 10:00,25.586562,85.043586,NO2,28,34,31
India,Bihar,Patna,"Govt. High School Shikarpur, Patna - BSPCB",25-03-2025 10:00,25.592539,85.227158,NH3,10,12,12
India,Bihar,Patna,"IGSC Planetarium Complex, Patna - BSPCB",25-03-2025 10:00,25.610369,85.132568,PM2.5,81,312,199
India,Bihar,Patna,"IGSC Planetarium Complex, Patna - BSPCB",25-03-2025 10:00,25.610369,85.132568,SO2,5,10,8
India,Bihar,Gaya,"SFTI Kusdihra, Gaya - BSPCB",25-03-2025 10:00,24.762518,84.982348,NH3,3,4,3
India,Bihar,Gaya,"SFTI Kusdihra, Gaya - BSPCB",25-03-2025 10:00,24.762518,84.982348,OZONE,11,46,17
India,Bihar,Katihar,"Mirchaibari, Katihar - BSPCB",25-03-2025 10:00,25.560083,87.553265,NO2,13,15,14
India,Bihar,Katihar,"Mirchaibari, Katihar - BSPCB",25-03-2025 10:00,25.560083,87.553265,OZONE,20,48,27
India,Bihar,Kishanganj,"SDM Office_Khagra, Kishanganj - BSPCB",25-03-2025 10:00,26.0881305,87.93840336,PM2.5,13,199,68
India,Bihar,Kishanganj,"SDM Office_Khagra, Kishanganj - BSPCB",25-03-2025 10:00,26.0881305,87.93840336,CO,13,13,13
India,Chandigarh,Chandigarh,"Sector 22, Chandigarh - CPCC",25-03-2025 10:00,30.735567,76.775714,NH3,12,17,14
India,Chandigarh,Chandigarh,"Sector 22, Chandigarh - CPCC",25-03-2025 10:00,30.735567,76.775714,OZONE,3,263,155
India,Chandigarh,Chandigarh,"Sector-25, Chandigarh - CPCC",25-03-2025 10:00,30.751462,76.762879,NO2,19,73,42
India,Chandigarh,Chandigarh,"Sector-25, Chandigarh - CPCC",25-03-2025 10:00,30.751462,76.762879,SO2,4,15,7
India,Chandigarh,Chandigarh,"Sector-53, Chandigarh - CPCC",25-03-2025 10:00,30.719859,76.738637,PM2.5,65,233,125
India,Chandigarh,Chandigarh,"Sector-53, Chandigarh - CPCC",25-03-2025 10:00,30.719859,76.738637,PM10,73,170,114
India,Bihar,Patna,"Samanpura, Patna - BSPCB",25-03-2025 10:00,25.596727,85.085624,CO,8,104,38
India,Bihar,Purnia,"Mariam Nagar, Purnia - BSPCB",25-03-2025 10:00,25.366336,87.117468,PM10,11,193,99
India,Bihar,Purnia,"Mariam Nagar, Purnia - BSPCB",25-03-2025 10:00,25.366336,87.117468,OZONE,19,26,20
India,Bihar,Rajgir,"Dangi Tola, Rajgir - BSPCB",25-03-2025 10:00,25.0328,85.41948,CO,1,79,26
India,Bihar,Patna,"Muradpur, Patna - BSPCB",25-03-2025 10:00,25.619651,85.147382,CO,36,66,50
India,Bihar,Patna,"Muradpur, Patna - BSPCB",25-03-2025 10:00,25.619651,85.147382,OZONE,6,50,16
India,Bihar,Patna,"Rajbansi Nagar, Patna - BSPCB",25-03-2025 10:00,25.599486,85.113666,NH3,4,11,8
India,Bihar,Bhagalpur,"Mayaganj, Bhagalpur - BSPCB",25-03-2025 10:00,25.265194,87.012947,NO2,9,10,10
India,Bihar,Bhagalpur,"Mayaganj, Bhagalpur - BSPCB",25-03-2025 10:00,25.265194,87.012947,SO2,22,88,49
India,Bihar,Buxar,"Charitra Van, Buxar - BSPCB",25-03-2025 10:00,25.56752,83.966379,NO2,4,5,5
India,Bihar,Sasaram,"Dada Peer, Sasaram - BSPCB",25-03-2025 10:00,24.952822,84.002396,SO2,5,5,5
India,Bihar,Sasaram,"Dada Peer, Sasaram - BSPCB",25-03-2025 10:00,24.952822,84.002396,OZONE,4,17,12
India,Bihar,Gaya,"Collectorate, Gaya - BSPCB",25-03-2025 10:00,24.7955,84.9994,OZONE,19,21,20
India,Chhattisgarh,Korba,"Rampur, Korba - CECB",25-03-2025 10:00,22.368195,82.746431,CO,32,46,37
India,Chhattisgarh,Korba,"Urja Nagar, Korba - CECB",25-03-2025 10:00,22.348441,82.549611,PM2.5,39,280,77
India,Chhattisgarh,Korba,"Urja Nagar, Korba - CECB",25-03-2025 10:00,22.348441,82.549611,OZONE,35,36,36
India,Chhattisgarh,Kunjemura,"OP Jindal School, Kunjemura - CECB",25-03-2025 10:00,22.12665,83.483212,NO2,0,0,0
India,Chhattisgarh,Kunjemura,"OP Jindal School, Kunjemura - CECB",25-03-2025 10:00,22.12665,83.483212,OZONE,0,0,0
India,Chhattisgarh,Milupara,"Govt. Higher Secondary School, Milupara - CECB",25-03-2025 10:00,22.1910172,83.5197009,PM10,0,0,0
India,Chhattisgarh,Milupara,"Govt. Higher Secondary School, Milupara - CECB",25-03-2025 10:00,22.1910172,83.5197009,NH3,0,0,0
India,Delhi,Delhi,"Dr. Karni Singh Shooting Range, Delhi - DPCC",25-03-2025 10:00,28.498571,77.26484,NH3,6,9,7
India,Delhi,Delhi,"Dwarka-Sector 8, Delhi - DPCC ",25-03-2025 10:00,28.5710274,77.0719006,OZONE,5,81,10
India,Delhi,Delhi,"IGI Airport (T3), Delhi - IMD",25-03-2025 10:00,28.5627763,77.1180053,NO2,81,135,110
India,Delhi,Delhi,"IGI Airport (T3), Delhi - IMD",25-03-2025 10:00,28.5627763,77.1180053,CO,42,108,100
India,Delhi,Delhi,"IHBAS, Dilshad Garden, Delhi - CPCB",25-03-2025 10:00,28.6811736,77.3025234,NO2,3,61,28
India,Delhi,Delhi,"IHBAS, Dilshad Garden, Delhi - CPCB",25-03-2025 10:00,28.6811736,77.3025234,CO,2,104,58
India,Delhi,Delhi,"Alipur, Delhi - DPCC",25-03-2025 10:00,28.815329,77.15301,CO,26,81,65
India,Delhi,Delhi,"Ashok Vihar, Delhi - DPCC",25-03-2025 10:00,28.695381,77.181665,NO2,25,150,81
India,Delhi,Delhi,"Ashok Vihar, Delhi - DPCC",25-03-2025 10:00,28.695381,77.181665,NH3,7,10,8
India,Delhi,Delhi,"Aya Nagar, Delhi - IMD",25-03-2025 10:00,28.4706914,77.1099364,PM10,54,386,198
India,Delhi,Delhi,"Aya Nagar, Delhi - IMD",25-03-2025 10:00,28.4706914,77.1099364,NO2,7,149,71
India,Delhi,Delhi,"Aya Nagar, Delhi - IMD",25-03-2025 10:00,28.4706914,77.1099364,OZONE,7,78,15
India,Chhattisgarh,Bhilai,"Hathkhoj, Bhilai - CECB",25-03-2025 10:00,21.224231,81.40835,PM10,0,0,0
India,Chhattisgarh,Bhilai,"Hathkhoj, Bhilai - CECB",25-03-2025 10:00,21.224231,81.40835,NH3,0,0,0
India,Chhattisgarh,Bhilai,"Hathkhoj, Bhilai - CECB",25-03-2025 10:00,21.224231,81.40835,OZONE,0,0,0
India,Chhattisgarh,Bilaspur,"Mangala, Bilaspur - NTPC",25-03-2025 10:00,22.08815,82.13737,NO2,26,31,28
India,Chhattisgarh,Bilaspur,"Mangala, Bilaspur - NTPC",25-03-2025 10:00,22.08815,82.13737,SO2,1,13,7
India,Chhattisgarh,Bilaspur,"Mangala, Bilaspur - NTPC",25-03-2025 10:00,22.08815,82.13737,CO,24,42,34
India,Delhi,Delhi,"Burari Crossing, Delhi - IMD",25-03-2025 10:00,28.7256504,77.2011573,PM10,78,429,187
India,Delhi,Delhi,"CRRI Mathura Road, Delhi - IMD",25-03-2025 10:00,28.5512005,77.2735737,CO,38,135,123
India,Delhi,Delhi,"Chandni Chowk, Delhi - IITM",25-03-2025 10:00,28.656756,77.227234,NO2,0,0,0
India,Delhi,Delhi,"DTU, Delhi - CPCB",25-03-2025 10:00,28.7500499,77.1112615,CO,23,68,53
India,Chhattisgarh,Raipur,"Siltara Phase-II, Raipur - CECB",25-03-2025 10:00,21.371751,81.664929,PM2.5,73,313,129
India,Chhattisgarh,Raipur,"Siltara Phase-II, Raipur - CECB",25-03-2025 10:00,21.371751,81.664929,NH3,3,3,3
India,Chhattisgarh,Tumidih,"OP Jindal Industrial Park, Tumidih - CECB",25-03-2025 10:00,22.06631475,83.33820077,PM2.5,0,0,0
India,Chhattisgarh,Tumidih,"OP Jindal Industrial Park, Tumidih - CECB",25-03-2025 10:00,22.06631475,83.33820077,NO2,0,0,0
India,Chhattisgarh,Bhilai,"32Bungalows, Bhilai - CECB",25-03-2025 10:00,21.194815,81.31477,NO2,11,102,49
India,Chhattisgarh,Bhilai,"Civic Center, Bhilai - Bhilai Steel Plant",25-03-2025 10:00,21.185571,81.343175,PM2.5,24,73,48
India,Delhi,Delhi,"Jahangirpuri, Delhi - DPCC",25-03-2025 10:00,28.73282,77.170633,NO2,24,379,113
India,Delhi,Delhi,"Jahangirpuri, Delhi - DPCC",25-03-2025 10:00,28.73282,77.170633,CO,20,119,106
India,Delhi,Delhi,"Jahangirpuri, Delhi - DPCC",25-03-2025 10:00,28.73282,77.170633,OZONE,2,291,15
India,Chhattisgarh,Raipur,"Krishak Nagar, Raipur - CECB",25-03-2025 10:00,21.237755,81.705301,NO2,16,35,28
India,Delhi,Delhi,"Punjabi Bagh, Delhi - DPCC",25-03-2025 10:00,28.674045,77.131023,PM10,92,416,188
India,Delhi,Delhi,"Punjabi Bagh, Delhi - DPCC",25-03-2025 10:00,28.674045,77.131023,SO2,16,28,23
India,Delhi,Delhi,"Punjabi Bagh, Delhi - DPCC",25-03-2025 10:00,28.674045,77.131023,OZONE,1,109,10
India,Delhi,Delhi,"Pusa, Delhi - DPCC",25-03-2025 10:00,28.639652,77.146275,SO2,13,40,23
India,Delhi,Delhi,"Pusa, Delhi - IMD",25-03-2025 10:00,28.63611,77.173332,PM2.5,63,317,185
India,Delhi,Delhi,"R K Puram, Delhi - DPCC",25-03-2025 10:00,28.563262,77.186937,NO2,10,104,52
India,Delhi,Delhi,"Rohini, Delhi - DPCC",25-03-2025 10:00,28.732528,77.11992,PM10,92,421,242
India,Delhi,Delhi,"Rohini, Delhi - DPCC",25-03-2025 10:00,28.732528,77.11992,NH3,3,16,10
India,Delhi,Delhi,"Shadipur, Delhi - CPCB",25-03-2025 10:00,28.6514781,77.1473105,PM10,78,500,224
India,Delhi,Delhi,"Shadipur, Delhi - CPCB",25-03-2025 10:00,28.6514781,77.1473105,SO2,2,60,18
India,Delhi,Delhi,"Shadipur, Delhi - CPCB",25-03-2025 10:00,28.6514781,77.1473105,CO,22,60,35
India,Delhi,Delhi,"Shadipur, Delhi - CPCB",25-03-2025 10:00,28.6514781,77.1473105,OZONE,16,69,29
India,Delhi,Delhi,"Sirifort, Delhi - CPCB",25-03-2025 10:00,28.5504249,77.2159377,PM2.5,51,364,197
India,Delhi,Delhi,"Sirifort, Delhi - CPCB",25-03-2025 10:00,28.5504249,77.2159377,PM10,112,405,231
India,Delhi,Delhi,"Okhla Phase-2, Delhi - DPCC",25-03-2025 10:00,28.530785,77.271255,NH3,8,12,10
India,Delhi,Delhi,"Okhla Phase-2, Delhi - DPCC",25-03-2025 10:00,28.530785,77.271255,OZONE,14,303,36
India,Delhi,Delhi,"Patparganj, Delhi - DPCC",25-03-2025 10:00,28.623763,77.287209,PM10,105,411,233
India,Delhi,Delhi,"Patparganj, Delhi - DPCC",25-03-2025 10:00,28.623763,77.287209,NO2,18,151,81
India,Delhi,Delhi,"Sonia Vihar, Delhi - DPCC",25-03-2025 10:00,28.710508,77.249485,CO,26,114,76
India,Delhi,Delhi,"Sonia Vihar, Delhi - DPCC",25-03-2025 10:00,28.710508,77.249485,OZONE,3,79,14
India,Delhi,Delhi,"Sri Aurobindo Marg, Delhi - DPCC",25-03-2025 10:00,28.531346,77.190156,CO,26,112,94
India,Delhi,Delhi,"Sri Aurobindo Marg, Delhi - DPCC",25-03-2025 10:00,28.531346,77.190156,OZONE,3,252,19
India,Delhi,Delhi,"Lodhi Road, Delhi - IMD",25-03-2025 10:00,28.5918245,77.2273074,NO2,6,17,12
India,Delhi,Delhi,"Mandir Marg, Delhi - DPCC",25-03-2025 10:00,28.636429,77.201067,PM2.5,18,349,183
India,Delhi,Delhi,"Mandir Marg, Delhi - DPCC",25-03-2025 10:00,28.636429,77.201067,PM10,30,213,129
India,Delhi,Delhi,"Najafgarh, Delhi - DPCC",25-03-2025 10:00,28.570173,76.933762,OZONE,1,255,21
India,Delhi,Delhi,"Narela, Delhi - DPCC",25-03-2025 10:00,28.822836,77.101981,NO2,19,70,46
India,Gujarat,Ahmedabad,"Raikhad, Ahmedabad - IITM",25-03-2025 10:00,23.020509,72.579261,CO,6,121,43
India,Gujarat,Ahmedabad,"Chandkheda, Ahmedabad - IITM",25-03-2025 10:00,23.107969,72.574648,NO2,0,0,0
India,Delhi,Delhi,"Nehru Nagar, Delhi - DPCC",25-03-2025 10:00,28.56789,77.250515,PM2.5,55,351,216
India,Haryana,Panchgaon,"Amity University, Panchgaon - IITM",25-03-2025 10:00,28.3153,76.9143,OZONE,0,0,0
India,Jammu_and_Kashmir,Srinagar,"Rajbagh, Srinagar - JKSPCB",25-03-2025 10:00,34.066206,74.81982,PM2.5,40,50,44
India,Jammu_and_Kashmir,Srinagar,"Rajbagh, Srinagar - JKSPCB",25-03-2025 10:00,34.066206,74.81982,NH3,2,2,2
India,Jharkhand,Dhanbad,"Sardar Patel Nagar, Dhanbad - JSPCB",25-03-2025 10:00,23.80569,86.44268,PM10,107,301,148
India,Jharkhand,Dhanbad,"Sardar Patel Nagar, Dhanbad - JSPCB",25-03-2025 10:00,23.80569,86.44268,CO,2,2,2
India,Karnataka,Belgaum,"Ramteerth Nagar, Belgaum - KSPCB",25-03-2025 10:00,15.888653,74.541751,NO2,0,0,0
India,Karnataka,Bengaluru,"Hebbal, Bengaluru - KSPCB",25-03-2025 10:00,13.029152,77.585901,OZONE,5,121,7
India,Karnataka,Bengaluru,"Hombegowda Nagar, Bengaluru - KSPCB",25-03-2025 10:00,12.938539,77.5901,CO,16,48,22
India,Karnataka,Bengaluru,"Jayanagar 5th Block, Bengaluru - KSPCB",25-03-2025 10:00,12.920984,77.584908,SO2,9,17,13
India,Karnataka,Bengaluru,"Kasturi Nagar, Bengaluru - KSPCB",25-03-2025 10:00,13.003872,77.664217,PM2.5,35,38,37
India,Karnataka,Bengaluru,"Kasturi Nagar, Bengaluru - KSPCB",25-03-2025 10:00,13.003872,77.664217,PM10,82,466,143
India,Karnataka,Bengaluru,"Kasturi Nagar, Bengaluru - KSPCB",25-03-2025 10:00,13.003872,77.664217,NO2,34,41,40
India,Gujarat,Surat,"Science Center, Surat - SMC",25-03-2025 10:00,21.170046,72.795405,PM2.5,10,60,40
India,Gujarat,Surat,"Science Center, Surat - SMC",25-03-2025 10:00,21.170046,72.795405,NO2,16,21,18
India,Gujarat,Vapi,"Phase-1 GIDC, Vapi - GPCB",25-03-2025 10:00,20.362421,72.918013,NH3,10,10,10
India,Gujarat,Vatva,"Phase-4 GIDC, Vatva - GPCB",25-03-2025 10:00,22.969611,72.6435,OZONE,1,3,2
India,Haryana,Charkhi Dadri,"Mini Secretariat, Charkhi Dadri - HSPCB",25-03-2025 10:00,28.593883,76.270653,NO2,14,25,18
India,Haryana,Charkhi Dadri,"Mini Secretariat, Charkhi Dadri - HSPCB",25-03-2025 10:00,28.593883,76.270653,SO2,3,24,13
India,Haryana,Faridabad,"New Industrial Town, Faridabad - HSPCB",25-03-2025 10:00,28.39072,77.30059,NO2,18,20,19
India,Haryana,Faridabad,"New Industrial Town, Faridabad - HSPCB",25-03-2025 10:00,28.39072,77.30059,SO2,1,135,24
India,Haryana,Faridabad,"Sector 11, Faridabad - HSPCB",25-03-2025 10:00,28.376058,77.315741,OZONE,20,21,20
India,Gujarat,Gandhinagar,"IIPHG Lekawada, Gandhinagar - IITM",25-03-2025 10:00,23.243639,72.68994,NO2,0,0,0
India,Gujarat,Gandhinagar,"Sector-10, Gandhinagar - GPCB",25-03-2025 10:00,23.221714,72.654328,PM2.5,0,0,0
India,Gujarat,Gandhinagar,"Sector-10, Gandhinagar - GPCB",25-03-2025 10:00,23.221714,72.654328,NO2,0,0,0
India,Gujarat,Gandhinagar,"Sector-10, Gandhinagar - GPCB",25-03-2025 10:00,23.221714,72.654328,OZONE,0,0,0
India,Gujarat,Nandesari,"GIDC, Nandesari - Nandesari Ind. Association",25-03-2025 10:00,22.410802,73.097923,SO2,0,0,0
India,Gujarat,Ahmedabad,"Rakhial, Ahmedabad - IITM",25-03-2025 10:00,23.016834,72.625775,PM2.5,0,0,0
India,Gujarat,Ahmedabad,"SVPI Airport Hansol, Ahmedabad - IITM",25-03-2025 10:00,23.076793,72.627874,PM2.5,0,0,0
India,Gujarat,Ahmedabad,"SVPI Airport Hansol, Ahmedabad - IITM",25-03-2025 10:00,23.076793,72.627874,OZONE,0,0,0
India,Gujarat,Ahmedabad,"Sardar Vallabhbhai Patel Stadium, Ahmedabad - IITM",25-03-2025 10:00,23.04307,72.562968,SO2,0,0,0
India,Gujarat,Ahmedabad,"Sardar Vallabhbhai Patel Stadium, Ahmedabad - IITM",25-03-2025 10:00,23.04307,72.562968,CO,0,0,0
India,Karnataka,Bengaluru,"Bapuji Nagar, Bengaluru - KSPCB",25-03-2025 10:00,12.951913,77.539784,NO2,14,18,16
India,Karnataka,Bengaluru,"City Railway Station, Bengaluru - KSPCB",25-03-2025 10:00,12.9756843,77.5660749,CO,48,100,82
India,Karnataka,Bengaluru,"Hebbal, Bengaluru - KSPCB",25-03-2025 10:00,13.029152,77.585901,NO2,32,76,62
India,Haryana,Gurugram,"Sector-51, Gurugram - HSPCB",25-03-2025 10:00,28.4227,77.0667,NO2,10,10,10
India,Haryana,Panchgaon,"Amity University, Panchgaon - IITM",25-03-2025 10:00,28.3153,76.9143,NH3,0,0,0
India,Haryana,Panchgaon,"Amity University, Panchgaon - IITM",25-03-2025 10:00,28.3153,76.9143,CO,0,0,0
India,Karnataka,Belgaum,"Ramteerth Nagar, Belgaum - KSPCB",25-03-2025 10:00,15.888653,74.541751,CO,13,18,16
India,Karnataka,Bengaluru,"BTM Layout, Bengaluru - CPCB",25-03-2025 10:00,12.9135218,77.5950804,NO2,37,41,38
India,Kerala,Eloor,"Udyogamandal, Eloor - Kerala PCB",25-03-2025 10:00,10.073232,76.302765,PM10,42,84,55
India,Kerala,Eloor,"Udyogamandal, Eloor - Kerala PCB",25-03-2025 10:00,10.073232,76.302765,NO2,7,8,8
India,Kerala,Kannur,"Thavakkara, Kannur - Kerala PCB",25-03-2025 10:00,11.875,75.3732,PM10,54,61,57
India,Kerala,Kannur,"Thavakkara, Kannur - Kerala PCB",25-03-2025 10:00,11.875,75.3732,NH3,4,5,4
India,Kerala,Kollam,"Polayathode, Kollam - Kerala PCB",25-03-2025 10:00,8.8787,76.6073,PM2.5,51,56,53
India,Kerala,Kollam,"Polayathode, Kollam - Kerala PCB",25-03-2025 10:00,8.8787,76.6073,PM10,69,74,71
India,Kerala,Kollam,"Polayathode, Kollam - Kerala PCB",25-03-2025 10:00,8.8787,76.6073,SO2,2,3,2
India,Kerala,Kollam,"Polayathode, Kollam - Kerala PCB",25-03-2025 10:00,8.8787,76.6073,OZONE,32,38,33
India,Kerala,Thiruvananthapuram,"Kariavattom, Thiruvananthapuram - Kerala PCB",25-03-2025 10:00,8.5637,76.8865,NO2,6,7,7
India,Kerala,Thiruvananthapuram,"Kariavattom, Thiruvananthapuram - Kerala PCB",25-03-2025 10:00,8.5637,76.8865,OZONE,36,37,36
India,Karnataka,Bengaluru,"RVCE-Mailasandra, Bengaluru - KSPCB",25-03-2025 10:00,12.921418,77.502466,OZONE,23,24,24
India,Karnataka,Bengaluru,"Shivapura_Peenya, Bengaluru - KSPCB",25-03-2025 10:00,13.0246342,77.5080115,NH3,2,2,2
India,Karnataka,Bengaluru,"Silk Board, Bengaluru - KSPCB",25-03-2025 10:00,12.917348,77.622813,PM2.5,28,75,45
India,Karnataka,Bengaluru,"Silk Board, Bengaluru - KSPCB",25-03-2025 10:00,12.917348,77.622813,NH3,2,3,2
India,Karnataka,Bengaluru,"Silk Board, Bengaluru - KSPCB",25-03-2025 10:00,12.917348,77.622813,SO2,3,10,8
India,Karnataka,Bengaluru,"Silk Board, Bengaluru - KSPCB",25-03-2025 10:00,12.917348,77.622813,OZONE,4,33,11
India,Karnataka,Bidar,"Naubad, Bidar - KSPCB",25-03-2025 10:00,17.930306,77.482194,PM2.5,0,0,0
India,Karnataka,Ramanagara,"Vijay Nagar, Ramanagara - KSPCB",25-03-2025 10:00,12.733409,77.298051,CO,5,40,25
India,Karnataka,Ramanagara,"Vijay Nagar, Ramanagara - KSPCB",25-03-2025 10:00,12.733409,77.298051,OZONE,6,116,14
India,Karnataka,Shivamogga,"Vinoba Nagara, Shivamogga - KSPCB",25-03-2025 10:00,13.94,75.555917,PM10,47,61,56
India,Karnataka,Tumakuru,"Thimmalapura, Tumakuru - KSPCB",25-03-2025 10:00,13.377516,77.099072,PM2.5,37,79,59
India,Karnataka,Yadgir,"Collector Office, Yadgir - KSPCB",25-03-2025 10:00,16.7602,77.1428,NO2,20,38,28
India,Karnataka,Bidar,"Naubad, Bidar - KSPCB",25-03-2025 10:00,17.930306,77.482194,CO,0,0,0
India,Karnataka,Chikkaballapur,"Chikkaballapur Rural, Chikkaballapur - KSPCB",25-03-2025 10:00,13.428828,77.731418,NH3,1,2,1
India,Karnataka,Chikkaballapur,"Chikkaballapur Rural, Chikkaballapur - KSPCB",25-03-2025 10:00,13.428828,77.731418,CO,15,22,18
India,Karnataka,Chikkamagaluru,"Kalyana Nagara, Chikkamagaluru - KSPCB",25-03-2025 10:00,13.328028,75.797056,PM10,0,0,0
India,Karnataka,Chikkamagaluru,"Kalyana Nagara, Chikkamagaluru - KSPCB",25-03-2025 10:00,13.328028,75.797056,NH3,0,0,0
India,Karnataka,Chikkamagaluru,"Kalyana Nagara, Chikkamagaluru - KSPCB",25-03-2025 10:00,13.328028,75.797056,OZONE,0,0,0
India,Kerala,Thrissur,"Corporation Ground, Thrissur - Kerala PCB",25-03-2025 10:00,10.5324,76.2159,SO2,1,1,1
India,Madhya Pradesh,Bhopal,"Idgah Hills, Bhopal - MPPCB",25-03-2025 10:00,23.264759,77.381568,SO2,1,17,7
India,Madhya Pradesh,Bhopal,"Idgah Hills, Bhopal - MPPCB",25-03-2025 10:00,23.264759,77.381568,OZONE,55,107,80
India,Madhya Pradesh,Bhopal,"Paryavaran Parisar, Bhopal - MPPCB",25-03-2025 10:00,23.210494,77.425409,PM2.5,12,307,80
India,Karnataka,Kalaburagi,"Mahatma Basaveswar Colony, Kalaburgi - KSPCB",25-03-2025 10:00,17.336318,76.847397,OZONE,0,0,0
India,Karnataka,Karwar,"KHB Colony, Karwar - KSPCB",25-03-2025 10:00,14.816666,74.141003,PM10,25,58,44
India,Karnataka,Karwar,"KHB Colony, Karwar - KSPCB",25-03-2025 10:00,14.816666,74.141003,NH3,1,2,1
India,Karnataka,Koppal,"Diwator Nagar, Koppal - KSPCB",25-03-2025 10:00,15.34763,76.181767,NO2,5,17,9
India,Karnataka,Mangalore,"Kadri, Mangalore - KSPCB",25-03-2025 10:00,12.88925,74.853,PM2.5,0,0,0
India,Karnataka,Mangalore,"Kadri, Mangalore - KSPCB",25-03-2025 10:00,12.88925,74.853,OZONE,0,0,0
India,Karnataka,Kalaburagi,"Mahatma Basaveswar Colony, Kalaburgi - KSPCB",25-03-2025 10:00,17.336318,76.847397,PM2.5,9,33,26
India,Karnataka,Kalaburagi,"Mahatma Basaveswar Colony, Kalaburgi - KSPCB",25-03-2025 10:00,17.336318,76.847397,PM10,0,0,0
India,Karnataka,Kalaburagi,"Mahatma Basaveswar Colony, Kalaburgi - KSPCB",25-03-2025 10:00,17.336318,76.847397,NH3,2,4,3
India,Karnataka,Dharwad,"Kalabhavan, Dharwad - KSPCB",25-03-2025 10:00,15.459706,75.008381,PM2.5,42,53,51
India,Karnataka,Dharwad,"Kalabhavan, Dharwad - KSPCB",25-03-2025 10:00,15.459706,75.008381,NH3,4,5,4
India,Madhya Pradesh,Dewas,"Bhopal Chauraha, Dewas - MPPCB",25-03-2025 10:00,22.9682591,76.064118,OZONE,26,94,84
India,Madhya Pradesh,Gwalior,"City Center, Gwalior - MPPCB",25-03-2025 10:00,26.203442,78.193251,NO2,7,74,23
India,Madhya Pradesh,Gwalior,"Deen Dayal Nagar, Gwalior - MPPCB",25-03-2025 10:00,26.259242,78.216432,PM2.5,0,0,0
India,Madhya Pradesh,Gwalior,"Deen Dayal Nagar, Gwalior - MPPCB",25-03-2025 10:00,26.259242,78.216432,OZONE,14,73,25
India,Madhya Pradesh,Gwalior,"Maharaj Bada, Gwalior - MPPCB",25-03-2025 10:00,26.200388,78.147714,PM2.5,20,127,53
India,Madhya Pradesh,Gwalior,"Maharaj Bada, Gwalior - MPPCB",25-03-2025 10:00,26.200388,78.147714,PM10,40,185,96
India,Madhya Pradesh,Gwalior,"Maharaj Bada, Gwalior - MPPCB",25-03-2025 10:00,26.200388,78.147714,CO,26,135,41
India,Madhya Pradesh,Indore,"Airport Area, Indore - IMC",25-03-2025 10:00,22.7289,75.8076,SO2,16,17,16
India,Madhya Pradesh,Indore,"Airport Area, Indore - IMC",25-03-2025 10:00,22.7289,75.8076,CO,10,14,12
India,Madhya Pradesh,Indore,"Vijay Nagar Scheme-78, Indore - Glenmark",25-03-2025 10:00,22.76726,75.8871,PM10,37,42,40
India,Madhya Pradesh,Jabalpur,"Govindh Bhavan Colony, Jabalpur - JMC",25-03-2025 10:00,23.163174,79.973061,CO,6,37,23
India,Madhya Pradesh,Jabalpur,"Govindh Bhavan Colony, Jabalpur - JMC",25-03-2025 10:00,23.163174,79.973061,OZONE,29,108,50
India,Madhya Pradesh,Jabalpur,"Gupteshwar, Jabalpur - JMC",25-03-2025 10:00,23.142888,79.916147,NH3,2,3,3
India,Madhya Pradesh,Jabalpur,"Gupteshwar, Jabalpur - JMC",25-03-2025 10:00,23.142888,79.916147,SO2,13,14,13
India,Madhya Pradesh,Ratlam,"Shasthri Nagar, Ratlam - IPCA Lab",25-03-2025 10:00,23.331731,75.045981,PM2.5,4,207,63
India,Madhya Pradesh,Sagar,"Civil Lines, Sagar - MPPCB",25-03-2025 10:00,23.838586,78.759431,PM2.5,5,53,30
India,Madhya Pradesh,Sagar,"Deen Dayal Nagar, Sagar - MPPCB",25-03-2025 10:00,23.8640158,78.80289321,PM2.5,15,87,51
India,Madhya Pradesh,Sagar,"Deen Dayal Nagar, Sagar - MPPCB",25-03-2025 10:00,23.8640158,78.80289321,SO2,24,30,27
India,Madhya Pradesh,Satna,"Bandhavgar Colony, Satna - Birla Cement",25-03-2025 10:00,24.58434363,80.8549414,PM10,54,56,55
India,Madhya Pradesh,Singrauli,"Suryakiran Bhawan NCL, Singrauli - MPPCB",25-03-2025 10:00,24.10897,82.64558,NO2,16,130,77
India,Madhya Pradesh,Ujjain,"Mahakaleshwar Temple, Ujjain - MPPCB",25-03-2025 10:00,23.182719,75.768218,PM10,27,118,66
India,Madhya Pradesh,Jabalpur,"Suhagi, Jabalpur - JMC",25-03-2025 10:00,23.218135,79.95777,PM10,29,136,75
India,Madhya Pradesh,Jabalpur,"Suhagi, Jabalpur - JMC",25-03-2025 10:00,23.218135,79.95777,NO2,28,120,61
India,Madhya Pradesh,Katni,"Gole Bazar, Katni - MPPCB",25-03-2025 10:00,23.50016,80.23284,PM10,41,161,99
India,Madhya Pradesh,Katni,"Gole Bazar, Katni - MPPCB",25-03-2025 10:00,23.50016,80.23284,CO,20,80,41
India,Madhya Pradesh,Bhopal,"Paryavaran Parisar, Bhopal - MPPCB",25-03-2025 10:00,23.210494,77.425409,NO2,19,130,67
India,Madhya Pradesh,Bhopal,"T T Nagar, Bhopal - MPPCB",25-03-2025 10:00,23.233584,77.400574,OZONE,62,191,191
India,Madhya Pradesh,Dewas,"Bhopal Chauraha, Dewas - MPPCB",25-03-2025 10:00,22.9682591,76.064118,NO2,26,126,82
India,Madhya Pradesh,Ujjain,"Mahakaleshwar Temple, Ujjain - MPPCB",25-03-2025 10:00,23.182719,75.768218,OZONE,46,59,54
India,Maharashtra,Ahmednagar,"Tarakpur, Ahmednagar - MPCB",25-03-2025 10:00,19.10122,74.73339,NH3,4,13,7
India,Madhya Pradesh,Maihar,"Sahilara, Maihar - KJS Cements",25-03-2025 10:00,24.2613009,80.7231783,NO2,30,35,33
India,Madhya Pradesh,Pithampur,"Sector-2 Industrial Area, Pithampur - MPPCB",25-03-2025 10:00,22.624758,75.675238,NO2,4,63,20
India,Madhya Pradesh,Indore,"Regional Park, Indore - IMC",25-03-2025 10:00,22.678,75.8559,SO2,56,62,59
India,Madhya Pradesh,Indore,"Regional Park, Indore - IMC",25-03-2025 10:00,22.678,75.8559,CO,32,50,41
India,Madhya Pradesh,Indore,"Residency Area, Indore - IMC",25-03-2025 10:00,22.7084,75.8815,NO2,11,16,14
India,Maharashtra,Kalyan,"Khadakpada, Kalyan - MPCB",25-03-2025 10:00,19.25292,73.142019,PM10,111,162,135
India,Maharashtra,Kalyan,"Khadakpada, Kalyan - MPCB",25-03-2025 10:00,19.25292,73.142019,OZONE,16,16,16
India,Maharashtra,Kalyan,"Pimpleshwar Mandir, Kalyan - MPCB",25-03-2025 10:00,19.192056,72.9585188,NO2,0,0,0
India,Maharashtra,Kalyan,"Pimpleshwar Mandir, Kalyan - MPCB",25-03-2025 10:00,19.192056,72.9585188,OZONE,0,0,0
India,Maharashtra,Kolhapur,"Shivaji University, Kolhapur - MPCB",25-03-2025 10:00,16.6870449,74.2505872,PM10,33,70,50
India,Maharashtra,Kolhapur,"Shivaji University, Kolhapur - MPCB",25-03-2025 10:00,16.6870449,74.2505872,SO2,4,9,6
India,Maharashtra,Kolhapur,"Sinchan Bhavan, Kolhapur - MPCB",25-03-2025 10:00,16.7143745,74.2426398,NO2,0,0,0
India,Maharashtra,Latur,"Sawe Wadi, Latur - MPCB",25-03-2025 10:00,18.39963,76.57452,PM10,6,132,84
India,Maharashtra,Latur,"Sawe Wadi, Latur - MPCB",25-03-2025 10:00,18.39963,76.57452,SO2,2,7,4
India,Maharashtra,Mahad,"Kamble Tarf Birwadi, Mahad - MPCB",25-03-2025 10:00,18.1023399,73.4783687,PM10,80,136,107
India,Maharashtra,Mahad,"Kamble Tarf Birwadi, Mahad - MPCB",25-03-2025 10:00,18.1023399,73.4783687,NO2,5,34,16
India,Maharashtra,Mahad,"Kamble Tarf Birwadi, Mahad - MPCB",25-03-2025 10:00,18.1023399,73.4783687,SO2,4,34,16
India,Maharashtra,Mahad,"Kamble Tarf Birwadi, Mahad - MPCB",25-03-2025 10:00,18.1023399,73.4783687,CO,18,63,35
India,Maharashtra,Malegaon,"Mahesh Nagar, Malegaon - MPCB",25-03-2025 10:00,20.555712,74.529236,PM10,35,207,110
India,Maharashtra,Belapur,"CBD Belapur, Belapur - MPCB",25-03-2025 10:00,19.0243902,73.0406721,NO2,23,65,37
India,Maharashtra,Bhiwandi,"Gokul Nagar, Bhiwandi - MPCB",25-03-2025 10:00,19.309073,73.057223,NO2,24,53,39
India,Maharashtra,Bhiwandi,"Gokul Nagar, Bhiwandi - MPCB",25-03-2025 10:00,19.309073,73.057223,SO2,11,25,17
India,Maharashtra,Bhiwandi,"Gokul Nagar, Bhiwandi - MPCB",25-03-2025 10:00,19.309073,73.057223,OZONE,11,94,18
India,Maharashtra,Boisar,"Khaira, Boisar - MPCB",25-03-2025 10:00,19.786089,72.757971,PM10,0,0,0
India,Maharashtra,Chandrapur,"Chauhan Colony, Chandrapur - MPCB",25-03-2025 10:00,19.9629,79.298714,PM2.5,66,270,114
India,Maharashtra,Aurangabad,"MIDC Chilkalthana, Aurangabad - MPCB",25-03-2025 10:00,19.87562,75.38731,CO,14,70,45
India,Maharashtra,Aurangabad,"MIDC Chilkalthana, Aurangabad - MPCB",25-03-2025 10:00,19.87562,75.38731,OZONE,7,85,26
India,Maharashtra,Aurangabad,"More Chowk Waluj, Aurangabad - MPCB",25-03-2025 10:00,19.8389439,75.244448,SO2,0,0,0
India,Maharashtra,Aurangabad,"More Chowk Waluj, Aurangabad - MPCB",25-03-2025 10:00,19.8389439,75.244448,CO,0,0,0
India,Maharashtra,Aurangabad,"Rachnakar Colony, Aurangabad - MPCB",25-03-2025 10:00,19.863756,75.321188,PM10,65,195,116
India,Maharashtra,Aurangabad,"Rachnakar Colony, Aurangabad - MPCB",25-03-2025 10:00,19.863756,75.321188,NO2,24,132,66
India,Maharashtra,Dhule,"Deopur, Dhule - MPCB",25-03-2025 10:00,20.918946,74.776388,NH3,1,2,2
India,Maharashtra,Dhule,"Deopur, Dhule - MPCB",25-03-2025 10:00,20.918946,74.776388,CO,10,108,19
India,Maharashtra,Jalgaon,"Prabhat Colony, Jalgaon - MPCB",25-03-2025 10:00,21.001264,75.565602,PM2.5,64,292,156
India,Maharashtra,Jalgaon,"Prabhat Colony, Jalgaon - MPCB",25-03-2025 10:00,21.001264,75.565602,PM10,60,270,137
India,Maharashtra,Jalgaon,"Prabhat Colony, Jalgaon - MPCB",25-03-2025 10:00,21.001264,75.565602,OZONE,1,107,21
India,Maharashtra,Jalna,"Old MIDC, Jalna - MPCB",25-03-2025 10:00,19.854616,75.905894,NO2,39,45,42
India,Maharashtra,Mumbai,"Byculla, Mumbai - BMC",25-03-2025 10:00,18.9767,72.838,PM10,53,98,74
India,Maharashtra,Mumbai,"Byculla, Mumbai - BMC",25-03-2025 10:00,18.9767,72.838,NH3,5,27,12
India,Maharashtra,Mumbai,"Byculla, Mumbai - BMC",25-03-2025 10:00,18.9767,72.838,OZONE,2,94,28
India,Maharashtra,Mumbai,"Chakala-Andheri East, Mumbai - IITM",25-03-2025 10:00,19.11074,72.86084,SO2,0,0,0
India,Maharashtra,Mumbai,"Chembur, Mumbai - MPCB",25-03-2025 10:00,19.0364585,72.8954371,PM2.5,0,0,0
India,Maharashtra,Mumbai,"Chembur, Mumbai - MPCB",25-03-2025 10:00,19.0364585,72.8954371,NO2,0,0,0
India,Maharashtra,Amravati,"Shri Shivaji Science College, Amaravati - MPCB",25-03-2025 10:00,20.939198,77.765701,PM10,0,0,0
India,Maharashtra,Aurangabad,"MIDC Chilkalthana, Aurangabad - MPCB",25-03-2025 10:00,19.87562,75.38731,PM10,67,121,95
India,Maharashtra,Amravati,"Shivneri Colony, Amravati - MPCB",25-03-2025 10:00,20.9402359,77.7895248,NO2,9,28,17
India,Maharashtra,Mumbai,"Borivali East, Mumbai - IITM",25-03-2025 10:00,19.23241,72.86895,NO2,0,0,0
India,Maharashtra,Mumbai,"Sewri, Mumbai - BMC",25-03-2025 10:00,19.000084,72.85673,OZONE,1,54,13
India,Maharashtra,Mumbai,"Shivaji Nagar, Mumbai - BMC",25-03-2025 10:00,19.060498,72.923356,PM10,109,176,138
India,Maharashtra,Mumbai,"Shivaji Nagar, Mumbai - BMC",25-03-2025 10:00,19.060498,72.923356,SO2,1,3,1
India,Maharashtra,Mumbai,"Siddharth Nagar-Worli, Mumbai - IITM",25-03-2025 10:00,19.000083,72.813993,PM10,62,116,87
India,Maharashtra,Mumbai,"Siddharth Nagar-Worli, Mumbai - IITM",25-03-2025 10:00,19.000083,72.813993,NO2,22,74,36
India,Maharashtra,Mumbai,"Siddharth Nagar-Worli, Mumbai - IITM",25-03-2025 10:00,19.000083,72.813993,NH3,1,3,2
India,Maharashtra,Mumbai,"Siddharth Nagar-Worli, Mumbai - IITM",25-03-2025 10:00,19.000083,72.813993,OZONE,32,85,59
India,Maharashtra,Mumbai,"Chhatrapati Shivaji Intl. Airport (T2), Mumbai - MPCB",25-03-2025 10:00,19.10078,72.87462,PM2.5,45,65,54
India,Maharashtra,Mumbai,"Chhatrapati Shivaji Intl. Airport (T2), Mumbai - MPCB",25-03-2025 10:00,19.10078,72.87462,NO2,27,42,32
India,Maharashtra,Mumbai,"Colaba, Mumbai - MPCB",25-03-2025 10:00,18.91,72.82,NO2,25,34,28
India,Maharashtra,Mumbai,"Ghatkopar, Mumbai - BMC",25-03-2025 10:00,19.083694,72.920967,PM10,82,128,101
India,Maharashtra,Mumbai,"Kandivali East, Mumbai - MPCB",25-03-2025 10:00,19.2058,72.8682,NO2,1,7,2
India,Maharashtra,Mumbai,"Sion, Mumbai - MPCB",25-03-2025 10:00,19.047,72.8746,CO,2,2,2
India,Maharashtra,Mumbai,"Vasai West, Mumbai - MPCB",25-03-2025 10:00,19.3832,72.8204,NH3,4,4,4
India,Maharashtra,Mumbai,"Vile Parle West, Mumbai - MPCB",25-03-2025 10:00,19.10861,72.83622,NH3,3,4,4
India,Maharashtra,Mumbai,"Worli, Mumbai - MPCB",25-03-2025 10:00,18.9936162,72.8128113,SO2,4,10,7
India,Maharashtra,Mumbai,"Worli, Mumbai - MPCB",25-03-2025 10:00,18.9936162,72.8128113,CO,3,15,6
India,Maharashtra,Nashik,"Pandav Nagari, Nashik - MPCB",25-03-2025 10:00,19.9591346,73.7788008,OZONE,0,0,0
India,Maharashtra,Navi Mumbai,"Kopripada-Vashi, Navi Mumbai - MPCB",25-03-2025 10:00,19.090337,73.014232,NO2,0,0,0
India,Maharashtra,Navi Mumbai,"Mahape, Navi Mumbai - MPCB",25-03-2025 10:00,19.1135051,73.008978,PM10,97,289,136
India,Maharashtra,Navi Mumbai,"Mahape, Navi Mumbai - MPCB",25-03-2025 10:00,19.1135051,73.008978,NO2,84,86,85
India,Maharashtra,Mumbai,"Kandivali West, Mumbai - BMC",25-03-2025 10:00,19.215859,72.831718,PM10,50,103,66
India,Maharashtra,Mumbai,"Kherwadi_Bandra East, Mumbai - MPCB",25-03-2025 10:00,19.0632143,72.8456324,NH3,1,38,12
India,Maharashtra,Mumbai,"Kurla, Mumbai - MPCB",25-03-2025 10:00,19.0863,72.8888,CO,4,18,15
India,Maharashtra,Mumbai,"Kurla, Mumbai - MPCB",25-03-2025 10:00,19.0863,72.8888,OZONE,28,29,28
India,Maharashtra,Mumbai,"Powai, Mumbai - MPCB",25-03-2025 10:00,19.1375,72.915056,NH3,2,2,2
India,Maharashtra,Mumbai,"Powai, Mumbai - MPCB",25-03-2025 10:00,19.1375,72.915056,CO,14,16,15
India,Maharashtra,Mumbai,"Sewri, Mumbai - BMC",25-03-2025 10:00,19.000084,72.85673,PM10,80,166,108
India,Maharashtra,Mumbai,"Sewri, Mumbai - BMC",25-03-2025 10:00,19.000084,72.85673,NH3,1,19,6
India,Maharashtra,Nagpur,"Mahal, Nagpur - MPCB",25-03-2025 10:00,21.14472,79.107595,NO2,23,109,54
India,Maharashtra,Nagpur,"Opp GPO Civil Lines, Nagpur - MPCB",25-03-2025 10:00,21.152875,79.0517531,PM2.5,55,158,104
India,Maharashtra,Nagpur,"Opp GPO Civil Lines, Nagpur - MPCB",25-03-2025 10:00,21.152875,79.0517531,NH3,3,6,4
India,Maharashtra,Mumbai,"Mindspace-Malad West, Mumbai - MPCB",25-03-2025 10:00,19.1878657,72.8304069,NO2,0,0,0
India,Maharashtra,Mumbai,"Navy Nagar-Colaba, Mumbai - IITM",25-03-2025 10:00,18.897756,72.81332,NH3,4,6,5
India,Maharashtra,Nashik,"MIDC Ambad, Nashik - MPCB",25-03-2025 10:00,19.95022,73.73148,SO2,7,28,13
India,Odisha,Barbil,"Forest Office, Barbil - OSPCB",25-03-2025 10:00,22.1166054,85.3945546,NO2,7,50,21
India,Odisha,Barbil,"Forest Office, Barbil - OSPCB",25-03-2025 10:00,22.1166054,85.3945546,CO,26,60,44
India,Odisha,Barbil,"Forest Office, Barbil - OSPCB",25-03-2025 10:00,22.1166054,85.3945546,OZONE,2,11,4
India,Odisha,Baripada,"Meher Colony, Baripada - OSPCB",25-03-2025 10:00,21.941841,86.728318,OZONE,12,72,27
India,Odisha,Bhubaneswar,"Lingraj Mandir, Bhubaneswar - OSPCB",25-03-2025 10:00,20.24079,85.836784,PM2.5,23,190,53
India,Odisha,Bhubaneswar,"Lingraj Mandir, Bhubaneswar - OSPCB",25-03-2025 10:00,20.24079,85.836784,SO2,2,6,4
India,Odisha,Bhubaneswar,"Patia, Bhubaneswar - OSPCB",25-03-2025 10:00,20.34652,85.8163,NO2,11,44,27
India,Odisha,Bileipada,"Tata Township, Bileipada - OSPCB",25-03-2025 10:00,22.06156703,85.47409613,PM10,81,427,138
India,Maharashtra,Pune,"Bhumkar Nagar, Pune - IITM",25-03-2025 10:00,18.60577,73.749976,CO,57,114,100
India,Maharashtra,Pune,"Hadapsar, Pune - IITM",25-03-2025 10:00,18.501793,73.927532,PM2.5,24,138,69
India,Maharashtra,Pune,"Hadapsar, Pune - IITM",25-03-2025 10:00,18.501793,73.927532,PM10,38,180,110
India,Maharashtra,Pune,"Hadapsar, Pune - IITM",25-03-2025 10:00,18.501793,73.927532,OZONE,2,139,15
India,Maharashtra,Pune,"Katraj Dairy, Pune - MPCB",25-03-2025 10:00,18.45445,73.854155,NH3,3,13,5
India,Maharashtra,Pune,"Mhada Colony, Pune - IITM",25-03-2025 10:00,18.57304,73.927715,PM2.5,68,263,165
India,Maharashtra,Pune,"Mhada Colony, Pune - IITM",25-03-2025 10:00,18.57304,73.927715,OZONE,1,88,14
India,Maharashtra,Sangli,"Vijay Nagar, Sangli - MPCB",25-03-2025 10:00,16.5038,74.3623,CO,0,0,0
India,Maharashtra,Solapur,"Dnyaneshwar Nagar, Solapur - MPCB",25-03-2025 10:00,17.6336264,75.9132495,PM10,0,0,0
India,Maharashtra,Solapur,"Dnyaneshwar Nagar, Solapur - MPCB",25-03-2025 10:00,17.6336264,75.9132495,OZONE,0,0,0
India,Maharashtra,Solapur,"Ratandeep Housing Society, Solapur - MPCB",25-03-2025 10:00,17.65439,75.90649,NO2,0,0,0
India,Maharashtra,Solapur,"Ratandeep Housing Society, Solapur - MPCB",25-03-2025 10:00,17.65439,75.90649,CO,0,0,0
India,Maharashtra,Thane,"Kasarvadavali, Thane - MPCB",25-03-2025 10:00,19.26777,72.97182,PM2.5,57,307,93
India,Maharashtra,Pimpri-Chinchwad,"Savta Mali Nagar, Pimpri-Chinchwad - IITM",25-03-2025 10:00,18.614767,73.799516,PM10,0,0,0
India,Maharashtra,Pimpri-Chinchwad,"Savta Mali Nagar, Pimpri-Chinchwad - IITM",25-03-2025 10:00,18.614767,73.799516,CO,0,0,0
India,Maharashtra,Pimpri-Chinchwad,"Savta Mali Nagar, Pimpri-Chinchwad - IITM",25-03-2025 10:00,18.614767,73.799516,OZONE,0,0,0
India,Maharashtra,Pimpri-Chinchwad,"Thergaon, Pimpri Chinchwad - MPCB",25-03-2025 10:00,18.616318,73.765797,PM2.5,50,142,70
India,Maharashtra,Pimpri-Chinchwad,"Thergaon, Pimpri Chinchwad - MPCB",25-03-2025 10:00,18.616318,73.765797,PM10,86,150,111
India,Maharashtra,Pimpri-Chinchwad,"Thergaon, Pimpri Chinchwad - MPCB",25-03-2025 10:00,18.616318,73.765797,NO2,33,122,52
India,Maharashtra,Navi Mumbai,"Sanpada, Navi Mumbai - MPCB",25-03-2025 10:00,19.0575752,73.0151367,SO2,0,0,0
India,Maharashtra,Navi Mumbai,"Sector-2E Kalamboli, Navi Mumbai - MPCB",25-03-2025 10:00,19.02579,73.10297,PM2.5,0,0,0
India,Maharashtra,Navi Mumbai,"Tondare-Taloja, Navi Mumbai - MPCB",25-03-2025 10:00,19.063,73.1209,NH3,7,15,10
India,Maharashtra,Pimpri-Chinchwad,"Gavalinagar, Pimpri Chinchwad - MPCB",25-03-2025 10:00,18.63673,73.82487,SO2,0,0,0
India,Nagaland,Kohima,"PWD Juction, Kohima - NPCB",25-03-2025 10:00,25.6635413,94.0989878,OZONE,7,23,11
India,Odisha,Angul,"Hakimapada, Angul - OSPCB",25-03-2025 10:00,20.832874,85.104082,PM10,81,206,126
India,Odisha,Balasore,"Kalidaspur, Balasore - OSPCB",25-03-2025 10:00,21.51161,86.89088,NO2,3,32,14
India,Maharashtra,Thane,"Upvan Fort, Thane - MPCB",25-03-2025 10:00,19.222279,72.957979,PM2.5,48,143,76
India,Maharashtra,Thane,"Upvan Fort, Thane - MPCB",25-03-2025 10:00,19.222279,72.957979,NO2,13,66,27
India,Maharashtra,Ulhasnagar,"Sidhi Vinayak Nagar, Ulhasnagar - MPCB",25-03-2025 10:00,19.235581,73.159121,PM2.5,51,159,90
India,Meghalaya,Shillong,"JN Stadium, Shillong - Meghalaya PCB",25-03-2025 10:00,25.5803419,91.8942571,CO,22,82,37
India,Meghalaya,Shillong,"Lumpyngngad, Shillong - Meghalaya PCB",25-03-2025 10:00,25.5586,91.8985,PM2.5,3,30,13
India,Maharashtra,Pune,"Savitribai Phule Pune University, Pune - MPCB",25-03-2025 10:00,18.547056,73.826908,NO2,0,0,0
India,Puducherry,Puducherry,"Jawahar Nagar, Puducherry - PPCC",25-03-2025 10:00,11.9309,79.8027,NO2,3,23,12
India,Puducherry,Puducherry,"Jawahar Nagar, Puducherry - PPCC",25-03-2025 10:00,11.9309,79.8027,NH3,3,6,4
India,Puducherry,Puducherry,"Jawahar Nagar, Puducherry - PPCC",25-03-2025 10:00,11.9309,79.8027,SO2,5,12,8
India,Puducherry,Puducherry,"Jawahar Nagar, Puducherry - PPCC",25-03-2025 10:00,11.9309,79.8027,OZONE,16,45,31
India,Punjab,Amritsar,"Golden Temple, Amritsar - PPCB",25-03-2025 10:00,31.62,74.876512,SO2,0,0,0
India,Punjab,Bathinda,"Hardev Nagar, Bathinda - PPCB",25-03-2025 10:00,30.233011,74.907758,PM2.5,26,140,62
India,Rajasthan,Ajmer,"Civil Lines,  Ajmer - RSPCB",25-03-2025 10:00,26.470859,74.646594,OZONE,21,58,42
India,Rajasthan,Alwar,"Moti Doongri, Alwar - RSPCB",25-03-2025 10:00,27.554793,76.611536,NO2,50,102,75
India,Rajasthan,Banswara,"Rati Talai, Banswara - RSPCB",25-03-2025 10:00,23.55519,74.44001,PM2.5,22,147,57
India,Rajasthan,Banswara,"Rati Talai, Banswara - RSPCB",25-03-2025 10:00,23.55519,74.44001,CO,4,66,11
India,Rajasthan,Barmer,"Railway Colony, Barmer - RSPCB",25-03-2025 10:00,25.747299,71.393989,NH3,3,5,4
India,Punjab,Khanna,"Kalal Majra, Khanna - PPCB",25-03-2025 10:00,30.736056,76.209694,CO,50,80,66
India,Punjab,Mandi Gobindgarh,"RIMT University, Mandi Gobindgarh - PPCB",25-03-2025 10:00,30.649961,76.331442,PM10,35,128,77
India,Punjab,Patiala,"Model Town, Patiala - PPCB",25-03-2025 10:00,30.349388,76.366642,PM10,80,143,117
India,Punjab,Patiala,"Model Town, Patiala - PPCB",25-03-2025 10:00,30.349388,76.366642,NH3,2,4,3
India,Punjab,Patiala,"Model Town, Patiala - PPCB",25-03-2025 10:00,30.349388,76.366642,SO2,4,29,13
India,Rajasthan,Bharatpur,"Krishna Nagar, Bharatpur - RSPCB",25-03-2025 10:00,27.215415,77.50873,CO,12,109,42
India,Rajasthan,Bhilwara,"Pratap Nagar, Bhilwara - RSPCB",25-03-2025 10:00,25.339605,74.618883,PM10,35,207,113
India,Rajasthan,Bhilwara,"Pratap Nagar, Bhilwara - RSPCB",25-03-2025 10:00,25.339605,74.618883,OZONE,2,87,32
India,Rajasthan,Bikaner,"MM Ground, Bikaner - RSPCB",25-03-2025 10:00,28.018792,73.292658,PM2.5,15,184,54
India,Odisha,Rairangpur,"Divisional Forest Office, Rairangpur - OSPCB",25-03-2025 10:00,22.265816,86.174829,CO,10,36,15
India,Odisha,Rairangpur,"Divisional Forest Office, Rairangpur - OSPCB",25-03-2025 10:00,22.265816,86.174829,OZONE,1,46,4
India,Odisha,Rourkela,"Fertilizer Township, Rourkela - OSPCB",25-03-2025 10:00,22.18972222,84.86277778,NO2,13,14,13
India,Odisha,Rourkela,"Fertilizer Township, Rourkela - OSPCB",25-03-2025 10:00,22.18972222,84.86277778,CO,2,45,11
India,Rajasthan,Bundi,"New Colony, Bundi - RSPCB",25-03-2025 10:00,25.435774,75.644272,PM2.5,0,0,0
India,Rajasthan,Bundi,"New Colony, Bundi - RSPCB",25-03-2025 10:00,25.435774,75.644272,NH3,0,0,0
India,Rajasthan,Chittorgarh,"Shastri Nagar, Chittorgarh - RSPCB",25-03-2025 10:00,24.892047,74.623527,PM10,36,425,130
India,Rajasthan,Chittorgarh,"Shastri Nagar, Chittorgarh - RSPCB",25-03-2025 10:00,24.892047,74.623527,NH3,1,30,10
India,Odisha,Brajrajnagar,"GM Office, Brajrajnagar - OSPCB",25-03-2025 10:00,21.8004996,83.8396977,PM10,48,152,89
India,Odisha,Brajrajnagar,"GM Office, Brajrajnagar - OSPCB",25-03-2025 10:00,21.8004996,83.8396977,CO,42,66,50
India,Odisha,Cuttack,"CDA Area, Cuttack - OSPCB",25-03-2025 10:00,20.48891,85.84768,NH3,1,2,2
India,Punjab,Jalandhar,"Civil Line, Jalandhar - PPCB",25-03-2025 10:00,31.321907,75.578914,NH3,4,4,4
India,Odisha,Suakati,"OMC Colony, Suakati - OSPCB",25-03-2025 10:00,21.606865,85.510538,NH3,4,4,4
India,Rajasthan,Hanumangarh,"Housing Board, Hanumangarh - RSPCB",25-03-2025 10:00,29.61075,74.283608,CO,0,0,0
India,Rajasthan,Jaipur,"Adarsh Nagar, Jaipur - RSPCB",25-03-2025 10:00,26.902909,75.836858,NH3,4,18,9
India,Rajasthan,Jaipur,"Mansarovar Sector-12, Jaipur - RSPCB",25-03-2025 10:00,26.843698,75.766894,NO2,9,141,61
India,Rajasthan,Jaipur,"Mansarovar Sector-12, Jaipur - RSPCB",25-03-2025 10:00,26.843698,75.766894,NH3,1,4,3
India,Rajasthan,Jaipur,"Police Commissionerate, Jaipur - RSPCB",25-03-2025 10:00,26.9164092,75.7994901,PM2.5,42,191,90
India,Rajasthan,Jaipur,"Police Commissionerate, Jaipur - RSPCB",25-03-2025 10:00,26.9164092,75.7994901,PM10,69,185,121
India,Rajasthan,Jaipur,"RIICO Sitapura, Jaipur - RSPCB",25-03-2025 10:00,26.786682,75.827928,NO2,19,201,82
India,Rajasthan,Jaipur,"RIICO Sitapura, Jaipur - RSPCB",25-03-2025 10:00,26.786682,75.827928,OZONE,2,177,56
India,Rajasthan,Jalore,"Mudtra Sili, Jalore - RSPCB",25-03-2025 10:00,25.344694,72.626208,PM10,50,308,104
India,Rajasthan,Jalore,"Mudtra Sili, Jalore - RSPCB",25-03-2025 10:00,25.344694,72.626208,NO2,12,76,38
India,Rajasthan,Jhalawar,"Rajlaxmi Nagar, Jhalawar - RSPCB",25-03-2025 10:00,24.588397,76.172782,PM10,40,168,81
India,Rajasthan,Jhalawar,"Rajlaxmi Nagar, Jhalawar - RSPCB",25-03-2025 10:00,24.588397,76.172782,NO2,11,105,38
India,Rajasthan,Jhalawar,"Rajlaxmi Nagar, Jhalawar - RSPCB",25-03-2025 10:00,24.588397,76.172782,CO,36,82,65
India,Rajasthan,Jhunjhunu,"Indra Nagar, Jhunjhunu - RSPCB",25-03-2025 10:00,28.108988,75.386577,CO,11,74,37
India,Rajasthan,Jodhpur,"Jhalamand, Jodhpur - RSPCB",25-03-2025 10:00,26.215415,73.070156,NH3,7,37,19
India,Rajasthan,Jodhpur,"Jhalamand, Jodhpur - RSPCB",25-03-2025 10:00,26.215415,73.070156,OZONE,18,118,47
India,Rajasthan,Jodhpur,"Mandor, Jodhpur - RSPCB",25-03-2025 10:00,26.358805,73.047444,PM10,43,163,94
India,Rajasthan,Jodhpur,"Mandor, Jodhpur - RSPCB",25-03-2025 10:00,26.358805,73.047444,CO,10,69,31
India,Rajasthan,Jodhpur,"Samrat Ashok Udhyan, Jodhpur - RSPCB",25-03-2025 10:00,26.253384,72.976571,NO2,3,85,27
India,Rajasthan,Jodhpur,"Samrat Ashok Udhyan, Jodhpur - RSPCB",25-03-2025 10:00,26.253384,72.976571,CO,10,101,22
India,Rajasthan,Jaipur,"Sector-2 Murlipura, Jaipur - RSPCB",25-03-2025 10:00,26.960669,75.771817,SO2,3,51,11
India,Rajasthan,Jaipur,"Shastri Nagar, Jaipur - RSPCB",25-03-2025 10:00,26.9502929,75.730943,CO,30,117,56
India,Rajasthan,Jaipur,"Shastri Nagar, Jaipur - RSPCB",25-03-2025 10:00,26.9502929,75.730943,OZONE,11,68,42
India,Rajasthan,Jaisalmer,"Sadar Bazar, Jaisalmer - RSPCB",25-03-2025 10:00,26.912329,70.909168,SO2,1,8,4
India,Rajasthan,Dholpur,"Raja Ganj, Dholpur - RSPCB",25-03-2025 10:00,26.699557,77.898881,OZONE,35,110,53
India,Rajasthan,Dungarpur,"Bhoiwada, Dungarpur - RSPCB",25-03-2025 10:00,23.837789,73.714926,NO2,6,64,30
India,Rajasthan,Dungarpur,"Bhoiwada, Dungarpur - RSPCB",25-03-2025 10:00,23.837789,73.714926,OZONE,5,137,34
India,Rajasthan,Hanumangarh,"Housing Board, Hanumangarh - RSPCB",25-03-2025 10:00,29.61075,74.283608,PM10,0,0,0
India,Rajasthan,Karauli,"Satyawati Vihar, Karauli - RSPCB",25-03-2025 10:00,26.506177,77.025989,PM10,40,156,93
India,Rajasthan,Karauli,"Satyawati Vihar, Karauli - RSPCB",25-03-2025 10:00,26.506177,77.025989,CO,12,70,23
India,Rajasthan,Karauli,"Satyawati Vihar, Karauli - RSPCB",25-03-2025 10:00,26.506177,77.025989,OZONE,9,159,43
India,Rajasthan,Kota,"Dhanmandi, Kota - RSPCB",25-03-2025 10:00,25.16409,75.858137,NO2,29,165,81
India,Rajasthan,Nagaur,"Karni Colony, Nagaur - RSPCB",25-03-2025 10:00,27.213494,73.734444,CO,16,110,27
India,Rajasthan,Pratapgarh,"Pragati Nagar, Pratapgarh - RSPCB",25-03-2025 10:00,24.041198,74.780702,NH3,3,4,3
India,Rajasthan,Jodhpur,"Jhalamand, Jodhpur - RSPCB",25-03-2025 10:00,26.215415,73.070156,PM2.5,17,247,72
India,Rajasthan,Rajsamand,"Dhoinda, Rajsamand - RSPCB",25-03-2025 10:00,25.03636,73.883502,NH3,2,36,16
India,TamilNadu,Chennai,"Manali Village, Chennai - TNPCB",25-03-2025 10:00,13.1662,80.2584,OZONE,30,51,38
India,TamilNadu,Chennai,"Manali, Chennai - CPCB",25-03-2025 10:00,13.164544,80.26285,PM2.5,22,55,39
India,TamilNadu,Chennai,"Manali, Chennai - CPCB",25-03-2025 10:00,13.164544,80.26285,PM10,41,112,62
India,TamilNadu,Chennai,"Manali, Chennai - CPCB",25-03-2025 10:00,13.164544,80.26285,CO,29,106,86
India,TamilNadu,Chennai,"Perungudi, Chennai - TNPCB",25-03-2025 10:00,12.9533,80.2357,OZONE,12,21,14
India,TamilNadu,Chennai,"Royapuram, Chennai - TNPCB",25-03-2025 10:00,13.1036,80.2909,NH3,3,5,4
India,TamilNadu,Chennai,"Royapuram, Chennai - TNPCB",25-03-2025 10:00,13.1036,80.2909,CO,18,60,38
India,TamilNadu,Chennai,"Velachery Res. Area, Chennai - CPCB",25-03-2025 10:00,13.0052189,80.2398125,PM10,34,67,50
India,TamilNadu,Madurai,"Uchapatti, Madurai - TNPCB",25-03-2025 10:00,9.865935,78.022669,PM2.5,27,71,42
India,TamilNadu,Madurai,"Uchapatti, Madurai - TNPCB",25-03-2025 10:00,9.865935,78.022669,PM10,35,89,54
India,TamilNadu,Madurai,"Uchapatti, Madurai - TNPCB",25-03-2025 10:00,9.865935,78.022669,NO2,18,19,18
India,TamilNadu,Madurai,"Uchapatti, Madurai - TNPCB",25-03-2025 10:00,9.865935,78.022669,NH3,3,3,3
India,TamilNadu,Nagapattinam,"Velippalayam, Nagapattinam - TNPCB",25-03-2025 10:00,10.798548,79.838212,NH3,2,2,2
India,TamilNadu,Nagapattinam,"Velippalayam, Nagapattinam - TNPCB",25-03-2025 10:00,10.798548,79.838212,SO2,5,10,7
India,TamilNadu,Nagapattinam,"Velippalayam, Nagapattinam - TNPCB",25-03-2025 10:00,10.798548,79.838212,OZONE,26,42,38
India,TamilNadu,Namakkal,"Ponnusamy Nagar, Namakkal - TNPCB",25-03-2025 10:00,11.273992,78.163545,SO2,14,18,16
India,TamilNadu,Dindigul,"Mendonsa Colony, Dindigul - TNPCB",25-03-2025 10:00,10.358535,77.984321,CO,2,38,16
India,TamilNadu,Hosur,"SIPCOT Phase-1, Hosur - TNPCB",25-03-2025 10:00,12.746998,77.813811,CO,18,22,21
India,TamilNadu,Hosur,"SIPCOT Phase-1, Hosur - TNPCB",25-03-2025 10:00,12.746998,77.813811,OZONE,40,44,40
India,TamilNadu,Kanchipuram,"Kilambi, Kanchipuram - TNPCB",25-03-2025 10:00,12.864618,79.659968,NO2,0,0,0
India,TamilNadu,Coimbatore,"PSG College of Arts and Science, Coimbatore - TNPCB",25-03-2025 10:00,11.0328,77.0349,PM10,22,62,38
India,TamilNadu,Coimbatore,"SIDCO Kurichi, Coimbatore - TNPCB",25-03-2025 10:00,10.942451,76.978996,OZONE,6,77,15
India,TamilNadu,Cuddalore,"Kudikadu, Cuddalore - TNPCB",25-03-2025 10:00,11.6829898,79.7532099,OZONE,0,0,0
India,TamilNadu,Chengalpattu,"Crescent University, Chengalpattu - TNPCB",25-03-2025 10:00,12.8777316,80.0834807,OZONE,6,7,7
India,TamilNadu,Chennai,"Kodungaiyur, Chennai - TNPCB",25-03-2025 10:00,13.1278,80.2642,NO2,9,26,13
India,TamilNadu,Chennai,"Manali Village, Chennai - TNPCB",25-03-2025 10:00,13.1662,80.2584,NH3,0,0,0
India,Sikkim,Gangtok,"Zero Point GICI, Gangtok - SSPCB",25-03-2025 10:00,27.33853,88.614099,OZONE,8,76,21
India,TamilNadu,Ariyalur,"Keelapalur, Ariyalur - TNPCB",25-03-2025 10:00,11.06825,79.07033,PM2.5,0,0,0
India,Rajasthan,Tonk,"Shastri Nagar, Tonk - RSPCB",25-03-2025 10:00,26.159933,75.780517,PM2.5,27,150,56
India,Sikkim,Gangtok,"Zero Point GICI, Gangtok - SSPCB",25-03-2025 10:00,27.33853,88.614099,PM10,0,0,0
India,TamilNadu,Palkalaiperur,"Bharathidasan University, Palkalaiperur - TNPCB",25-03-2025 10:00,10.681158,78.741746,PM10,33,60,39
India,TamilNadu,Palkalaiperur,"Bharathidasan University, Palkalaiperur - TNPCB",25-03-2025 10:00,10.681158,78.741746,CO,10,12,10
India,Rajasthan,Sikar,"Radhakishan Pura, Sikar - RSPCB",25-03-2025 10:00,27.608912,75.153302,CO,12,91,22
India,TamilNadu,Thanjavur,"Parisutham Nagar, Thanjavur - TNPCB",25-03-2025 10:00,10.7654824,79.1389968,CO,8,10,8
India,TamilNadu,Thoothukudi,"Meelavittan, Thoothukudi - TNPCB",25-03-2025 10:00,8.816428,78.099039,OZONE,12,22,14
India,TamilNadu,Tiruchirappalli,"St Joseph College, Tiruchirappalli - TNPCB",25-03-2025 10:00,10.830158,78.691849,NO2,10,15,10
India,TamilNadu,Tiruchirappalli,"St Joseph College, Tiruchirappalli - TNPCB",25-03-2025 10:00,10.830158,78.691849,CO,6,12,6
India,TamilNadu,Tirupur,"Kumaran College, Tirupur - TNPCB",25-03-2025 10:00,11.0973603,77.3228673,SO2,2,41,14
India,TamilNadu,Tirupur,"Kumaran College, Tirupur - TNPCB",25-03-2025 10:00,11.0973603,77.3228673,CO,52,80,56
India,Telangana,Hyderabad,"Somajiguda, Hyderabad - TSPCB",25-03-2025 10:00,17.417094,78.457437,NH3,5,5,5
India,Telangana,Hyderabad,"Zoo Park, Hyderabad - TSPCB",25-03-2025 10:00,17.349694,78.451437,PM2.5,124,183,161
India,Telangana,Hyderabad,"Zoo Park, Hyderabad - TSPCB",25-03-2025 10:00,17.349694,78.451437,NH3,3,6,4
India,Tripura,Agartala,"Bardowali, Agartala - Tripura SPCB",25-03-2025 10:00,23.8175497,91.2726974,PM2.5,7,27,18
India,Tripura,Agartala,"Bardowali, Agartala - Tripura SPCB",25-03-2025 10:00,23.8175497,91.2726974,NH3,1,3,2
India,Uttar_Pradesh,Agra,"Manoharpur, Agra - UPPCB",25-03-2025 10:00,27.23711,78.01936,NH3,1,2,2
India,Telangana,Hyderabad,"Kompally Municipal Office, Hyderabad - TSPCB",25-03-2025 10:00,17.544899,78.486949,PM2.5,58,66,64
India,Telangana,Hyderabad,"Kompally Municipal Office, Hyderabad - TSPCB",25-03-2025 10:00,17.544899,78.486949,PM10,62,88,80
India,Telangana,Hyderabad,"Kompally Municipal Office, Hyderabad - TSPCB",25-03-2025 10:00,17.544899,78.486949,CO,14,19,19
India,Telangana,Hyderabad,"Nacharam_TSIIC IALA, Hyderabad - TSPCB",25-03-2025 10:00,17.429398,78.569354,PM2.5,51,58,54
India,Telangana,Hyderabad,"Nacharam_TSIIC IALA, Hyderabad - TSPCB",25-03-2025 10:00,17.429398,78.569354,SO2,12,22,19
India,Telangana,Hyderabad,"New Malakpet, Hyderabad - TSPCB",25-03-2025 10:00,17.37206,78.50864,PM2.5,26,74,44
India,Telangana,Hyderabad,"New Malakpet, Hyderabad - TSPCB",25-03-2025 10:00,17.37206,78.50864,NO2,15,15,15
India,Telangana,Hyderabad,"ICRISAT Patancheru, Hyderabad - TSPCB",25-03-2025 10:00,17.5184,78.278777,NH3,1,4,2
India,Telangana,Hyderabad,"IDA Pashamylaram, Hyderabad - TSPCB",25-03-2025 10:00,17.5316895,78.218939,PM2.5,54,105,74
India,Telangana,Hyderabad,"IDA Pashamylaram, Hyderabad - TSPCB",25-03-2025 10:00,17.5316895,78.218939,OZONE,7,42,9
India,Telangana,Hyderabad,"IITH Kandi, Hyderabad - TSPCB",25-03-2025 10:00,17.585705,78.126199,NO2,13,20,15
India,Telangana,Hyderabad,"IITH Kandi, Hyderabad - TSPCB",25-03-2025 10:00,17.585705,78.126199,CO,25,43,28
India,TamilNadu,Perundurai,"SIPCOT Industrial Park, Perundurai - TNPCB",25-03-2025 10:00,11.258242,77.552761,SO2,20,35,23
India,TamilNadu,Ranipet,"VOC Nagar_SIPCOT, Ranipet - TNPCB",25-03-2025 10:00,12.952707,79.30394,PM10,38,82,50
India,TamilNadu,Ranipet,"VOC Nagar_SIPCOT, Ranipet - TNPCB",25-03-2025 10:00,12.952707,79.30394,OZONE,1,1,1
India,TamilNadu,Salem,"Sona College of Technology, Salem - TNPCB",25-03-2025 10:00,11.679111,78.125052,PM2.5,38,179,74
India,TamilNadu,Salem,"Sona College of Technology, Salem - TNPCB",25-03-2025 10:00,11.679111,78.125052,NO2,12,12,12
India,TamilNadu,Salem,"Sona College of Technology, Salem - TNPCB",25-03-2025 10:00,11.679111,78.125052,SO2,35,37,36
India,TamilNadu,Thanjavur,"Parisutham Nagar, Thanjavur - TNPCB",25-03-2025 10:00,10.7654824,79.1389968,NO2,4,6,5
India,TamilNadu,Thanjavur,"Parisutham Nagar, Thanjavur - TNPCB",25-03-2025 10:00,10.7654824,79.1389968,NH3,2,2,2
India,TamilNadu,Vellore,"Vasanthapuram, Vellore - TNPCB",25-03-2025 10:00,12.909494,79.131861,SO2,15,15,15
India,TamilNadu,Vellore,"Vasanthapuram, Vellore - TNPCB",25-03-2025 10:00,12.909494,79.131861,OZONE,18,53,51
India,Telangana,Hyderabad,"Bollaram Industrial Area, Hyderabad - TSPCB",25-03-2025 10:00,17.540891,78.358528,PM10,0,0,0
India,Telangana,Hyderabad,"Bollaram Industrial Area, Hyderabad - TSPCB",25-03-2025 10:00,17.540891,78.358528,OZONE,47,65,56
India,Telangana,Hyderabad,"Central University, Hyderabad - TSPCB",25-03-2025 10:00,17.460103,78.334361,CO,28,52,35
India,Telangana,Hyderabad,"ECIL Kapra, Hyderabad - TSPCB",25-03-2025 10:00,17.470431,78.566959,NO2,14,30,22
India,Telangana,Hyderabad,"ECIL Kapra, Hyderabad - TSPCB",25-03-2025 10:00,17.470431,78.566959,NH3,7,8,8
India,Telangana,Hyderabad,"Sanathnagar, Hyderabad - TSPCB",25-03-2025 10:00,17.4559458,78.4332152,CO,15,64,56
India,Uttar_Pradesh,Ghaziabad,"Vasundhara, Ghaziabad - UPPCB",25-03-2025 10:00,28.6603346,77.3572563,SO2,2,42,11
India,Uttar_Pradesh,Gorakhpur,"Madan Mohan Malaviya University of Technology, Gorakhpur - UPPCB",25-03-2025 10:00,26.730136,83.433859,SO2,42,43,42
India,Uttar_Pradesh,Gorakhpur,"Madan Mohan Malaviya University of Technology, Gorakhpur - UPPCB",25-03-2025 10:00,26.730136,83.433859,CO,8,10,9
India,Uttar_Pradesh,Greater Noida,"Knowledge Park - III, Greater Noida - UPPCB",25-03-2025 10:00,28.47272,77.482,PM10,48,226,129
India,Uttar_Pradesh,Greater Noida,"Knowledge Park - V, Greater Noida - UPPCB",25-03-2025 10:00,28.557054,77.453663,CO,4,100,48
India,Uttar_Pradesh,Greater Noida,"Knowledge Park - V, Greater Noida - UPPCB",25-03-2025 10:00,28.557054,77.453663,OZONE,3,186,18
India,Uttar_Pradesh,Hapur,"Anand Vihar, Hapur - UPPCB",25-03-2025 10:00,28.725645,77.749675,PM2.5,30,201,112
India,Uttar_Pradesh,Bareilly,"Civil Lines, Bareilly - UPPCB",25-03-2025 10:00,28.359581,79.414455,PM2.5,3,11,6
India,Uttar_Pradesh,Bareilly,"Civil Lines, Bareilly - UPPCB",25-03-2025 10:00,28.359581,79.414455,SO2,73,94,78
India,Uttar_Pradesh,Bareilly,"Rajendra Nagar, Bareilly - UPPCB",25-03-2025 10:00,28.38910936,79.42963708,PM2.5,34,148,83
India,Uttar_Pradesh,Bareilly,"Rajendra Nagar, Bareilly - UPPCB",25-03-2025 10:00,28.38910936,79.42963708,PM10,53,144,103
India,Uttar_Pradesh,Bulandshahr,"Yamunapuram, Bulandshahr - UPPCB",25-03-2025 10:00,28.406963,77.849831,PM10,86,405,223
India,Uttar_Pradesh,Bulandshahr,"Yamunapuram, Bulandshahr - UPPCB",25-03-2025 10:00,28.406963,77.849831,SO2,5,90,26
India,Uttar_Pradesh,Firozabad,"Nagla Bhau, Firozabad - UPPCB",25-03-2025 10:00,27.168897,78.37696,CO,15,24,22
India,Uttar_Pradesh,Firozabad,"Vibhab Nagar, Firozabad - UPPCB",25-03-2025 10:00,27.1594,78.3953,OZONE,2,4,2
India,Uttar_Pradesh,Ghaziabad,"Indirapuram, Ghaziabad - UPPCB",25-03-2025 10:00,28.646233,77.358075,PM10,109,441,246
India,Uttar_Pradesh,Ghaziabad,"Loni, Ghaziabad - UPPCB",25-03-2025 10:00,28.757294,77.278792,SO2,1,94,37
India,Uttar_Pradesh,Ghaziabad,"Loni, Ghaziabad - UPPCB",25-03-2025 10:00,28.757294,77.278792,CO,4,103,86
India,Uttar_Pradesh,Ghaziabad,"Sanjay Nagar, Ghaziabad - UPPCB",25-03-2025 10:00,28.685382,77.453839,SO2,14,116,36
India,Uttar_Pradesh,Ghaziabad,"Sanjay Nagar, Ghaziabad - UPPCB",25-03-2025 10:00,28.685382,77.453839,CO,14,107,63
India,Uttar_Pradesh,Ghaziabad,"Sanjay Nagar, Ghaziabad - UPPCB",25-03-2025 10:00,28.685382,77.453839,OZONE,10,177,24
India,Uttar_Pradesh,Agra,"Sector-3B Avas Vikas Colony, Agra - UPPCB",25-03-2025 10:00,27.19412,77.96237,CO,18,52,31
India,Uttar_Pradesh,Agra,"Sector-3B Avas Vikas Colony, Agra - UPPCB",25-03-2025 10:00,27.19412,77.96237,OZONE,2,5,2
India,Uttar_Pradesh,Agra,"Shahjahan Garden, Agra - UPPCB",25-03-2025 10:00,27.169338,78.03582,NH3,1,1,1
India,Uttar_Pradesh,Agra,"Shahjahan Garden, Agra - UPPCB",25-03-2025 10:00,27.169338,78.03582,SO2,31,47,38
India,Uttar_Pradesh,Kanpur,"NSI Kalyanpur, Kanpur - UPPCB",25-03-2025 10:00,26.509954,80.249612,NO2,23,24,24
India,Uttar_Pradesh,Kanpur,"NSI Kalyanpur, Kanpur - UPPCB",25-03-2025 10:00,26.509954,80.249612,SO2,24,83,67
India,Uttar_Pradesh,Kanpur,"Nehru Nagar, Kanpur - UPPCB",25-03-2025 10:00,26.4703136,80.3229863,PM2.5,42,323,113
India,Uttar_Pradesh,Kanpur,"Nehru Nagar, Kanpur - UPPCB",25-03-2025 10:00,26.4703136,80.3229863,PM10,38,184,84
India,Uttar_Pradesh,Lucknow,"B R Ambedkar University, Lucknow - UPPCB",25-03-2025 10:00,26.766433,80.927299,SO2,33,51,38
India,Uttar_Pradesh,Lucknow,"B R Ambedkar University, Lucknow - UPPCB",25-03-2025 10:00,26.766433,80.927299,CO,14,50,37
India,Uttar_Pradesh,Lucknow,"Kendriya Vidyalaya, Lucknow - CPCB",25-03-2025 10:00,26.906111,80.948222,SO2,3,29,16
India,Uttar_Pradesh,Agra,"Manoharpur, Agra - UPPCB",25-03-2025 10:00,27.23711,78.01936,SO2,5,9,7
India,Uttar_Pradesh,Agra,"Manoharpur, Agra - UPPCB",25-03-2025 10:00,27.23711,78.01936,CO,5,22,18
India,Uttar_Pradesh,Agra,"Rohta, Agra - UPPCB",25-03-2025 10:00,27.106972,78.000111,PM2.5,10,182,77
India,Uttar_Pradesh,Jhansi,"Shivaji Nagar, Jhansi - UPPCB",25-03-2025 10:00,25.4547,78.6039,SO2,29,40,34
India,Uttar_Pradesh,Kanpur,"FTI Kidwai Nagar, Kanpur - UPPCB",25-03-2025 10:00,26.428282,80.327067,PM2.5,70,301,148
India,Uttar_Pradesh,Agra,"Shastripuram, Agra - UPPCB",25-03-2025 10:00,27.19862,77.92066,SO2,18,21,19
India,Uttar_Pradesh,Noida,"Sector-116, Noida - UPPCB",25-03-2025 10:00,28.56923,77.393848,OZONE,3,252,4
India,Uttar_Pradesh,Prayagraj,"Jhunsi, Prayagraj - UPPCB",25-03-2025 10:00,25.425602,81.917152,CO,6,60,44
India,Uttar_Pradesh,Prayagraj,"Motilal Nehru NIT, Prayagraj - UPPCB",25-03-2025 10:00,25.494,81.863,PM2.5,33,201,95
India,Uttar_Pradesh,Prayagraj,"Motilal Nehru NIT, Prayagraj - UPPCB",25-03-2025 10:00,25.494,81.863,CO,14,44,38
India,Uttar_Pradesh,Prayagraj,"Nagar Nigam, Prayagraj - UPPCB",25-03-2025 10:00,25.44919916,81.82735986,SO2,0,0,0
India,Uttar_Pradesh,Prayagraj,"Nagar Nigam, Prayagraj - UPPCB",25-03-2025 10:00,25.44919916,81.82735986,OZONE,12,13,12
India,Uttar_Pradesh,Varanasi,"Ardhali Bazar, Varanasi - UPPCB",25-03-2025 10:00,25.3505986,82.9083074,PM10,22,140,83
India,Uttar_Pradesh,Moradabad,"Employment Office, Moradabad - UPPCB",25-03-2025 10:00,28.88528,78.7388,OZONE,10,72,10
India,Uttar_Pradesh,Moradabad,"Jigar Colony, Moradabad - UPPCB",25-03-2025 10:00,28.856664,78.772638,PM2.5,35,118,65
India,Uttar_Pradesh,Moradabad,"Jigar Colony, Moradabad - UPPCB",25-03-2025 10:00,28.856664,78.772638,PM10,52,125,86
India,Uttar_Pradesh,Moradabad,"Jigar Colony, Moradabad - UPPCB",25-03-2025 10:00,28.856664,78.772638,SO2,34,65,46
India,Uttar_Pradesh,Moradabad,"Kashiram Nagar, Moradabad - UPPCB",25-03-2025 10:00,28.849399,78.742362,NH3,4,4,4
India,Uttar_Pradesh,Moradabad,"Kashiram Nagar, Moradabad - UPPCB",25-03-2025 10:00,28.849399,78.742362,CO,24,52,45
India,Uttarakhand,Dehradun,"Doon University, Dehradun - UKPCB",25-03-2025 10:00,30.269444,78.044167,CO,72,90,81
India,Uttarakhand,Kashipur,"Govt. Girls Inter College, Kashipur - UKPCB",25-03-2025 10:00,29.2124114,78.9611753,NH3,3,7,5
India,Uttarakhand,Kashipur,"Govt. Girls Inter College, Kashipur - UKPCB",25-03-2025 10:00,29.2124114,78.9611753,OZONE,13,79,32
India,Uttarakhand,Rishikesh,"Shivaji Nagar, Rishikesh - UKPCB",25-03-2025 10:00,30.075911,78.2859547,PM10,0,0,0
India,Uttarakhand,Rishikesh,"Shivaji Nagar, Rishikesh - UKPCB",25-03-2025 10:00,30.075911,78.2859547,SO2,0,0,0
India,Uttar_Pradesh,Muzaffarnagar,"New Mandi, Muzaffarnagar - UPPCB",25-03-2025 10:00,29.4723508,77.7194031,CO,38,84,68
India,Uttar_Pradesh,Noida,"Sector - 125, Noida - UPPCB",25-03-2025 10:00,28.5447608,77.3231257,PM10,54,310,141
India,Uttar_Pradesh,Noida,"Sector - 125, Noida - UPPCB",25-03-2025 10:00,28.5447608,77.3231257,CO,5,119,64
India,Uttar_Pradesh,Noida,"Sector-1, Noida - UPPCB",25-03-2025 10:00,28.5898,77.3101,PM10,22,131,77
India,Uttar_Pradesh,Noida,"Sector-1, Noida - UPPCB",25-03-2025 10:00,28.5898,77.3101,OZONE,6,185,30
India,Uttar_Pradesh,Meerut,"Jai Bhim Nagar, Meerut - UPPCB",25-03-2025 10:00,28.9535882,77.7622941,PM10,74,250,139
India,Uttar_Pradesh,Meerut,"Jai Bhim Nagar, Meerut - UPPCB",25-03-2025 10:00,28.9535882,77.7622941,CO,20,85,69
India,Uttar_Pradesh,Meerut,"Pallavpuram Phase 2, Meerut - UPPCB",25-03-2025 10:00,29.06351,77.709723,PM10,98,229,156
India,Uttar_Pradesh,Meerut,"Pallavpuram Phase 2, Meerut - UPPCB",25-03-2025 10:00,29.06351,77.709723,NH3,13,24,18
India,Uttar_Pradesh,Meerut,"Pallavpuram Phase 2, Meerut - UPPCB",25-03-2025 10:00,29.06351,77.709723,SO2,16,72,30
India,Uttar_Pradesh,Lucknow,"Kukrail Picnic Spot-1, Lucknow - UPPCB",25-03-2025 10:00,26.90723,80.98579,OZONE,12,72,21
India,Uttar_Pradesh,Lucknow,"Talkatora District Industries Center, Lucknow - CPCB",25-03-2025 10:00,26.83399722,80.8917361,PM2.5,10,362,221
India,Uttar_Pradesh,Lucknow,"Talkatora District Industries Center, Lucknow - CPCB",25-03-2025 10:00,26.83399722,80.8917361,NO2,25,51,36
India,Uttar_Pradesh,Lucknow,"Talkatora District Industries Center, Lucknow - CPCB",25-03-2025 10:00,26.83399722,80.8917361,CO,10,56,24
India,West_Bengal,Asansol,"Mahabir Colliery, Asansol - WBPCB",25-03-2025 10:00,23.618183,87.105718,SO2,12,61,33
India,Uttar_Pradesh,Varanasi,"Bhelupur, Varanasi - UPPCB",25-03-2025 10:00,25.301778,82.996789,PM10,53,192,116
India,Uttar_Pradesh,Varanasi,"Maldahiya, Varanasi - UPPCB",25-03-2025 10:00,25.32393,82.99687,PM10,37,174,107
India,West_Bengal,Durgapur,"Mahishkapur Road_B-Zone, Durgapur - WBPCB",25-03-2025 10:00,23.567923,87.306843,OZONE,10,253,79
India,West_Bengal,Durgapur,"PCBL Residential Complex, Durgapur - WBPCB",25-03-2025 10:00,23.508764,87.35444,CO,0,0,0
India,West_Bengal,Haldia,"Priyambada Housing Estate, Haldia - WBPCB",25-03-2025 10:00,22.06047,88.109737,PM2.5,26,133,67
India,West_Bengal,Haldia,"Priyambada Housing Estate, Haldia - WBPCB",25-03-2025 10:00,22.06047,88.109737,NH3,6,8,6
India,West_Bengal,Howrah,"Belur Math, Howrah - WBPCB",25-03-2025 10:00,22.629801,88.352017,CO,2,56,22
India,West_Bengal,Howrah,"Belur Math, Howrah - WBPCB",25-03-2025 10:00,22.629801,88.352017,OZONE,10,95,22
India,West_Bengal,Howrah,"Botanical Garden, Howrah - WBPCB",25-03-2025 10:00,22.554954,88.292568,NO2,8,20,14
India,West_Bengal,Howrah,"Botanical Garden, Howrah - WBPCB",25-03-2025 10:00,22.554954,88.292568,NH3,1,2,1
India,West_Bengal,Howrah,"Dasnagar, Howrah - WBPCB",25-03-2025 10:00,22.6025571,88.3105664,PM10,104,333,190
India,West_Bengal,Howrah,"Dasnagar, Howrah - WBPCB",25-03-2025 10:00,22.6025571,88.3105664,CO,69,129,98
India,West_Bengal,Howrah,"Ghusuri, Howrah - WBPCB",25-03-2025 10:00,22.611968,88.347422,NH3,5,6,6
India,West_Bengal,Howrah,"Ghusuri, Howrah - WBPCB",25-03-2025 10:00,22.611968,88.347422,CO,4,97,55
India,West_Bengal,Howrah,"Padmapukur, Howrah - WBPCB",25-03-2025 10:00,22.5687319,88.2797276,PM10,15,183,130
India,West_Bengal,Kolkata,"Ballygunge, Kolkata - WBPCB",25-03-2025 10:00,22.5367507,88.3638022,SO2,5,70,18
India,West_Bengal,Kolkata,"Ballygunge, Kolkata - WBPCB",25-03-2025 10:00,22.5367507,88.3638022,CO,36,102,65
India,West_Bengal,Kolkata,"Ballygunge, Kolkata - WBPCB",25-03-2025 10:00,22.5367507,88.3638022,OZONE,7,69,21
India,West_Bengal,Kolkata,"Jadavpur, Kolkata - WBPCB",25-03-2025 10:00,22.49929,88.36917,PM10,99,200,136
India,West_Bengal,Kolkata,"Jadavpur, Kolkata - WBPCB",25-03-2025 10:00,22.49929,88.36917,CO,22,107,53
India,West_Bengal,Kolkata,"Rabindra Bharati University, Kolkata - WBPCB",25-03-2025 10:00,22.627847,88.380669,PM10,76,143,108
India,West_Bengal,Kolkata,"Rabindra Bharati University, Kolkata - WBPCB",25-03-2025 10:00,22.627847,88.380669,NO2,21,63,37
India,West_Bengal,Kolkata,"Rabindra Bharati University, Kolkata - WBPCB",25-03-2025 10:00,22.627847,88.380669,CO,26,62,44
India,West_Bengal,Kolkata,"Rabindra Sarobar, Kolkata - WBPCB",25-03-2025 10:00,22.51106,88.35142,CO,20,74,35
India,West_Bengal,Kolkata,"Victoria, Kolkata - WBPCB",25-03-2025 10:00,22.5448082,88.3403691,PM10,100,170,128
India,West_Bengal,Siliguri,"Ward-32 Bapupara, Siliguri - WBPCB",25-03-2025 10:00,26.6879226,88.4152495,PM10,21,182,85
